-- phpMyAdmin SQL Dump
-- version 5.2.0
-- https://www.phpmyadmin.net/
--
-- Máy chủ: 127.0.0.1
-- Thời gian đã tạo: Th4 22, 2023 lúc 07:58 AM
-- Phiên bản máy phục vụ: 10.4.27-MariaDB
-- Phiên bản PHP: 8.0.25

SET SQL_MODE = "NO_AUTO_VALUE_ON_ZERO";
START TRANSACTION;
SET time_zone = "+00:00";


/*!40101 SET @OLD_CHARACTER_SET_CLIENT=@@CHARACTER_SET_CLIENT */;
/*!40101 SET @OLD_CHARACTER_SET_RESULTS=@@CHARACTER_SET_RESULTS */;
/*!40101 SET @OLD_COLLATION_CONNECTION=@@COLLATION_CONNECTION */;
/*!40101 SET NAMES utf8mb4 */;

--
-- Cơ sở dữ liệu: `dbmovie`
--
CREATE DATABASE IF NOT EXISTS `dbmovie` DEFAULT CHARACTER SET utf8mb4 COLLATE utf8mb4_general_ci;
USE `dbmovie`;

-- --------------------------------------------------------

--
-- Cấu trúc bảng cho bảng `account`
--

CREATE TABLE `account` (
  `id` char(11) NOT NULL,
  `email` varchar(50) NOT NULL,
  `password` varchar(50) NOT NULL,
  `role_id` char(11) NOT NULL
) ENGINE=InnoDB DEFAULT CHARSET=utf8mb4 COLLATE=utf8mb4_general_ci;

--
-- Đang đổ dữ liệu cho bảng `account`
--

INSERT INTO `account` (`id`, `email`, `password`, `role_id`) VALUES
('AC1', 'mriostimothy@example.net', 'IQtw695iV%', '1'),
('AC10', 'ymejia@example.org', '@FaULd#l*6', '1'),
('AC100', 'dformbyu@illinois.edu', 'sl5TTV6aLQ', '1'),
('AC101', 'mcreerv@networkadvertising.org', 'hkdDEB7gTa', '1'),
('AC102', 'adew@nsw.gov.au', 'WvItjmCjCI', '1'),
('AC103', 'ngormanx@issuu.com', '4J7cvLHx', '1'),
('AC104', 'kmossbeey@independent.co.uk', 'afpueEs1uj8', '1'),
('AC105', 'cpriddenz@netvibes.com', 'VL7VcemzI', '1'),
('AC106', 'bmoyler10@spotify.com', 'mCWgxWC', '1'),
('AC107', 'adesson11@ihg.com', 'Q5hY9Tbfpk', '1'),
('AC108', 'kdeplacido12@xrea.com', 'ntxgWEp', '1'),
('AC109', 'frushsorth13@ftc.gov', 'nQfkuFgqV1', '1'),
('AC11', 'michael61@example.net', 'w),F7c4DgIp', '1'),
('AC110', 'gdurnian14@over-blog.com', 'CEi54uQeDUdk', '1'),
('AC111', 'mdalzell15@epa.gov', 'ujQSPYFn', '1'),
('AC112', 'edipple16@godaddy.com', 'GP3fmqTuQ', '1'),
('AC113', 'rwemm17@digg.com', 'GT04jeo', '1'),
('AC114', 'jhumber18@opera.com', 'nrJDeHUtx', '1'),
('AC115', 'hshillom19@gmpg.org', 'nFp1lt', '1'),
('AC116', 'cchattelaine1a@yale.edu', '3SUBHRU', '1'),
('AC117', 'ebickers1b@delicious.com', 'YveYlGK', '1'),
('AC118', 'hduffyn1c@vimeo.com', 'dJ5idOdp', '1'),
('AC119', 'nmilburne1d@oaic.gov.au', '4dbOBFhZhXX', '1'),
('AC12', 'bautistabilly@example.net', 'ra#y0pUrgR', '1'),
('AC120', 'ginsall1e@merriam-webster.com', 'zANe7bAF7j', '1'),
('AC121', 'nhurn1f@fotki.com', '1LwJRi72', '1'),
('AC122', 'fpiel1g@deviantart.com', 'XnRZumsz', '1'),
('AC123', 'egartell1h@newyorker.com', 'eD8YrM2isw', '1'),
('AC124', 'bimison1i@4shared.com', 'vQIW7QXCqk', '1'),
('AC125', 'qtures1j@twitpic.com', 'GfDklA6', '1'),
('AC126', 'cpowdrill1k@youtu.be', 'dovjfVGxazD', '1'),
('AC127', 'srodgerson1l@google.nl', '9WgHLvNkrpwM', '1'),
('AC128', 'dchyuerton1m@nasa.gov', 'k7ciRKRfBk', '1'),
('AC129', 'ndrivers1n@globo.com', 'bfLM1F', '1'),
('AC13', 'deborahbrooks@example.com', 'o7TMqggG!X', '1'),
('AC130', 'smiddis1o@desdev.cn', 'xsgRCQzfWXe', '1'),
('AC131', 'adingwall1p@ask.com', 'ON3WbF740uYc', '1'),
('AC132', 'dde1q@usgs.gov', '9zEKx7OotxJI', '1'),
('AC133', 'edoneld1r@usgs.gov', 'Yww7Tpnj0H', '1'),
('AC134', 'amccarrison1s@engadget.com', 'CTwHmR', '1'),
('AC135', 'qcopeland1t@nih.gov', 'TNPxepFO1', '1'),
('AC136', 'ephilpots1u@bing.com', 'jyVs8KXi', '1'),
('AC137', 'imullaly1v@sogou.com', 'wF7ZFKE', '1'),
('AC138', 'aewers1w@unc.edu', 'G2CcKsVC', '1'),
('AC139', 'ecowey1x@free.fr', 'vO4MBWt', '1'),
('AC14', 'kellertammy@example.net', '&8ZZnmU+),I', '1'),
('AC140', 'mheenan1y@edublogs.org', 'obJkf36', '1'),
('AC141', 'nhaycroft1z@4shared.com', 'EYS9U9ZBRqwV', '1'),
('AC142', 'dcalwell20@jiathis.com', 'gFbIka', '1'),
('AC143', 'wmarikhin21@theglobeandmail.com', 'OR8RInJvw', '1'),
('AC144', 'dhouson22@who.int', 'A5E3RpJ0dtX', '1'),
('AC145', 'shammersley23@bizjournals.com', 'hd2aOp', '1'),
('AC146', 'mseyfart24@weather.com', 'kek8LVsT6', '1'),
('AC147', 'fmcfall25@va.gov', 'R8cv50c3CetI', '1'),
('AC148', 'lolivelli26@youtu.be', 'p3VYJcxAd', '1'),
('AC149', 'kgalletley27@princeton.edu', 'OdAoDY', '1'),
('AC15', 'ryancameron@example.org', 'CNSp7PxAi+', '1'),
('AC150', 'jbiffen28@spiegel.de', 'GIAaVLKDvT1', '1'),
('AC151', 'kilem29@usgs.gov', 'dYR8QYSxJf', '1'),
('AC152', 'jbradnum2a@wikispaces.com', 'Bh2CI1', '1'),
('AC153', 'dhincks2b@jalbum.net', 'AZL3HOCgYMwg', '1'),
('AC154', 'semmett2c@amazon.com', 'YlXDnuo1', '1'),
('AC155', 'tasple2d@so-net.ne.jp', 'WNp9N0InG0', '1'),
('AC156', 'mst2e@intel.com', '7sgSD8W7pQ0', '1'),
('AC157', 'aboards2f@people.com.cn', 'ivNdlbudwvT', '1'),
('AC158', 'jovens2g@delicious.com', 'i6oG3lC', '1'),
('AC159', 'rdenisyev2h@miitbeian.gov.cn', 'VN02BoR31', '1'),
('AC16', 'tanner77@example.org', '83Hsnapy#g', '1'),
('AC160', 'spinar2i@intel.com', 'zl4bhPEVjoh', '1'),
('AC161', 'kbroschek2j@eepurl.com', 'ILQSlob6a', '1'),
('AC162', 'cwhorf2k@ca.gov', '7IpS6B', '1'),
('AC163', 'jricciardiello2l@wufoo.com', 'dByMW9f', '1'),
('AC164', 'rmartonfi2m@craigslist.org', 'YxypGBeu', '1'),
('AC165', 'mwhiteside2n@umn.edu', 'fXaQE6CepW', '1'),
('AC166', 'sschurig2o@t-online.de', 'YCQf5Ts', '1'),
('AC167', 'aschutter2p@dyndns.org', 'LKrvQaNTMOf7', '1'),
('AC168', 'rpassion2q@unesco.org', 'mOVjXUfcdBL', '1'),
('AC169', 'akienzle2r@tripod.com', 'wArD9yojm', '1'),
('AC17', 'bjordan@example.org', 'FU0*QF!dz_', '1'),
('AC18', 'ymartinez@example.net', '#NAME?', '1'),
('AC19', 'hollowaychristopher@example.org', '(Y0Ttq+fu+', '1'),
('AC2', 'kmitchell@example.org', 'U%4e2GCd3R', '1'),
('AC20', 'james96@example.com', 'yT*5LPtn@n', '1'),
('AC21', 'hillomar@example.net', 'VXi%73IfF+', '1'),
('AC22', 'gabrielalee@example.org', '),QpX*zBsv6', '1'),
('AC23', 'jennifer92@example.org', '$5L*r7AcZs', '1'),
('AC24', 'robert69@example.com', 'NT6x5Xkx(E', '1'),
('AC25', 'bobby89@example.net', '*N9#RCvm^o', '1'),
('AC3', 'zacharymills@example.com', '5+ndG38y&O', '1'),
('AC4', 'maryjenkins@example.com', '_6uMATxBj4', '1'),
('AC61', 'admin', '123456', '2'),
('AC7', 'bakerelizabeth@example.com', 'fw6+Ipb61@', '1'),
('AC70', 'rstannas0@ameblo.jp', 'QAVqUrjN6I', '1'),
('AC71', 'vshelmerdine1@e-recht24.de', 'fx50LvcDKS4q', '1'),
('AC72', 'acaddies2@jugem.jp', 'inFb5SWXL', '1'),
('AC73', 'lmcgourty3@phoca.cz', 'xOafxI2Tysjq', '1'),
('AC74', 'nkendall4@google.ca', '6Cjt03FNva', '1'),
('AC75', 'ncorragan5@independent.co.uk', 'YkW3Gm7y1Q', '1'),
('AC76', 'pferrari6@usgs.gov', 'BiOQLbI6', '1'),
('AC77', 'mcosslett7@technorati.com', 'yGh8AxsmB', '1'),
('AC78', 'pstapels8@ucoz.ru', 'dMHuFKDH12hN', '1'),
('AC79', 'cmckinna9@icio.us', '4pBTdCja2Vpr', '1'),
('AC8', 'ashley79@example.net', '#I*z3!Wmu*', '1'),
('AC80', 'lsaffilla@domainmarket.com', 'WReZLsdroQ', '1'),
('AC81', 'ldeb@npr.org', 'MbRmWKAVvG', '1'),
('AC82', 'rmenpesc@ask.com', 'YrNxk2GG', '1'),
('AC83', 'rrallingd@nasa.gov', '6fosGF3', '1'),
('AC84', 'cscullione@lycos.com', 'zcAAmBcNHV', '1'),
('AC85', 'emcgeaneyf@independent.co.uk', 'qvpVNdiSsS', '1'),
('AC86', 'kborrottg@symantec.com', 'veMRh5j', '1'),
('AC87', 'msherah@jugem.jp', '7rnubm2uJ', '1'),
('AC88', 'dcarvili@boston.com', 'MuH6M2sHqklI', '1'),
('AC89', 'bdoultonj@parallels.com', '0rdV8Dcwenb', '1'),
('AC9', 'shieldstanner@example.org', '^5(QfVlBF6', '1'),
('AC90', 'smeakingk@deliciousdays.com', 'V8BDAuQ', '1'),
('AC91', 'ddorninl@flavors.me', 'yEhnFBbOBI5I', '1'),
('AC92', 'rkydm@kickstarter.com', 'SPMd93HyL', '1'),
('AC93', 'rdogn@nsw.gov.au', 'sp2cVDppEq', '1'),
('AC94', 'vzwickero@de.vu', 'yaoSkztHFriH', '1'),
('AC95', 'emaidstonep@is.gd', 'FP6PLrDDKH0L', '1'),
('AC96', 'drushbrookeq@gizmodo.com', 'rjrNe9', '1'),
('AC97', 'tkimbler@woothemes.com', 'a9RW3m0u', '1'),
('AC98', 'snobles@deviantart.com', 'wajuC1R', '1'),
('AC99', 'gsufft@geocities.jp', 'CRNtd6kn55', '1');

-- --------------------------------------------------------

--
-- Cấu trúc bảng cho bảng `actorof_movie`
--

CREATE TABLE `actorof_movie` (
  `ActorID` char(11) NOT NULL,
  `NameActor` varchar(50) NOT NULL,
  `MovieID` char(11) NOT NULL
) ENGINE=InnoDB DEFAULT CHARSET=utf8mb4 COLLATE=utf8mb4_general_ci;

--
-- Đang đổ dữ liệu cho bảng `actorof_movie`
--

INSERT INTO `actorof_movie` (`ActorID`, `NameActor`, `MovieID`) VALUES
('A100', 'Trung DŨng', 'M28'),
('A101', 'Tiến Luật', 'M29'),
('A102', 'Thu Trang', 'M29'),
('A103', 'Thái Hòa', 'M29'),
('A104', 'Aleksandr Gavrilin', 'M30'),
('A105', 'Polina Gagarina', 'M30'),
('A106', 'Anton Eldarov', 'M30'),
('A107', 'Bradley Cooper', 'M31'),
('A108', 'Vin Diesel', 'M31'),
('A109', 'Karen Gillan', 'M31'),
('A11', 'Hoàng Oanh', 'M5'),
('A110', 'Zoe Saldana', 'M31'),
('A111', 'Dave Bautista', 'M31'),
('A112', 'Antony Starr', 'M32'),
('A113', 'Alexander Ludwig', 'M32'),
('A114', 'Jake Gyllenhaal', 'M32'),
('A115', 'Yoem Hye Ran', 'M33'),
('A116', 'Lee Yi Kyung', 'M33'),
('A117', 'Park Sung Woong', 'M33'),
('A118', 'Penelope Sangiorgi', 'M24'),
('A119', 'Lucia Caporaso', 'M24'),
('A12', 'Lê Khánh', 'M5'),
('A13', 'Ngọc Phước', 'M5'),
('A14', 'Franco Neno', 'M1'),
('A15', 'Russell Crowe', 'M1'),
('A16', 'Joen So Nee', 'M6'),
('A17', 'Kim Da Mi', 'M6'),
('A18', 'Zachary Levi', 'M7'),
('A19', 'Helen Mirren', 'M7'),
('A20', 'Rachel Zegler', 'M7'),
('A21', 'Lucy Liu', 'M7'),
('A22', 'Ben Affleck', 'M8'),
('A23', 'Matt Damon', 'M8'),
('A24', 'Jason Baterman', 'M8'),
('A25', 'Nicolas Cage', 'M9'),
('A26', 'Nicholas Hoult', 'M9'),
('A27', 'Awkwafina', 'M9'),
('A28', 'Thitiya Jirapornsilp', 'M10'),
('A29', 'Anthony Buisseret', 'M10'),
('A3', 'Hokuto Matsumura', 'M3'),
('A30', 'Sam Neill', 'M11'),
('A31', 'Henry Golding', 'M11'),
('A32', 'Noomi Rapace', 'M11'),
('A33', 'Mạc Văn Khoa', 'M12'),
('A34', 'Anh Tú', 'M12'),
('A35', 'Yagi Yusei', 'M13'),
('A36', 'Hagiwara Riku', 'M13'),
('A37', 'Tom Millen', 'M14'),
('A38', 'Rebecca Philipson', 'M14'),
('A39', 'Michaela Longden', 'M14'),
('A4', 'NanoKa Hara', 'M3'),
('A40', 'Yoshiaki Hasegawa', 'M15'),
('A41', 'Masaya Fukunishi', 'M15'),
('A42', 'Hoki Katsuhisa', 'M15'),
('A43', 'Russell Crowe', 'M1'),
('A44', 'Lâm Bách Hồng', 'M2'),
('A45', 'Hứa Quang Hán', 'M2'),
('A46', 'Chris Pratt', 'M16'),
('A47', 'Jack Black', 'M16'),
('A48', 'Keegan-Michael Key', 'M16'),
('A49', 'Mỹ Tâm', 'M17'),
('A5', 'Evie Feroz', 'M4'),
('A50', 'Chris Pine', 'M18'),
('A51', 'Mayte Michelle Rodrisguez', 'M18'),
('A52', 'Antonio Banderas', 'M20'),
('A53', 'Harrison Ford', 'M20'),
('A54', 'Mads Mikkelsen', 'M20'),
('A55', 'Simu Liu', 'M21'),
('A56', 'Emma Mackey', 'M21'),
('A57', 'Ryan Gosling', 'M21'),
('A58', 'Margot Robbie', 'M21'),
('A59', 'Xolo Mariduena', 'M22'),
('A6', 'Ikamal Amry', 'M4'),
('A60', 'Bruna Marquezine', 'M22'),
('A61', 'George Lopez', 'M22'),
('A62', 'Anna Kendrick', 'M23'),
('A63', 'Zooey Deschanel', 'M23'),
('A64', 'Daveed Diggs', 'M23'),
('A65', 'Ron Perlman', 'M24'),
('A66', 'Dominique Fishback', 'M24'),
('A67', 'Dương Tử Quỳnh', 'M24'),
('A68', 'Ben Affleck', 'M25'),
('A69', 'Ezra', 'M25'),
('A7', 'Amelia Henderson', 'M4'),
('A70', 'Miller', 'M25'),
('A71', 'Mamoudou Athie', 'M26'),
('A72', 'Leah Lewis', 'M26'),
('A73', 'Wendi McLendon-Covey', 'M26'),
('A74', 'Ebon Moss-Bachrach', 'M27'),
('A75', 'Natalie Morales', 'M27'),
('A76', 'Jennifer Lawrence', 'M27'),
('A77', 'Hellen Mirren', 'M25'),
('A78', 'Scott Eastwood', 'M25'),
('A79', 'Vin Diesel', 'M25'),
('A8', 'Alif Satar', 'M4'),
('A80', 'Jason Momoa', 'M25'),
('A81', 'Charlize Theron', 'M25'),
('A82', 'Brie Larson', 'M25'),
('A83', 'Jason Statham', 'M25'),
('A84', 'Jonah Hauer-King', 'M26'),
('A85', 'William Moseley', 'M26'),
('A86', 'Poppy Drayton', 'M26'),
('A87', 'Melissa McCarthy', 'M26'),
('A88', 'Hallen Bailey', 'M26'),
('A89', 'Sophie Thompson', 'M1'),
('A9', 'Hứa Văn Vĩ', 'M5'),
('A90', 'Taliyah Blair', 'M1'),
('A91', 'Riann Steele', 'M1'),
('A92', 'Justin K. Thompson', 'M7'),
('A93', 'Kemp Powers', 'M7'),
('A94', 'Joaquim Dos Santos', 'M7'),
('A95', 'Hoàng Mèo', 'M28'),
('A96', 'Trần Kim Hải', 'M28'),
('A97', 'Thanh Thức', 'M28'),
('A98', 'Huy Khánh', 'M28'),
('A99', 'Quốc Cường', 'M28');

-- --------------------------------------------------------

--
-- Cấu trúc bảng cho bảng `booking`
--

CREATE TABLE `booking` (
  `BookingID` char(11) NOT NULL,
  `NumberOfTickets` int(11) NOT NULL,
  `TotalPrice` float NOT NULL,
  `BookingTime` datetime NOT NULL,
  `Voucher` char(50) DEFAULT NULL,
  `customer_id` char(11) NOT NULL,
  `status` int(4) NOT NULL
) ENGINE=InnoDB DEFAULT CHARSET=utf8mb4 COLLATE=utf8mb4_general_ci;

--
-- Đang đổ dữ liệu cho bảng `booking`
--

INSERT INTO `booking` (`BookingID`, `NumberOfTickets`, `TotalPrice`, `BookingTime`, `Voucher`, `customer_id`, `status`) VALUES
('100', 2, 160000, '2023-01-27 15:16:19', '', 'C52', 1),
('1000', 2, 160000, '2022-11-24 20:30:43', '', 'C91', 1),
('1001', 2, 220000, '2023-03-25 12:09:32', '', 'C93', 1),
('1002', 2, 200000, '2023-03-28 20:33:46', '', 'C121', 1),
('1003', 2, 200000, '2023-02-15 20:46:49', '', 'C49', 1),
('1004', 2, 160000, '2023-01-13 02:07:36', '', 'C46', 1),
('1005', 2, 180000, '2023-04-04 14:53:11', '', 'C99', 1),
('1006', 2, 160000, '2023-01-14 16:00:15', '', 'C24', 1),
('1007', 2, 200000, '2023-03-20 01:41:08', '', 'C95', 1),
('1008', 2, 220000, '2022-12-23 06:49:46', '', 'C54', 1),
('1009', 2, 180000, '2023-01-16 01:32:07', '', 'C60', 1),
('101', 2, 180000, '2023-01-17 06:57:48', '', 'C12', 1),
('1010', 2, 220000, '2023-04-03 22:34:31', '', 'C53', 1),
('1011', 2, 180000, '2023-02-11 19:40:06', '', 'C53', 1),
('1012', 2, 180000, '2023-01-15 18:48:35', '', 'C39', 1),
('1013', 2, 160000, '2023-04-22 09:35:09', '', 'C108', 1),
('1014', 2, 180000, '2023-02-20 07:48:07', '', 'C117', 1),
('1015', 2, 180000, '2022-12-07 21:49:42', '', 'C2', 1),
('1016', 2, 180000, '2023-02-10 01:49:03', '', 'C113', 1),
('1017', 2, 200000, '2023-03-22 16:46:30', '', 'C80', 1),
('1018', 2, 180000, '2023-03-14 03:55:08', '', 'C49', 1),
('1019', 2, 220000, '2023-04-15 04:30:01', '', 'C66', 1),
('102', 2, 160000, '2022-12-01 22:09:58', '', 'C67', 1),
('1020', 2, 200000, '2023-02-01 20:05:23', '', 'C70', 1),
('1021', 2, 160000, '2022-11-20 07:11:34', '', 'C102', 1),
('1022', 2, 180000, '2023-01-12 11:36:08', '', 'C12', 1),
('1023', 2, 160000, '2023-03-24 01:24:30', '', 'C48', 1),
('1024', 2, 160000, '2023-04-17 11:00:37', '', 'C117', 1),
('1025', 2, 180000, '2023-03-08 13:56:28', '', 'C46', 1),
('1026', 2, 200000, '2022-12-29 06:34:19', '', 'C92', 1),
('1027', 2, 180000, '2022-12-29 07:22:10', '', 'C84', 1),
('1028', 2, 160000, '2023-01-14 13:51:22', '', 'C79', 1),
('1029', 2, 220000, '2023-04-10 20:19:07', '', 'C44', 1),
('103', 2, 160000, '2023-02-09 02:59:33', '', 'C49', 1),
('1030', 2, 200000, '2023-03-20 22:08:05', '', 'C94', 1),
('1031', 2, 220000, '2022-11-30 00:09:54', '', 'C121', 1),
('1032', 2, 200000, '2023-02-17 23:07:25', '', 'C110', 1),
('1033', 2, 220000, '2023-04-02 22:07:31', '', 'C112', 1),
('1034', 2, 220000, '2022-11-28 14:06:39', '', 'C101', 1),
('1035', 2, 220000, '2023-04-15 14:34:45', '', 'C120', 1),
('1036', 2, 220000, '2023-03-31 15:21:23', '', 'C37', 1),
('1037', 2, 160000, '2022-12-06 06:10:30', '', 'C104', 1),
('1038', 2, 180000, '2023-02-06 14:55:29', '', 'C104', 1),
('1039', 2, 160000, '2023-01-24 10:53:15', '', 'C71', 1),
('104', 2, 180000, '2023-03-24 11:00:04', '', 'C20', 1),
('1040', 2, 180000, '2023-01-23 19:38:56', '', 'C101', 1),
('1042', 2, 200000, '2022-11-06 01:43:45', '', 'C76', 1),
('1043', 2, 200000, '2023-02-01 22:30:16', '', 'C15', 1),
('1044', 2, 180000, '2023-01-12 22:41:08', '', 'C106', 1),
('1045', 2, 200000, '2023-03-14 18:22:21', '', 'C112', 1),
('1046', 2, 200000, '2022-11-09 20:43:17', '', 'C12', 1),
('1047', 2, 180000, '2022-12-16 04:41:56', '', 'C122', 1),
('1048', 2, 200000, '2023-01-09 22:55:24', '', 'C43', 1),
('1049', 2, 160000, '2023-01-16 05:04:44', '', 'C124', 1),
('105', 2, 180000, '2023-01-23 19:20:41', '', 'C111', 1),
('1050', 2, 220000, '2023-01-29 16:57:06', '', 'C128', 1),
('1051', 2, 180000, '2023-03-03 17:31:24', '', 'C44', 1),
('1052', 2, 220000, '2023-04-05 00:46:51', '', 'C114', 1),
('1053', 2, 180000, '2023-04-17 16:12:02', '', 'C114', 1),
('1054', 2, 180000, '2022-11-11 14:37:41', '', 'C25', 1),
('1055', 2, 160000, '2023-03-04 07:08:38', '', 'C123', 1),
('1056', 2, 160000, '2022-11-08 23:11:21', '', 'C104', 1),
('1057', 2, 180000, '2022-11-06 10:28:01', '', 'C33', 1),
('1058', 2, 160000, '2023-01-12 12:15:47', '', 'C65', 1),
('1059', 2, 220000, '2023-02-05 02:30:07', '', 'C92', 1),
('106', 2, 180000, '2023-02-28 14:23:37', '', 'C10', 1),
('1060', 2, 180000, '2022-12-30 20:25:45', '', 'C122', 1),
('1061', 2, 160000, '2023-04-20 04:09:34', '', 'C52', 1),
('1062', 2, 180000, '2023-01-25 20:08:13', '', 'C77', 1),
('1063', 2, 200000, '2023-03-03 15:46:10', '', 'C128', 1),
('1064', 2, 180000, '2023-02-27 15:44:41', '', 'C49', 1),
('1065', 2, 180000, '2022-12-10 15:04:55', '', 'C58', 1),
('1066', 2, 160000, '2023-02-27 13:00:02', '', 'C53', 1),
('1067', 2, 180000, '2023-02-12 04:44:39', '', 'C46', 1),
('1068', 2, 160000, '2022-12-10 17:15:39', '', 'C62', 1),
('1069', 2, 160000, '2023-03-28 15:02:02', '', 'C44', 1),
('107', 2, 200000, '2022-11-21 17:35:10', '', 'C96', 1),
('1070', 2, 160000, '2023-03-16 21:21:42', '', 'C21', 1),
('1071', 2, 160000, '2023-04-20 17:48:01', '', 'C103', 1),
('1072', 2, 180000, '2023-03-11 03:28:07', '', 'C44', 1),
('1073', 2, 160000, '2022-11-23 01:26:09', '', 'C97', 1),
('1074', 2, 180000, '2022-11-06 06:46:23', '', 'C59', 1),
('1075', 2, 160000, '2023-03-01 14:37:37', '', 'C120', 1),
('1076', 2, 160000, '2023-02-10 14:34:55', '', 'C50', 1),
('1077', 2, 220000, '2023-03-16 21:04:15', '', 'C121', 1),
('1078', 2, 160000, '2022-12-30 02:35:21', '', 'C129', 1),
('1079', 2, 200000, '2023-03-16 04:43:17', '', 'C56', 1),
('108', 2, 180000, '2023-04-21 07:38:55', '', 'C89', 1),
('1080', 2, 180000, '2022-11-27 03:26:47', '', 'C11', 1),
('1081', 2, 200000, '2023-03-24 00:16:54', '', 'C119', 1),
('1082', 2, 200000, '2023-01-27 03:11:09', '', 'C104', 1),
('1083', 2, 200000, '2023-01-08 06:23:01', '', 'C56', 1),
('1084', 2, 160000, '2023-02-11 04:49:26', '', 'C83', 1),
('1085', 2, 180000, '2023-03-23 04:17:49', '', 'C98', 1),
('1086', 2, 180000, '2022-12-01 02:48:28', '', 'C62', 1),
('1087', 2, 200000, '2022-12-17 21:38:54', '', 'C42', 1),
('1088', 2, 180000, '2023-02-03 16:57:09', '', 'C111', 1),
('1089', 2, 220000, '2023-03-10 08:51:27', '', 'C57', 1),
('109', 2, 180000, '2023-03-25 19:40:43', '', 'C25', 1),
('1090', 2, 220000, '2022-11-26 05:25:51', '', 'C70', 1),
('1091', 2, 180000, '2022-11-16 13:30:06', '', 'C25', 1),
('1092', 2, 220000, '2022-12-30 03:24:47', '', 'C41', 1),
('1093', 2, 200000, '2023-01-08 10:20:59', '', 'C40', 1),
('1094', 2, 180000, '2022-11-10 05:12:28', '', 'C40', 1),
('1095', 2, 180000, '2023-04-18 20:48:50', '', 'C59', 1),
('1096', 2, 220000, '2022-11-06 11:57:31', '', 'C40', 1),
('1097', 2, 200000, '2023-03-02 22:15:35', '', 'C63', 1),
('1098', 2, 160000, '2022-12-16 14:23:09', '', 'C79', 1),
('1099', 2, 160000, '2023-04-03 23:45:00', '', 'C16', 1),
('110', 2, 200000, '2023-01-22 08:22:05', '', 'C43', 1),
('1100', 2, 180000, '2023-03-21 05:35:39', '', 'C109', 1),
('111', 2, 180000, '2022-11-20 16:26:06', '', 'C114', 1),
('112', 2, 220000, '2023-01-09 17:42:39', '', 'C77', 1),
('113', 2, 220000, '2023-02-10 06:58:29', '', 'C87', 1),
('114', 2, 220000, '2023-02-28 07:08:39', '', 'C50', 1),
('115', 2, 200000, '2022-12-03 14:41:13', '', 'C48', 1),
('116', 2, 200000, '2022-11-05 20:11:03', '', 'C90', 1),
('117', 2, 160000, '2023-04-04 05:07:11', '', 'C53', 1),
('118', 2, 180000, '2022-12-04 14:58:53', '', 'C51', 1),
('119', 2, 160000, '2023-03-06 16:07:38', '', 'C99', 1),
('120', 2, 220000, '2022-11-02 06:20:23', '', 'C76', 1),
('121', 2, 160000, '2023-01-13 04:05:55', '', 'C32', 1),
('122', 2, 220000, '2023-02-18 15:13:03', '', 'C24', 1),
('123', 2, 160000, '2023-01-15 03:29:49', '', 'C125', 1),
('124', 2, 160000, '2023-03-19 13:39:30', '', 'C51', 1),
('125', 2, 200000, '2023-01-05 21:32:40', '', 'C57', 1),
('126', 2, 180000, '2023-02-24 21:42:23', '', 'C78', 1),
('127', 2, 160000, '2022-11-02 11:30:03', '', 'C52', 1),
('128', 2, 220000, '2023-03-06 03:20:53', '', 'C18', 1),
('129', 2, 200000, '2023-01-01 00:19:08', '', 'C64', 1),
('130', 2, 200000, '2023-03-23 06:03:44', '', 'C89', 1),
('131', 2, 200000, '2023-01-09 10:28:59', '', 'C80', 1),
('132', 2, 180000, '2023-03-05 17:37:47', '', 'C19', 1),
('133', 2, 160000, '2023-01-22 23:26:55', '', 'C92', 1),
('134', 2, 180000, '2023-04-18 10:28:57', '', 'C33', 1),
('135', 2, 180000, '2023-02-23 12:06:46', '', 'C117', 1),
('136', 2, 160000, '2023-01-07 08:58:20', '', 'C75', 1),
('137', 2, 220000, '2023-03-19 14:34:24', '', 'C110', 1),
('138', 2, 180000, '2023-04-01 21:54:06', '', 'C36', 1),
('139', 2, 200000, '2022-12-19 07:43:08', '', 'C43', 1),
('140', 2, 160000, '2022-12-22 10:03:11', '', 'C50', 1),
('141', 2, 160000, '2022-12-14 08:57:12', '', 'C85', 1),
('142', 2, 220000, '2022-12-16 16:15:21', '', 'C54', 1),
('143', 2, 180000, '2023-04-11 03:27:13', '', 'C11', 1),
('144', 2, 200000, '2022-11-20 08:01:29', '', 'C30', 1),
('145', 2, 180000, '2023-02-12 16:45:21', '', 'C3', 1),
('146', 2, 160000, '2022-12-30 00:45:03', '', 'C43', 1),
('147', 2, 220000, '2023-03-11 00:30:05', '', 'C111', 1),
('148', 2, 180000, '2022-12-15 13:53:44', '', 'C49', 1),
('149', 2, 160000, '2022-12-17 12:31:45', '', 'C45', 1),
('150', 2, 200000, '2023-04-08 07:10:19', '', 'C89', 1),
('151', 2, 180000, '2023-03-05 04:13:03', '', 'C95', 1),
('152', 2, 180000, '2023-03-08 16:19:48', '', 'C109', 1),
('153', 2, 160000, '2023-02-19 01:07:44', '', 'C127', 1),
('154', 2, 220000, '2022-11-14 01:04:11', '', 'C119', 1),
('155', 2, 200000, '2023-01-17 17:48:36', '', 'C14', 1),
('156', 2, 180000, '2023-02-16 05:48:39', '', 'C56', 1),
('157', 2, 220000, '2023-01-01 00:01:17', '', 'C95', 1),
('158', 2, 220000, '2022-11-30 18:06:46', '', 'C12', 1),
('159', 2, 180000, '2023-01-17 06:08:34', '', 'C82', 1),
('160', 2, 180000, '2022-11-08 04:18:08', '', 'C58', 1),
('161', 2, 160000, '2022-12-18 16:29:49', '', 'C88', 1),
('162', 2, 220000, '2022-11-03 20:44:15', '', 'C105', 1),
('163', 2, 180000, '2023-01-05 05:10:45', '', 'C98', 1),
('164', 2, 160000, '2023-03-10 11:30:49', '', 'C101', 1),
('165', 2, 200000, '2023-03-01 02:18:31', '', 'C10', 1),
('166', 2, 200000, '2022-11-08 10:03:33', '', 'C31', 1),
('167', 2, 220000, '2023-02-23 09:51:40', '', 'C31', 1),
('168', 2, 160000, '2023-02-18 03:17:46', '', 'C60', 1),
('169', 2, 180000, '2022-12-03 09:19:26', '', 'C36', 1),
('170', 2, 180000, '2023-03-26 17:24:04', '', 'C127', 1),
('171', 2, 200000, '2023-03-22 03:28:13', '', 'C124', 1),
('172', 2, 160000, '2023-02-04 20:17:45', '', 'C34', 1),
('173', 2, 220000, '2023-02-08 12:09:45', '', 'C61', 1),
('174', 2, 160000, '2023-01-25 00:12:52', '', 'C84', 1),
('175', 2, 220000, '2023-04-01 21:45:55', '', 'C126', 1),
('176', 2, 220000, '2023-03-14 14:26:52', '', 'C68', 1),
('177', 2, 160000, '2023-03-21 14:15:05', '', 'C80', 1),
('178', 2, 160000, '2022-11-20 22:43:50', '', 'C69', 1),
('179', 2, 160000, '2022-12-24 07:40:55', '', 'C56', 1),
('180', 2, 160000, '2023-03-07 22:28:09', '', 'C44', 1),
('181', 2, 220000, '2023-01-11 17:11:20', '', 'C101', 1),
('182', 2, 200000, '2023-01-25 01:18:22', '', 'C113', 1),
('183', 2, 220000, '2023-04-12 03:30:45', '', 'C18', 1),
('184', 2, 160000, '2023-01-22 16:17:50', '', 'C62', 1),
('185', 2, 200000, '2022-12-23 18:11:47', '', 'C53', 1),
('186', 2, 200000, '2023-01-07 07:55:45', '', 'C101', 1),
('187', 2, 160000, '2023-03-07 13:26:28', '', 'C128', 1),
('188', 2, 180000, '2023-03-22 02:49:37', '', 'C37', 1),
('189', 2, 200000, '2023-03-28 16:59:06', '', 'C127', 1),
('190', 2, 220000, '2023-04-09 14:05:33', '', 'C20', 1),
('191', 2, 160000, '2022-11-09 17:30:04', '', 'C102', 1),
('192', 2, 220000, '2023-02-02 23:26:50', '', 'C21', 1),
('193', 2, 180000, '2023-01-20 15:31:23', '', 'C57', 1),
('194', 2, 200000, '2022-11-19 14:29:42', '', 'C55', 1),
('195', 2, 160000, '2022-11-28 20:39:28', '', 'C110', 1),
('196', 2, 180000, '2022-12-23 16:05:35', '', 'C81', 1),
('197', 2, 180000, '2023-02-21 07:00:14', '', 'C64', 1),
('198', 2, 160000, '2023-04-13 01:05:59', '', 'C119', 1),
('199', 2, 160000, '2023-01-19 08:24:35', '', 'C60', 1),
('200', 2, 220000, '2023-01-07 09:25:01', '', 'C51', 1),
('201', 2, 200000, '2023-02-04 23:43:00', '', 'C23', 1),
('202', 2, 200000, '2023-02-17 04:20:50', '', 'C99', 1),
('203', 2, 220000, '2023-04-08 23:07:05', '', 'C121', 1),
('204', 2, 200000, '2022-11-11 08:45:17', '', 'C42', 1),
('205', 2, 220000, '2023-04-04 17:19:46', '', 'C105', 1),
('206', 2, 220000, '2023-01-21 00:14:33', '', 'C32', 1),
('207', 2, 160000, '2022-12-31 14:21:57', '', 'C9', 1),
('208', 2, 160000, '2022-12-29 21:59:47', '', 'C59', 1),
('209', 2, 160000, '2023-03-30 14:19:46', '', 'C124', 1),
('210', 2, 220000, '2022-12-18 16:16:47', '', 'C99', 1),
('211', 2, 220000, '2023-03-06 13:33:10', '', 'C106', 1),
('212', 2, 180000, '2022-11-29 06:45:03', '', 'C43', 1),
('213', 2, 200000, '2023-04-06 14:12:04', '', 'C3', 1),
('214', 2, 180000, '2022-11-29 00:50:53', '', 'C21', 1),
('215', 2, 220000, '2023-01-01 18:21:36', '', 'C35', 1),
('216', 2, 220000, '2023-04-15 01:35:32', '', 'C104', 1),
('217', 2, 180000, '2023-01-29 09:01:48', '', 'C97', 1),
('218', 2, 180000, '2023-04-11 23:43:32', '', 'C112', 1),
('219', 2, 200000, '2023-03-29 19:29:13', '', 'C122', 1),
('220', 2, 200000, '2023-04-05 15:07:56', '', 'C123', 1),
('221', 2, 160000, '2023-03-16 18:12:01', '', 'C66', 1),
('222', 2, 200000, '2023-01-12 09:57:46', '', 'C81', 1),
('223', 2, 220000, '2023-04-01 17:04:41', '', 'C40', 1),
('224', 2, 160000, '2022-11-25 05:31:17', '', 'C100', 1),
('225', 2, 200000, '2023-01-07 05:50:22', '', 'C2', 1),
('226', 2, 180000, '2022-11-02 16:28:29', '', 'C59', 1),
('227', 2, 160000, '2023-01-21 00:08:50', '', 'C37', 1),
('228', 2, 160000, '2023-01-11 20:07:47', '', 'C24', 1),
('229', 2, 180000, '2023-01-09 22:50:00', '', 'C20', 1),
('230', 2, 220000, '2023-03-04 20:44:17', '', 'C122', 1),
('231', 2, 180000, '2023-04-08 12:02:05', '', 'C112', 1),
('232', 2, 220000, '2022-11-03 01:42:55', '', 'C58', 1),
('233', 2, 200000, '2023-02-17 10:36:27', '', 'C60', 1),
('234', 2, 160000, '2023-03-05 01:07:52', '', 'C102', 1),
('235', 2, 200000, '2022-11-20 02:59:22', '', 'C60', 1),
('236', 2, 160000, '2022-12-21 08:52:18', '', 'C8', 1),
('237', 2, 220000, '2023-03-12 21:50:52', '', 'C53', 1),
('238', 2, 180000, '2022-12-22 07:04:22', '', 'C86', 1),
('239', 2, 200000, '2023-03-06 02:06:57', '', 'C118', 1),
('240', 2, 160000, '2023-03-17 20:06:17', '', 'C51', 1),
('241', 2, 160000, '2022-12-17 02:55:37', '', 'C123', 1),
('242', 2, 160000, '2022-11-09 23:49:34', '', 'C47', 1),
('243', 2, 180000, '2022-11-10 03:56:04', '', 'C122', 1),
('244', 2, 220000, '2023-02-22 13:28:48', '', 'C23', 1),
('245', 2, 200000, '2023-01-29 08:24:55', '', 'C128', 1),
('246', 2, 220000, '2022-12-20 01:35:12', '', 'C106', 1),
('247', 2, 220000, '2023-03-11 00:14:29', '', 'C38', 1),
('248', 2, 220000, '2023-04-14 22:36:35', '', 'C65', 1),
('249', 2, 200000, '2023-03-10 20:31:51', '', 'C124', 1),
('250', 2, 180000, '2023-04-08 03:24:17', '', 'C33', 1),
('251', 2, 160000, '2023-03-30 22:48:28', '', 'C80', 1),
('252', 2, 180000, '2023-01-12 19:40:42', '', 'C30', 1),
('253', 2, 200000, '2022-11-26 03:46:58', '', 'C86', 1),
('254', 2, 220000, '2023-03-28 23:36:37', '', 'C109', 1),
('255', 2, 220000, '2023-04-15 15:33:05', '', 'C100', 1),
('256', 2, 160000, '2022-11-13 14:12:26', '', 'C24', 1),
('257', 2, 200000, '2023-04-15 23:46:05', '', 'C107', 1),
('258', 2, 200000, '2023-02-04 03:42:36', '', 'C14', 1),
('259', 2, 160000, '2023-02-25 05:04:10', '', 'C89', 1),
('260', 2, 200000, '2023-03-24 20:18:22', '', 'C86', 1),
('261', 2, 200000, '2023-04-18 17:56:45', '', 'C85', 1),
('262', 2, 180000, '2023-01-01 14:18:51', '', 'C86', 1),
('263', 2, 200000, '2022-11-17 02:19:20', '', 'C111', 1),
('264', 2, 220000, '2023-04-20 18:59:42', '', 'C20', 1),
('265', 2, 180000, '2023-01-05 00:49:35', '', 'C17', 1),
('266', 2, 160000, '2023-01-23 06:56:43', '', 'C108', 1),
('267', 2, 200000, '2022-12-21 23:40:43', '', 'C18', 1),
('268', 2, 180000, '2022-11-15 14:02:33', '', 'C103', 1),
('269', 2, 180000, '2023-04-04 00:54:47', '', 'C94', 1),
('270', 2, 180000, '2022-12-31 04:07:31', '', 'C114', 1),
('271', 2, 220000, '2023-01-02 20:32:24', '', 'C3', 1),
('272', 2, 180000, '2022-11-01 22:17:33', '', 'C123', 1),
('273', 2, 180000, '2023-01-07 14:36:39', '', 'C101', 1),
('274', 2, 160000, '2022-11-29 18:27:24', '', 'C79', 1),
('275', 2, 220000, '2023-01-19 23:57:22', '', 'C71', 1),
('276', 2, 220000, '2022-12-01 20:38:21', '', 'C98', 1),
('277', 2, 160000, '2023-04-02 19:01:44', '', 'C103', 1),
('278', 2, 200000, '2022-12-04 00:18:19', '', 'C84', 1),
('279', 2, 220000, '2023-01-17 08:42:25', '', 'C79', 1),
('280', 2, 180000, '2023-02-08 21:29:22', '', 'C127', 1),
('281', 2, 180000, '2023-01-14 10:27:14', '', 'C50', 1),
('282', 2, 220000, '2023-01-07 22:43:18', '', 'C40', 1),
('283', 2, 160000, '2023-02-18 17:06:56', '', 'C122', 1),
('284', 2, 220000, '2022-12-10 01:12:17', '', 'C128', 1),
('285', 2, 220000, '2022-11-04 03:57:17', '', 'C88', 1),
('286', 2, 220000, '2023-01-16 18:55:06', '', 'C86', 1),
('287', 2, 200000, '2023-02-13 18:37:30', '', 'C50', 1),
('288', 2, 160000, '2023-01-16 01:01:02', '', 'C19', 1),
('289', 2, 220000, '2023-03-07 14:39:03', '', 'C100', 1),
('290', 2, 220000, '2023-03-10 21:51:40', '', 'C42', 1),
('291', 2, 160000, '2023-01-05 14:56:58', '', 'C67', 1),
('292', 2, 160000, '2023-01-02 09:42:32', '', 'C60', 1),
('293', 2, 160000, '2022-11-29 06:16:58', '', 'C89', 1),
('294', 2, 160000, '2023-03-29 11:53:13', '', 'C8', 1),
('295', 2, 180000, '2023-02-21 00:17:35', '', 'C59', 1),
('296', 2, 180000, '2022-12-28 00:44:00', '', 'C91', 1),
('297', 2, 200000, '2023-03-06 06:22:59', '', 'C58', 1),
('298', 2, 180000, '2022-11-28 06:01:45', '', 'C12', 1),
('299', 2, 220000, '2023-02-20 03:46:06', '', 'C13', 1),
('300', 2, 180000, '2023-02-06 18:28:46', '', 'C53', 1),
('301', 2, 160000, '2023-02-17 14:50:23', '', 'C12', 1),
('302', 2, 160000, '2022-12-19 20:18:06', '', 'C100', 1),
('303', 2, 160000, '2023-01-17 04:16:13', '', 'C94', 1),
('304', 2, 180000, '2023-01-07 02:33:54', '', 'C58', 1),
('305', 2, 180000, '2023-04-15 16:08:23', '', 'C98', 1),
('306', 2, 220000, '2023-01-04 19:31:24', '', 'C20', 1),
('307', 2, 180000, '2023-01-30 16:01:32', '', 'C70', 1),
('308', 2, 180000, '2023-02-21 18:26:09', '', 'C119', 1),
('309', 2, 160000, '2023-03-21 10:41:20', '', 'C11', 1),
('310', 2, 220000, '2022-12-23 17:21:50', '', 'C9', 1),
('311', 2, 160000, '2023-01-25 18:10:58', '', 'C71', 1),
('312', 2, 160000, '2023-01-06 14:10:17', '', 'C63', 1),
('313', 2, 200000, '2022-11-17 11:31:07', '', 'C121', 1),
('314', 2, 220000, '2023-01-12 15:07:42', '', 'C34', 1),
('315', 2, 200000, '2023-03-09 00:02:37', '', 'C49', 1),
('316', 2, 180000, '2023-03-29 14:46:29', '', 'C95', 1),
('317', 2, 160000, '2023-02-03 12:42:35', '', 'C121', 1),
('318', 2, 200000, '2023-03-12 00:46:48', '', 'C73', 1),
('319', 2, 160000, '2023-04-13 19:23:58', '', 'C41', 1),
('320', 2, 220000, '2023-02-07 01:21:10', '', 'C92', 1),
('321', 2, 200000, '2023-01-05 11:22:21', '', 'C110', 1),
('322', 2, 160000, '2022-11-19 14:20:27', '', 'C10', 1),
('323', 2, 180000, '2023-03-02 01:44:23', '', 'C99', 1),
('324', 2, 180000, '2022-11-06 01:22:09', '', 'C58', 1),
('325', 2, 160000, '2022-11-29 20:20:36', '', 'C56', 1),
('326', 2, 220000, '2023-01-27 22:37:54', '', 'C16', 1),
('327', 2, 220000, '2023-04-08 16:49:53', '', 'C74', 1),
('328', 2, 160000, '2022-11-28 22:50:04', '', 'C44', 1),
('329', 2, 220000, '2023-04-13 16:47:57', '', 'C15', 1),
('330', 2, 200000, '2023-02-21 04:19:42', '', 'C96', 1),
('331', 2, 200000, '2023-03-16 06:29:16', '', 'C126', 1),
('332', 2, 180000, '2022-11-04 07:41:38', '', 'C61', 1),
('333', 2, 180000, '2022-12-29 19:55:12', '', 'C55', 1),
('334', 2, 180000, '2023-02-10 16:53:53', '', 'C83', 1),
('335', 2, 160000, '2022-11-08 21:03:55', '', 'C129', 1),
('336', 2, 200000, '2022-11-14 22:35:27', '', 'C94', 1),
('337', 2, 220000, '2023-01-03 20:17:50', '', 'C74', 1),
('338', 2, 220000, '2023-03-24 21:53:05', '', 'C68', 1),
('339', 2, 200000, '2023-03-20 15:49:12', '', 'C79', 1),
('340', 2, 220000, '2022-12-23 17:17:48', '', 'C109', 1),
('341', 2, 180000, '2023-03-29 10:59:32', '', 'C107', 1),
('342', 2, 200000, '2022-12-24 08:11:49', '', 'C50', 1),
('343', 2, 220000, '2022-12-11 13:27:13', '', 'C121', 1),
('344', 2, 180000, '2023-01-25 05:29:31', '', 'C114', 1),
('345', 2, 220000, '2022-11-21 07:18:36', '', 'C33', 1),
('346', 2, 160000, '2023-03-03 12:39:22', '', 'C37', 1),
('347', 2, 180000, '2022-12-10 09:36:53', '', 'C59', 1),
('348', 2, 220000, '2022-12-05 02:40:43', '', 'C71', 1),
('349', 2, 200000, '2023-02-06 23:13:54', '', 'C19', 1),
('350', 2, 180000, '2023-03-25 16:14:47', '', 'C23', 1),
('351', 2, 160000, '2022-12-21 17:20:52', '', 'C87', 1),
('352', 2, 160000, '2023-04-13 10:54:19', '', 'C60', 1),
('353', 2, 180000, '2022-12-14 03:00:22', '', 'C14', 1),
('354', 2, 220000, '2022-11-07 22:11:47', '', 'C64', 1),
('355', 2, 200000, '2023-04-07 01:07:39', '', 'C17', 1),
('356', 2, 180000, '2023-04-05 09:57:22', '', 'C45', 1),
('357', 2, 160000, '2023-03-26 10:01:50', '', 'C81', 1),
('358', 2, 220000, '2023-04-09 11:53:59', '', 'C3', 1),
('359', 2, 200000, '2023-03-11 00:08:24', '', 'C65', 1),
('360', 2, 160000, '2023-02-06 18:07:00', '', 'C85', 1),
('361', 2, 200000, '2022-11-04 16:05:12', '', 'C64', 1),
('362', 2, 180000, '2022-12-23 03:28:34', '', 'C67', 1),
('363', 2, 220000, '2022-11-29 02:48:03', '', 'C44', 1),
('364', 2, 200000, '2023-03-10 00:20:59', '', 'C119', 1),
('365', 2, 180000, '2023-02-12 17:32:21', '', 'C48', 1),
('366', 2, 220000, '2023-02-21 18:52:05', '', 'C120', 1),
('367', 2, 200000, '2023-03-15 00:14:34', '', 'C61', 1),
('368', 2, 220000, '2023-03-02 22:43:07', '', 'C109', 1),
('369', 2, 180000, '2023-04-15 02:19:41', '', 'C23', 1),
('370', 2, 180000, '2023-02-07 14:11:26', '', 'C115', 1),
('371', 2, 180000, '2022-12-23 19:03:44', '', 'C44', 1),
('372', 2, 220000, '2022-12-22 14:01:33', '', 'C119', 1),
('373', 2, 180000, '2023-04-14 09:00:13', '', 'C83', 1),
('374', 2, 200000, '2023-04-16 23:06:28', '', 'C121', 1),
('375', 2, 180000, '2023-02-07 06:42:04', '', 'C94', 1),
('376', 2, 200000, '2022-12-03 21:40:25', '', 'C64', 1),
('377', 2, 160000, '2022-12-02 16:11:42', '', 'C122', 1),
('378', 2, 160000, '2023-01-31 10:09:19', '', 'C73', 1),
('379', 2, 180000, '2023-02-01 03:22:40', '', 'C51', 1),
('380', 2, 200000, '2023-01-19 11:21:31', '', 'C60', 1),
('381', 2, 160000, '2023-03-28 12:24:23', '', 'C62', 1),
('382', 2, 220000, '2023-02-09 14:36:46', '', 'C37', 1),
('383', 2, 200000, '2022-12-15 00:03:27', '', 'C107', 1),
('384', 2, 200000, '2023-01-20 16:10:42', '', 'C116', 1),
('385', 2, 180000, '2023-02-01 09:55:44', '', 'C95', 1),
('386', 2, 160000, '2023-02-03 14:25:50', '', 'C25', 1),
('387', 2, 220000, '2022-12-04 18:44:04', '', 'C115', 1),
('388', 2, 220000, '2023-02-14 10:34:47', '', 'C80', 1),
('389', 2, 180000, '2022-12-28 07:00:51', '', 'C95', 1),
('390', 2, 200000, '2023-01-17 08:43:34', '', 'C38', 1),
('391', 2, 160000, '2023-02-26 21:38:00', '', 'C74', 1),
('392', 2, 200000, '2023-02-25 13:59:32', '', 'C3', 1),
('393', 2, 160000, '2023-01-15 12:08:42', '', 'C49', 1),
('394', 2, 180000, '2022-11-22 16:53:59', '', 'C124', 1),
('395', 2, 200000, '2023-01-07 04:22:14', '', 'C2', 1),
('396', 2, 200000, '2023-01-31 01:10:56', '', 'C55', 1),
('397', 2, 220000, '2023-02-27 07:22:51', '', 'C108', 1),
('398', 2, 180000, '2022-11-01 07:31:48', '', 'C48', 1),
('399', 2, 180000, '2023-04-06 14:58:48', '', 'C50', 1),
('400', 2, 200000, '2023-02-28 11:16:25', '', 'C115', 1),
('401', 2, 180000, '2023-02-11 18:11:12', '', 'C87', 1),
('402', 2, 200000, '2023-02-06 23:18:17', '', 'C67', 1),
('403', 2, 160000, '2023-02-09 18:03:13', '', 'C118', 1),
('404', 2, 200000, '2022-11-03 03:42:28', '', 'C42', 1),
('405', 2, 200000, '2023-02-06 13:44:39', '', 'C73', 1),
('406', 2, 220000, '2023-02-06 20:34:26', '', 'C18', 1),
('407', 2, 200000, '2023-04-22 07:35:56', '', 'C47', 1),
('408', 2, 200000, '2022-11-30 13:59:08', '', 'C43', 1),
('409', 2, 200000, '2023-03-08 00:51:39', '', 'C108', 1),
('410', 2, 200000, '2022-12-27 09:03:01', '', 'C74', 1),
('411', 2, 180000, '2023-01-02 23:29:50', '', 'C56', 1),
('412', 2, 180000, '2022-12-12 01:33:47', '', 'C109', 1),
('413', 2, 160000, '2023-04-03 14:32:58', '', 'C93', 1),
('414', 2, 180000, '2023-02-22 07:32:27', '', 'C63', 1),
('415', 2, 220000, '2022-11-06 05:51:35', '', 'C35', 1),
('416', 2, 160000, '2023-04-19 05:38:29', '', 'C24', 1),
('417', 2, 180000, '2022-11-19 18:16:23', '', 'C37', 1),
('418', 2, 220000, '2022-11-08 08:21:46', '', 'C22', 1),
('419', 2, 180000, '2022-12-22 01:28:31', '', 'C100', 1),
('420', 2, 220000, '2022-11-26 07:11:51', '', 'C49', 1),
('421', 2, 220000, '2023-01-07 11:30:29', '', 'C40', 1),
('422', 2, 180000, '2023-04-18 04:17:06', '', 'C122', 1),
('423', 2, 160000, '2023-03-14 16:39:16', '', 'C51', 1),
('424', 2, 180000, '2023-04-09 13:40:00', '', 'C56', 1),
('425', 2, 220000, '2023-03-20 22:19:03', '', 'C40', 1),
('426', 2, 180000, '2023-04-10 17:08:09', '', 'C68', 1),
('427', 2, 200000, '2022-12-13 09:22:33', '', 'C104', 1),
('428', 2, 180000, '2023-01-27 15:53:23', '', 'C103', 1),
('429', 2, 220000, '2023-03-06 13:08:54', '', 'C106', 1),
('430', 2, 160000, '2022-11-16 02:18:00', '', 'C11', 1),
('431', 2, 160000, '2022-11-03 09:18:06', '', 'C8', 1),
('432', 2, 220000, '2022-11-15 13:56:21', '', 'C34', 1),
('433', 2, 180000, '2023-03-08 10:24:52', '', 'C119', 1),
('434', 2, 200000, '2023-03-30 14:03:39', '', 'C116', 1),
('435', 2, 160000, '2022-11-08 10:45:59', '', 'C111', 1),
('436', 2, 220000, '2022-12-27 14:36:18', '', 'C105', 1),
('437', 2, 200000, '2023-02-28 00:07:37', '', 'C108', 1),
('438', 2, 220000, '2023-03-06 14:39:03', '', 'C114', 1),
('439', 2, 200000, '2022-11-21 00:24:40', '', 'C103', 1),
('440', 2, 180000, '2023-03-09 09:57:40', '', 'C100', 1),
('441', 2, 160000, '2023-03-05 21:59:46', '', 'C80', 1),
('442', 2, 180000, '2022-11-06 17:57:43', '', 'C99', 1),
('443', 2, 200000, '2023-02-07 05:56:10', '', 'C112', 1),
('444', 2, 200000, '2023-03-06 09:19:25', '', 'C125', 1),
('445', 2, 180000, '2023-03-03 07:50:18', '', 'C19', 1),
('446', 2, 220000, '2023-03-07 00:08:46', '', 'C38', 1),
('447', 2, 160000, '2023-03-04 02:47:34', '', 'C106', 1),
('448', 2, 180000, '2023-03-20 04:04:21', '', 'C88', 1),
('449', 2, 200000, '2022-12-26 10:49:58', '', 'C40', 1),
('450', 2, 200000, '2023-03-22 01:30:32', '', 'C83', 1),
('451', 2, 180000, '2022-11-11 20:34:41', '', 'C49', 1),
('452', 2, 160000, '2023-01-12 11:51:47', '', 'C86', 1),
('453', 2, 200000, '2022-12-12 20:03:03', '', 'C39', 1),
('454', 2, 160000, '2022-11-03 14:15:00', '', 'C97', 1),
('455', 2, 200000, '2023-04-17 03:33:40', '', 'C101', 1),
('456', 2, 220000, '2023-01-21 18:11:54', '', 'C39', 1),
('457', 2, 180000, '2022-12-30 02:04:12', '', 'C30', 1),
('458', 2, 180000, '2023-04-14 13:49:04', '', 'C17', 1),
('459', 2, 200000, '2023-01-24 07:58:56', '', 'C50', 1),
('460', 2, 220000, '2022-12-06 15:25:29', '', 'C63', 1),
('461', 2, 180000, '2022-12-27 17:54:08', '', 'C15', 1),
('462', 2, 200000, '2023-04-11 11:09:38', '', 'C63', 1),
('463', 2, 160000, '2023-02-09 03:38:54', '', 'C96', 1),
('464', 2, 160000, '2022-11-12 08:41:07', '', 'C82', 1),
('465', 2, 180000, '2023-03-20 03:34:36', '', 'C52', 1),
('466', 2, 220000, '2023-03-31 04:07:48', '', 'C56', 1),
('467', 2, 220000, '2023-03-25 14:16:00', '', 'C120', 1),
('468', 2, 200000, '2022-11-04 12:50:13', '', 'C126', 1),
('469', 2, 180000, '2023-01-04 05:24:01', '', 'C93', 1),
('470', 2, 180000, '2023-01-17 08:44:38', '', 'C76', 1),
('471', 2, 220000, '2023-04-11 16:51:28', '', 'C107', 1),
('472', 2, 200000, '2023-01-14 01:36:50', '', 'C102', 1),
('473', 2, 180000, '2023-03-01 20:33:47', '', 'C83', 1),
('474', 2, 220000, '2023-04-10 21:27:59', '', 'C11', 1),
('475', 2, 200000, '2022-12-13 04:35:30', '', 'C3', 1),
('476', 2, 220000, '2022-11-09 21:44:42', '', 'C31', 1),
('477', 2, 220000, '2022-12-16 16:58:53', '', 'C16', 1),
('478', 2, 180000, '2023-04-01 00:36:32', '', 'C85', 1),
('479', 2, 160000, '2023-01-18 05:07:53', '', 'C109', 1),
('480', 2, 160000, '2022-12-26 17:28:59', '', 'C122', 1),
('481', 2, 160000, '2022-12-11 20:45:34', '', 'C42', 1),
('482', 2, 160000, '2022-11-19 15:33:22', '', 'C67', 1),
('483', 2, 160000, '2022-11-15 15:45:00', '', 'C52', 1),
('484', 2, 200000, '2023-01-09 05:03:04', '', 'C105', 1),
('485', 2, 180000, '2023-03-08 10:57:15', '', 'C64', 1),
('486', 2, 200000, '2023-03-10 16:47:24', '', 'C14', 1),
('487', 2, 200000, '2023-01-03 14:37:11', '', 'C33', 1),
('488', 2, 180000, '2022-11-21 10:25:45', '', 'C62', 1),
('489', 2, 220000, '2022-12-04 05:30:32', '', 'C122', 1),
('490', 2, 200000, '2023-03-20 15:16:50', '', 'C11', 1),
('491', 2, 180000, '2022-12-08 11:27:27', '', 'C42', 1),
('492', 2, 180000, '2023-02-16 03:52:18', '', 'C58', 1),
('493', 2, 200000, '2023-01-08 05:55:46', '', 'C61', 1),
('494', 2, 160000, '2023-03-19 20:02:12', '', 'C93', 1),
('495', 2, 220000, '2023-02-21 15:40:06', '', 'C30', 1),
('496', 2, 220000, '2023-03-07 19:44:42', '', 'C41', 1),
('497', 2, 160000, '2023-01-13 13:23:12', '', 'C85', 1),
('498', 2, 160000, '2022-11-16 04:31:45', '', 'C49', 1),
('499', 2, 220000, '2023-02-14 04:07:16', '', 'C73', 1),
('500', 2, 160000, '2022-11-02 09:47:45', '', 'C93', 1),
('501', 2, 160000, '2023-01-30 00:38:55', '', 'C91', 1),
('502', 2, 220000, '2022-12-22 13:28:46', '', 'C64', 1),
('503', 2, 160000, '2023-01-26 21:10:48', '', 'C95', 1),
('504', 2, 200000, '2023-01-12 10:18:39', '', 'C57', 1),
('505', 2, 220000, '2023-01-16 12:16:15', '', 'C116', 1),
('506', 2, 220000, '2023-01-09 11:52:59', '', 'C62', 1),
('507', 2, 220000, '2023-03-01 07:48:38', '', 'C14', 1),
('508', 2, 200000, '2023-04-10 21:57:26', '', 'C108', 1),
('509', 2, 160000, '2022-12-31 20:44:11', '', 'C73', 1),
('510', 2, 220000, '2023-02-10 15:27:01', '', 'C113', 1),
('511', 2, 220000, '2023-02-05 22:06:05', '', 'C45', 1),
('512', 2, 220000, '2022-12-06 01:05:47', '', 'C77', 1),
('513', 2, 180000, '2023-03-11 19:51:33', '', 'C123', 1),
('514', 2, 160000, '2023-03-28 22:53:10', '', 'C109', 1),
('515', 2, 160000, '2023-01-04 23:36:43', '', 'C30', 1),
('516', 2, 200000, '2023-02-20 15:29:21', '', 'C9', 1),
('517', 2, 220000, '2023-03-18 09:39:32', '', 'C3', 1),
('518', 2, 220000, '2023-01-24 13:21:07', '', 'C73', 1),
('519', 2, 180000, '2022-12-29 06:10:14', '', 'C111', 1),
('520', 2, 160000, '2022-12-26 15:43:33', '', 'C78', 1),
('521', 2, 200000, '2022-11-02 18:11:06', '', 'C102', 1),
('522', 2, 220000, '2023-02-22 04:05:56', '', 'C92', 1),
('523', 2, 160000, '2023-03-01 17:52:40', '', 'C47', 1),
('524', 2, 160000, '2023-03-10 09:05:53', '', 'C83', 1),
('525', 2, 220000, '2023-03-14 08:32:23', '', 'C77', 1),
('526', 2, 200000, '2022-11-09 23:48:36', '', 'C85', 1),
('527', 2, 200000, '2023-02-27 01:45:23', '', 'C61', 1),
('528', 2, 160000, '2022-12-22 01:05:37', '', 'C127', 1),
('529', 2, 220000, '2023-01-08 17:21:27', '', 'C63', 1),
('530', 2, 180000, '2023-01-10 06:10:17', '', 'C49', 1),
('531', 2, 220000, '2022-12-09 13:10:11', '', 'C95', 1),
('532', 2, 220000, '2023-02-25 13:50:08', '', 'C101', 1),
('533', 2, 200000, '2023-04-03 19:14:05', '', 'C1', 1),
('534', 2, 160000, '2023-02-21 12:29:25', '', 'C2', 1),
('535', 2, 180000, '2023-02-28 12:27:50', '', 'C58', 1),
('536', 2, 180000, '2022-11-09 04:56:29', '', 'C100', 1),
('537', 2, 160000, '2023-03-10 23:52:45', '', 'C25', 1),
('538', 2, 180000, '2022-12-22 23:43:27', '', 'C126', 1),
('539', 2, 180000, '2022-11-07 20:12:23', '', 'C69', 1),
('540', 2, 160000, '2023-03-02 23:08:08', '', 'C125', 1),
('541', 2, 200000, '2023-02-18 03:16:49', '', 'C73', 1),
('542', 2, 220000, '2023-02-20 12:24:17', '', 'C127', 1),
('543', 2, 220000, '2022-11-01 06:21:33', '', 'C80', 1),
('544', 2, 180000, '2023-04-22 13:50:24', '', 'C82', 1),
('545', 2, 200000, '2023-04-06 16:24:53', '', 'C63', 1),
('546', 2, 160000, '2022-11-04 11:02:20', '', 'C97', 1),
('547', 2, 180000, '2023-02-23 16:03:15', '', 'C101', 1),
('548', 2, 200000, '2023-02-26 00:41:01', '', 'C75', 1),
('549', 2, 160000, '2023-04-11 11:46:52', '', 'C65', 1),
('550', 2, 200000, '2022-12-07 01:39:14', '', 'C48', 1),
('551', 2, 200000, '2023-02-02 19:05:57', '', 'C60', 1),
('552', 2, 180000, '2023-02-12 12:04:49', '', 'C105', 1),
('553', 2, 200000, '2023-03-18 03:56:31', '', 'C62', 1),
('554', 2, 220000, '2023-03-26 05:11:20', '', 'C31', 1),
('555', 2, 180000, '2023-01-04 04:25:30', '', 'C80', 1),
('556', 2, 160000, '2023-03-25 05:36:09', '', 'C62', 1),
('557', 2, 180000, '2022-12-14 08:24:07', '', 'C43', 1),
('558', 2, 180000, '2022-11-01 05:49:12', '', 'C103', 1),
('559', 2, 160000, '2022-11-07 17:21:02', '', 'C120', 1),
('560', 2, 160000, '2023-01-09 19:23:26', '', 'C18', 1),
('561', 2, 200000, '2023-02-26 06:05:21', '', 'C85', 1),
('562', 2, 180000, '2022-12-24 09:24:41', '', 'C110', 1),
('563', 2, 180000, '2023-03-08 07:49:13', '', 'C80', 1),
('564', 2, 160000, '2023-02-13 02:59:11', '', 'C67', 1),
('565', 2, 200000, '2023-01-25 17:08:53', '', 'C107', 1),
('566', 2, 200000, '2022-11-24 11:48:27', '', 'C12', 1),
('567', 2, 200000, '2022-12-18 00:07:30', '', 'C76', 1),
('568', 2, 200000, '2022-12-29 23:56:26', '', 'C73', 1),
('569', 2, 180000, '2023-03-01 07:43:55', '', 'C90', 1),
('570', 2, 180000, '2023-03-23 05:21:37', '', 'C65', 1),
('571', 2, 160000, '2023-02-06 15:47:03', '', 'C107', 1),
('572', 2, 160000, '2023-01-16 20:36:48', '', 'C123', 1),
('573', 2, 220000, '2023-03-02 15:39:15', '', 'C37', 1),
('574', 2, 160000, '2023-02-22 21:36:01', '', 'C70', 1),
('575', 2, 220000, '2022-11-25 03:39:04', '', 'C24', 1),
('576', 2, 180000, '2022-11-12 05:53:17', '', 'C19', 1),
('577', 2, 160000, '2023-02-23 09:25:20', '', 'C111', 1),
('578', 2, 220000, '2023-02-24 10:30:03', '', 'C85', 1),
('579', 2, 160000, '2023-03-28 14:46:28', '', 'C54', 1),
('580', 2, 200000, '2023-04-09 18:20:48', '', 'C2', 1),
('581', 2, 180000, '2023-01-11 18:59:32', '', 'C17', 1),
('582', 2, 200000, '2023-01-23 10:12:35', '', 'C106', 1),
('583', 2, 220000, '2023-02-07 03:03:56', '', 'C54', 1),
('584', 2, 180000, '2023-03-28 10:59:35', '', 'C48', 1),
('585', 2, 200000, '2023-04-13 15:42:34', '', 'C108', 1),
('586', 2, 160000, '2023-02-16 03:10:20', '', 'C22', 1),
('587', 2, 160000, '2023-03-06 04:04:37', '', 'C51', 1),
('588', 2, 200000, '2023-01-18 04:50:00', '', 'C9', 1),
('589', 2, 200000, '2023-01-22 00:07:09', '', 'C68', 1),
('590', 2, 180000, '2023-04-15 02:06:41', '', 'C126', 1),
('591', 2, 180000, '2023-02-12 17:46:49', '', 'C31', 1),
('592', 2, 200000, '2023-03-25 00:17:21', '', 'C78', 1),
('593', 2, 220000, '2023-02-18 21:02:15', '', 'C85', 1),
('594', 2, 160000, '2022-12-31 14:56:09', '', 'C113', 1),
('595', 2, 220000, '2023-04-20 10:09:38', '', 'C45', 1),
('596', 2, 220000, '2022-12-28 16:55:28', '', 'C104', 1),
('597', 2, 200000, '2023-03-28 04:44:23', '', 'C98', 1),
('598', 2, 220000, '2022-12-18 00:53:34', '', 'C88', 1),
('599', 2, 160000, '2023-01-05 02:16:00', '', 'C101', 1),
('600', 2, 220000, '2023-02-22 07:36:52', '', 'C125', 1),
('601', 2, 200000, '2023-02-11 22:25:34', '', 'C112', 1),
('602', 2, 200000, '2022-12-01 23:34:37', '', 'C111', 1),
('603', 2, 180000, '2023-04-05 21:48:11', '', 'C76', 1),
('604', 2, 220000, '2022-12-25 18:37:24', '', 'C78', 1),
('605', 2, 160000, '2023-02-05 22:32:10', '', 'C93', 1),
('606', 2, 160000, '2022-12-25 09:48:12', '', 'C40', 1),
('607', 2, 180000, '2023-03-09 03:10:44', '', 'C90', 1),
('608', 2, 220000, '2023-02-14 07:12:38', '', 'C89', 1),
('609', 2, 180000, '2023-01-30 19:43:07', '', 'C14', 1),
('610', 2, 220000, '2023-02-19 04:08:56', '', 'C52', 1),
('611', 2, 200000, '2022-11-13 06:19:32', '', 'C120', 1),
('612', 2, 200000, '2023-04-02 03:20:59', '', 'C99', 1),
('613', 2, 220000, '2023-01-10 02:49:06', '', 'C32', 1),
('614', 2, 220000, '2022-12-05 10:36:51', '', 'C66', 1),
('615', 2, 180000, '2022-11-09 01:21:39', '', 'C88', 1),
('616', 2, 160000, '2023-04-08 13:20:38', '', 'C110', 1),
('617', 2, 160000, '2022-11-21 19:15:54', '', 'C39', 1),
('618', 2, 180000, '2023-02-04 05:19:21', '', 'C22', 1),
('619', 2, 180000, '2023-01-03 05:40:53', '', 'C2', 1),
('620', 2, 200000, '2023-03-05 19:27:26', '', 'C37', 1),
('621', 2, 220000, '2023-03-08 12:53:19', '', 'C73', 1),
('622', 2, 220000, '2023-01-07 23:51:03', '', 'C47', 1),
('623', 2, 180000, '2023-04-02 20:03:15', '', 'C38', 1),
('624', 2, 180000, '2023-02-15 07:09:27', '', 'C122', 1),
('625', 2, 180000, '2023-01-23 15:00:12', '', 'C9', 1),
('626', 2, 180000, '2023-02-09 05:32:35', '', 'C10', 1),
('627', 2, 160000, '2022-11-29 22:19:58', '', 'C74', 1),
('628', 2, 180000, '2023-01-25 06:30:57', '', 'C33', 1),
('629', 2, 220000, '2023-01-24 09:38:46', '', 'C60', 1),
('630', 2, 200000, '2022-11-25 00:04:33', '', 'C33', 1),
('631', 2, 200000, '2023-04-08 17:49:38', '', 'C118', 1),
('632', 2, 160000, '2023-03-22 22:16:31', '', 'C55', 1),
('633', 2, 200000, '2023-04-03 04:43:28', '', 'C80', 1),
('634', 2, 180000, '2023-02-25 16:39:29', '', 'C80', 1),
('635', 2, 220000, '2023-04-21 20:44:57', '', 'C78', 1),
('636', 2, 180000, '2023-04-17 03:12:12', '', 'C2', 1),
('637', 2, 160000, '2023-04-08 05:10:40', '', 'C10', 1),
('638', 2, 180000, '2022-11-25 07:29:46', '', 'C24', 1),
('639', 2, 160000, '2022-11-25 02:51:25', '', 'C3', 1),
('640', 2, 220000, '2022-12-27 05:29:04', '', 'C107', 1),
('641', 2, 160000, '2022-12-18 14:03:17', '', 'C23', 1),
('642', 2, 220000, '2023-03-27 11:50:55', '', 'C35', 1),
('643', 2, 180000, '2023-02-20 04:02:48', '', 'C8', 1),
('644', 2, 180000, '2023-02-27 18:17:33', '', 'C73', 1),
('645', 2, 220000, '2022-11-04 01:30:52', '', 'C35', 1),
('646', 2, 220000, '2023-02-25 12:04:04', '', 'C24', 1),
('647', 2, 220000, '2023-03-20 21:37:05', '', 'C38', 1),
('648', 2, 160000, '2023-03-18 14:06:03', '', 'C9', 1),
('649', 2, 220000, '2023-02-18 17:30:28', '', 'C80', 1),
('650', 2, 200000, '2022-12-30 08:52:58', '', 'C22', 1),
('651', 2, 200000, '2023-02-13 13:49:02', '', 'C96', 1),
('652', 2, 200000, '2022-12-04 06:37:18', '', 'C103', 1),
('653', 2, 200000, '2023-02-07 12:49:19', '', 'C75', 1),
('654', 2, 200000, '2022-12-25 20:09:43', '', 'C18', 1),
('655', 2, 180000, '2023-02-25 12:47:13', '', 'C57', 1),
('656', 2, 220000, '2022-12-20 03:32:59', '', 'C89', 1),
('657', 2, 180000, '2023-01-09 11:13:37', '', 'C56', 1),
('658', 2, 220000, '2022-11-21 03:19:12', '', 'C66', 1),
('659', 2, 160000, '2023-02-11 08:20:40', '', 'C25', 1),
('661', 2, 160000, '2023-04-15 19:32:38', '', 'C81', 1),
('662', 2, 180000, '2023-03-18 00:21:52', '', 'C2', 1),
('663', 2, 180000, '2023-03-03 16:44:46', '', 'C10', 1),
('664', 2, 220000, '2022-11-26 19:26:58', '', 'C59', 1),
('665', 2, 160000, '2022-12-06 12:38:28', '', 'C128', 1),
('666', 2, 200000, '2023-01-25 22:54:15', '', 'C65', 1),
('667', 2, 180000, '2023-02-04 16:59:33', '', 'C109', 1),
('668', 2, 220000, '2022-12-10 07:58:45', '', 'C129', 1),
('669', 2, 200000, '2023-03-20 22:20:35', '', 'C2', 1),
('670', 2, 220000, '2023-03-20 10:42:02', '', 'C54', 1),
('671', 2, 160000, '2023-04-07 12:13:30', '', 'C14', 1),
('672', 2, 180000, '2022-12-10 14:58:36', '', 'C30', 1),
('673', 2, 160000, '2023-01-13 02:13:31', '', 'C105', 1),
('674', 2, 160000, '2023-02-14 04:24:24', '', 'C101', 1),
('675', 2, 180000, '2023-04-21 06:00:21', '', 'C111', 1),
('676', 2, 200000, '2022-12-08 02:02:21', '', 'C67', 1),
('677', 2, 180000, '2023-02-24 10:22:16', '', 'C82', 1),
('678', 2, 160000, '2022-11-06 15:51:44', '', 'C64', 1),
('679', 2, 160000, '2022-11-30 09:39:29', '', 'C31', 1),
('680', 2, 160000, '2023-02-01 06:21:27', '', 'C18', 1),
('681', 2, 220000, '2023-03-27 09:41:53', '', 'C52', 1),
('682', 2, 200000, '2023-02-19 12:08:35', '', 'C94', 1),
('683', 2, 200000, '2023-02-11 23:31:02', '', 'C104', 1),
('684', 2, 220000, '2022-11-25 22:02:55', '', 'C78', 1),
('685', 2, 180000, '2023-01-16 17:01:33', '', 'C16', 1),
('686', 2, 180000, '2022-12-21 12:45:27', '', 'C74', 1),
('687', 2, 160000, '2022-11-19 12:56:25', '', 'C90', 1),
('688', 2, 200000, '2023-04-19 15:59:39', '', 'C25', 1),
('689', 2, 200000, '2023-02-13 04:41:30', '', 'C71', 1),
('690', 2, 220000, '2023-04-16 22:44:21', '', 'C47', 1),
('691', 2, 160000, '2023-01-24 13:33:24', '', 'C94', 1),
('692', 2, 180000, '2022-11-12 15:42:24', '', 'C2', 1),
('693', 2, 160000, '2023-01-14 02:25:49', '', 'C45', 1),
('694', 2, 220000, '2022-11-18 14:59:42', '', 'C106', 1),
('695', 2, 200000, '2023-03-16 01:59:38', '', 'C100', 1),
('696', 2, 160000, '2022-12-23 03:23:14', '', 'C82', 1),
('697', 2, 180000, '2022-12-13 21:48:15', '', 'C56', 1),
('698', 2, 220000, '2023-01-27 09:08:12', '', 'C65', 1),
('699', 2, 220000, '2022-11-03 01:33:11', '', 'C50', 1),
('700', 2, 180000, '2023-03-22 21:37:52', '', 'C50', 1),
('701', 2, 220000, '2022-12-24 15:40:15', '', 'C42', 1),
('702', 2, 160000, '2023-03-06 16:37:19', '', 'C24', 1),
('703', 2, 180000, '2023-04-03 12:18:13', '', 'C10', 1),
('704', 2, 200000, '2023-04-19 22:58:03', '', 'C84', 1),
('705', 2, 160000, '2023-02-09 04:03:24', '', 'C72', 1),
('706', 2, 160000, '2022-11-30 16:36:31', '', 'C13', 1),
('707', 2, 200000, '2023-02-24 17:27:44', '', 'C23', 1),
('708', 2, 200000, '2023-03-04 18:33:47', '', 'C15', 1),
('709', 2, 220000, '2022-12-11 02:34:36', '', 'C32', 1),
('710', 2, 160000, '2023-04-09 13:08:23', '', 'C68', 1),
('711', 2, 160000, '2023-01-13 13:51:39', '', 'C129', 1),
('712', 2, 160000, '2023-02-26 18:58:33', '', 'C52', 1),
('713', 2, 200000, '2022-11-23 06:57:15', '', 'C125', 1),
('714', 2, 160000, '2023-04-14 03:35:10', '', 'C126', 1),
('715', 2, 200000, '2023-01-04 20:32:50', '', 'C83', 1),
('716', 2, 180000, '2023-03-14 19:56:10', '', 'C125', 1),
('717', 2, 160000, '2023-02-05 19:11:17', '', 'C60', 1),
('718', 2, 160000, '2022-11-03 18:37:27', '', 'C60', 1),
('719', 2, 220000, '2022-11-16 17:04:36', '', 'C13', 1),
('720', 2, 180000, '2023-03-13 03:40:38', '', 'C22', 1),
('721', 2, 200000, '2023-02-28 00:10:47', '', 'C115', 1),
('722', 2, 180000, '2023-04-21 10:23:12', '', 'C64', 1),
('723', 2, 160000, '2022-12-26 14:18:59', '', 'C96', 1),
('724', 2, 220000, '2023-02-17 02:41:17', '', 'C62', 1),
('725', 2, 220000, '2022-11-30 13:48:47', '', 'C70', 1),
('726', 2, 160000, '2022-11-15 10:54:22', '', 'C107', 1),
('727', 2, 160000, '2022-12-25 22:08:02', '', 'C55', 1),
('728', 2, 180000, '2023-04-01 09:21:36', '', 'C30', 1),
('729', 2, 220000, '2023-01-15 12:02:40', '', 'C112', 1),
('730', 2, 160000, '2023-04-03 19:48:01', '', 'C96', 1),
('731', 2, 160000, '2022-12-17 09:59:40', '', 'C39', 1),
('732', 2, 220000, '2023-02-23 06:11:37', '', 'C121', 1),
('733', 2, 180000, '2022-12-02 13:53:47', '', 'C30', 1),
('734', 2, 200000, '2022-11-11 08:16:05', '', 'C83', 1),
('735', 2, 200000, '2023-03-13 17:04:45', '', 'C60', 1),
('736', 2, 220000, '2023-02-22 00:44:17', '', 'C91', 1),
('737', 2, 200000, '2022-12-24 23:48:56', '', 'C71', 1),
('738', 2, 220000, '2023-02-09 23:27:43', '', 'C112', 1),
('739', 2, 200000, '2023-03-16 17:57:27', '', 'C48', 1),
('740', 2, 180000, '2022-12-06 03:21:43', '', 'C46', 1),
('741', 2, 220000, '2023-03-16 21:11:34', '', 'C57', 1),
('742', 2, 180000, '2022-11-24 20:34:51', '', 'C47', 1),
('743', 2, 160000, '2023-01-19 06:58:30', '', 'C56', 1),
('744', 2, 180000, '2023-04-14 14:23:35', '', 'C55', 1),
('745', 2, 180000, '2022-12-10 17:40:09', '', 'C25', 1),
('746', 2, 180000, '2022-11-20 23:23:36', '', 'C103', 1),
('747', 2, 220000, '2022-12-17 20:21:06', '', 'C51', 1),
('748', 2, 180000, '2023-04-21 11:12:57', '', 'C47', 1),
('749', 2, 160000, '2023-04-02 18:07:52', '', 'C104', 1),
('750', 2, 200000, '2023-03-22 07:40:36', '', 'C95', 1),
('751', 2, 160000, '2022-11-21 23:57:47', '', 'C71', 1),
('752', 2, 200000, '2023-02-26 09:35:12', '', 'C65', 1),
('753', 2, 160000, '2023-01-09 01:33:08', '', 'C60', 1),
('754', 2, 160000, '2023-02-17 02:15:08', '', 'C56', 1),
('755', 2, 180000, '2022-12-05 10:35:30', '', 'C30', 1),
('756', 2, 200000, '2023-02-18 14:02:32', '', 'C76', 1),
('757', 2, 200000, '2023-01-24 01:55:28', '', 'C121', 1),
('758', 2, 160000, '2023-02-06 07:48:23', '', 'C41', 1),
('759', 2, 200000, '2023-03-03 15:14:31', '', 'C18', 1),
('760', 2, 200000, '2022-11-11 11:17:01', '', 'C60', 1),
('761', 2, 200000, '2023-01-05 10:00:48', '', 'C18', 1),
('762', 2, 180000, '2022-12-15 06:51:41', '', 'C63', 1),
('763', 2, 220000, '2023-01-15 16:21:55', '', 'C113', 1),
('764', 2, 200000, '2022-11-03 21:11:55', '', 'C40', 1),
('765', 2, 200000, '2023-01-13 19:50:40', '', 'C42', 1),
('766', 2, 180000, '2022-11-24 11:46:27', '', 'C54', 1),
('767', 2, 160000, '2022-11-03 01:28:42', '', 'C82', 1),
('768', 2, 160000, '2022-11-28 00:47:39', '', 'C48', 1),
('769', 2, 200000, '2023-04-20 13:29:08', '', 'C57', 1),
('770', 2, 180000, '2023-01-25 18:02:07', '', 'C119', 1),
('771', 2, 180000, '2023-03-03 04:58:54', '', 'C92', 1),
('772', 2, 220000, '2023-03-18 10:14:09', '', 'C10', 1),
('773', 2, 200000, '2023-01-18 22:46:03', '', 'C10', 1),
('774', 2, 200000, '2022-12-03 15:02:05', '', 'C57', 1),
('775', 2, 180000, '2023-01-02 02:17:03', '', 'C125', 1),
('776', 2, 200000, '2022-11-14 05:53:52', '', 'C100', 1),
('777', 2, 160000, '2023-03-05 22:00:05', '', 'C39', 1),
('778', 2, 220000, '2023-03-14 18:41:49', '', 'C62', 1),
('779', 2, 180000, '2022-11-27 18:52:34', '', 'C58', 1),
('780', 2, 160000, '2023-03-18 09:39:08', '', 'C55', 1),
('781', 2, 220000, '2022-12-30 22:27:49', '', 'C90', 1),
('782', 2, 160000, '2023-03-28 19:28:28', '', 'C12', 1),
('783', 2, 160000, '2023-03-26 19:45:31', '', 'C38', 1),
('784', 2, 160000, '2022-12-02 18:29:50', '', 'C74', 1),
('785', 2, 160000, '2022-12-20 12:25:12', '', 'C69', 1),
('786', 2, 220000, '2023-02-02 05:40:08', '', 'C63', 1),
('787', 2, 220000, '2023-02-16 00:03:26', '', 'C53', 1),
('788', 2, 160000, '2023-01-25 00:08:25', '', 'C35', 1),
('789', 2, 200000, '2023-04-18 12:29:54', '', 'C84', 1),
('790', 2, 160000, '2023-02-18 05:26:40', '', 'C53', 1),
('791', 2, 200000, '2023-02-19 04:23:22', '', 'C32', 1),
('792', 2, 180000, '2023-01-02 14:14:08', '', 'C81', 1),
('793', 2, 180000, '2023-04-05 11:02:15', '', 'C91', 1),
('794', 2, 200000, '2023-02-13 04:01:57', '', 'C72', 1),
('795', 2, 220000, '2023-02-12 08:57:35', '', 'C85', 1),
('796', 2, 200000, '2023-03-22 23:51:54', '', 'C96', 1),
('797', 2, 220000, '2023-01-18 14:48:41', '', 'C93', 1),
('798', 2, 200000, '2022-12-15 00:09:01', '', 'C32', 1),
('799', 2, 220000, '2022-12-28 08:18:43', '', 'C45', 1),
('800', 2, 200000, '2023-04-07 02:08:25', '', 'C111', 1),
('801', 2, 220000, '2022-12-07 09:21:27', '', 'C76', 1),
('802', 2, 160000, '2023-02-18 05:17:43', '', 'C57', 1),
('803', 2, 160000, '2022-12-01 02:06:02', '', 'C119', 1),
('804', 2, 220000, '2023-01-31 03:53:13', '', 'C86', 1),
('805', 2, 160000, '2023-04-13 06:53:29', '', 'C41', 1),
('806', 2, 220000, '2023-03-14 23:13:26', '', 'C52', 1),
('807', 2, 220000, '2023-01-09 09:52:14', '', 'C117', 1),
('808', 2, 200000, '2023-04-19 06:53:55', '', 'C15', 1),
('809', 2, 160000, '2023-01-25 04:35:53', '', 'C86', 1),
('810', 2, 220000, '2022-12-01 13:43:22', '', 'C18', 1),
('811', 2, 160000, '2022-11-21 22:39:39', '', 'C42', 1),
('812', 2, 160000, '2022-12-18 21:23:06', '', 'C95', 1),
('813', 2, 160000, '2022-11-08 06:28:27', '', 'C62', 1),
('814', 2, 200000, '2023-01-11 07:46:58', '', 'C96', 1),
('815', 2, 180000, '2023-04-11 22:10:21', '', 'C119', 1),
('816', 2, 200000, '2023-01-07 02:58:38', '', 'C74', 1),
('817', 2, 200000, '2023-04-03 13:59:57', '', 'C106', 1),
('818', 2, 200000, '2022-12-03 20:54:34', '', 'C39', 1),
('819', 2, 200000, '2022-11-22 04:06:50', '', 'C122', 1),
('820', 2, 160000, '2022-12-08 03:12:54', '', 'C47', 1),
('821', 2, 180000, '2023-01-20 19:44:01', '', 'C53', 1),
('822', 2, 220000, '2023-01-11 19:58:36', '', 'C121', 1),
('823', 2, 220000, '2023-04-20 17:11:17', '', 'C77', 1),
('824', 2, 180000, '2023-01-31 18:52:11', '', 'C110', 1),
('825', 2, 200000, '2023-01-17 17:09:24', '', 'C97', 1),
('826', 2, 200000, '2023-03-20 06:59:45', '', 'C35', 1),
('827', 2, 220000, '2023-02-24 10:21:42', '', 'C127', 1),
('828', 2, 220000, '2022-11-16 13:11:06', '', 'C102', 1),
('829', 2, 220000, '2023-01-31 19:04:09', '', 'C94', 1),
('830', 2, 160000, '2023-01-25 13:50:11', '', 'C80', 1),
('831', 2, 180000, '2022-12-30 22:40:24', '', 'C22', 1),
('832', 2, 200000, '2022-12-07 04:49:43', '', 'C11', 1),
('833', 2, 180000, '2023-01-04 05:51:24', '', 'C22', 1),
('834', 2, 160000, '2022-11-22 07:24:51', '', 'C129', 1),
('835', 2, 200000, '2023-01-04 20:17:51', '', 'C109', 1),
('836', 2, 180000, '2022-11-23 11:36:30', '', 'C74', 1),
('837', 2, 220000, '2023-04-06 12:27:46', '', 'C31', 1),
('838', 2, 160000, '2023-03-04 10:04:56', '', 'C124', 1),
('839', 2, 200000, '2022-11-12 16:13:24', '', 'C102', 1),
('840', 2, 200000, '2023-03-24 01:24:35', '', 'C85', 1),
('841', 2, 180000, '2023-02-18 03:39:10', '', 'C3', 1),
('842', 2, 160000, '2022-12-13 05:07:21', '', 'C55', 1),
('843', 2, 200000, '2023-01-24 02:42:54', '', 'C86', 1),
('844', 2, 200000, '2023-02-13 21:44:43', '', 'C32', 1),
('845', 2, 200000, '2022-12-10 21:39:57', '', 'C59', 1),
('846', 2, 180000, '2022-12-21 09:42:01', '', 'C109', 1),
('847', 2, 160000, '2022-11-27 06:12:31', '', 'C88', 1),
('848', 2, 160000, '2023-03-29 15:36:40', '', 'C19', 1),
('849', 2, 180000, '2023-03-29 09:25:31', '', 'C55', 1),
('850', 2, 200000, '2022-11-23 13:37:16', '', 'C13', 1),
('851', 2, 220000, '2023-01-16 16:08:31', '', 'C19', 1),
('852', 2, 160000, '2022-12-26 00:24:56', '', 'C100', 1),
('853', 2, 180000, '2023-04-16 00:17:18', '', 'C39', 1),
('854', 2, 160000, '2023-01-20 09:52:04', '', 'C55', 1),
('855', 2, 160000, '2022-11-23 23:41:07', '', 'C79', 1),
('856', 2, 220000, '2023-02-04 10:04:27', '', 'C2', 1),
('857', 2, 200000, '2023-04-14 21:17:28', '', 'C3', 1),
('858', 2, 180000, '2023-02-03 19:51:07', '', 'C53', 1),
('859', 2, 220000, '2022-12-15 03:41:39', '', 'C113', 1),
('860', 2, 160000, '2023-03-24 07:12:08', '', 'C37', 1),
('861', 2, 180000, '2023-03-11 23:30:06', '', 'C74', 1),
('862', 2, 180000, '2022-11-08 10:19:36', '', 'C59', 1),
('863', 2, 160000, '2023-04-06 23:25:38', '', 'C81', 1),
('864', 2, 180000, '2022-11-25 05:57:12', '', 'C84', 1),
('865', 2, 200000, '2023-03-19 21:36:14', '', 'C91', 1),
('866', 2, 220000, '2023-01-21 02:53:11', '', 'C105', 1),
('867', 2, 180000, '2023-04-04 02:34:56', '', 'C58', 1),
('868', 2, 200000, '2023-01-11 10:43:27', '', 'C97', 1),
('869', 2, 220000, '2023-01-08 19:26:00', '', 'C78', 1),
('870', 2, 180000, '2022-12-11 14:04:54', '', 'C86', 1),
('871', 2, 220000, '2023-04-14 18:59:36', '', 'C68', 1),
('872', 2, 160000, '2023-03-23 13:05:06', '', 'C123', 1),
('873', 2, 200000, '2022-12-08 10:55:44', '', 'C108', 1),
('874', 2, 160000, '2023-03-19 18:19:05', '', 'C112', 1),
('875', 2, 160000, '2022-12-17 05:02:04', '', 'C59', 1),
('876', 2, 160000, '2022-11-27 20:10:43', '', 'C89', 1),
('877', 2, 200000, '2022-12-22 12:23:38', '', 'C126', 1),
('878', 2, 180000, '2023-01-08 07:32:03', '', 'C18', 1),
('879', 2, 180000, '2023-01-02 04:10:05', '', 'C69', 1),
('880', 2, 180000, '2023-03-13 00:47:44', '', 'C69', 1),
('881', 2, 160000, '2022-11-15 17:54:22', '', 'C59', 1),
('882', 2, 220000, '2022-11-18 18:02:47', '', 'C102', 1),
('883', 2, 180000, '2022-12-22 04:54:42', '', 'C90', 1),
('884', 2, 180000, '2022-11-24 15:30:55', '', 'C111', 1),
('885', 2, 180000, '2022-11-05 00:24:59', '', 'C122', 1),
('886', 2, 200000, '2022-12-14 07:06:03', '', 'C3', 1),
('887', 2, 180000, '2023-02-20 14:27:58', '', 'C47', 1),
('888', 2, 200000, '2023-04-09 14:02:08', '', 'C65', 1),
('889', 2, 220000, '2023-02-21 12:13:58', '', 'C115', 1),
('890', 2, 200000, '2023-02-14 18:01:38', '', 'C103', 1),
('891', 2, 220000, '2023-01-24 04:01:42', '', 'C59', 1),
('892', 2, 180000, '2023-04-02 10:14:13', '', 'C121', 1),
('893', 2, 180000, '2023-04-20 19:11:25', '', 'C111', 1),
('894', 2, 200000, '2023-02-27 16:22:31', '', 'C73', 1),
('895', 2, 160000, '2023-03-01 13:15:33', '', 'C116', 1),
('896', 2, 160000, '2023-01-25 07:11:29', '', 'C110', 1),
('897', 2, 220000, '2023-03-31 14:42:00', '', 'C52', 1),
('898', 2, 160000, '2022-12-23 07:33:25', '', 'C61', 1),
('899', 2, 220000, '2023-04-09 15:55:38', '', 'C99', 1),
('900', 2, 200000, '2022-12-09 12:04:34', '', 'C65', 1),
('901', 2, 180000, '2023-03-01 00:41:44', '', 'C95', 1),
('902', 2, 180000, '2023-01-15 11:31:37', '', 'C79', 1),
('903', 2, 160000, '2022-12-13 10:15:38', '', 'C89', 1),
('904', 2, 220000, '2022-11-16 17:50:53', '', 'C16', 1),
('905', 2, 160000, '2023-01-17 08:31:47', '', 'C66', 1),
('906', 2, 160000, '2022-11-10 06:11:35', '', 'C66', 1),
('907', 2, 200000, '2023-04-21 17:31:21', '', 'C87', 1),
('908', 2, 220000, '2022-12-15 20:42:34', '', 'C109', 1),
('909', 2, 160000, '2023-04-03 20:51:37', '', 'C35', 1),
('910', 2, 200000, '2023-02-28 21:40:39', '', 'C17', 1),
('911', 2, 180000, '2023-03-09 12:35:50', '', 'C55', 1),
('912', 2, 160000, '2022-11-22 03:39:04', '', 'C70', 1),
('913', 2, 180000, '2022-12-28 16:26:34', '', 'C39', 1),
('914', 2, 160000, '2022-11-28 07:45:27', '', 'C127', 1),
('915', 2, 160000, '2023-03-29 14:55:23', '', 'C88', 1),
('916', 2, 160000, '2023-02-15 05:02:11', '', 'C16', 1),
('917', 2, 220000, '2023-02-24 06:03:35', '', 'C15', 1),
('918', 2, 180000, '2023-02-13 00:43:16', '', 'C53', 1),
('919', 2, 200000, '2023-03-28 10:36:19', '', 'C85', 1),
('920', 2, 220000, '2023-03-28 21:01:02', '', 'C60', 1),
('921', 2, 180000, '2023-02-04 13:40:51', '', 'C85', 1),
('922', 2, 200000, '2023-01-11 18:05:03', '', 'C68', 1),
('923', 2, 220000, '2022-12-29 23:30:07', '', 'C74', 1),
('924', 2, 180000, '2022-11-05 21:55:12', '', 'C70', 1),
('925', 2, 180000, '2023-01-02 15:42:43', '', 'C13', 1),
('926', 2, 200000, '2023-02-21 13:15:28', '', 'C79', 1),
('927', 2, 180000, '2022-11-15 06:36:58', '', 'C18', 1),
('928', 2, 200000, '2023-04-19 10:22:36', '', 'C56', 1),
('929', 2, 200000, '2023-02-23 20:53:40', '', 'C76', 1),
('930', 2, 180000, '2022-12-25 13:22:00', '', 'C64', 1),
('931', 2, 220000, '2023-01-18 23:06:29', '', 'C52', 1),
('932', 2, 180000, '2023-03-08 17:03:40', '', 'C33', 1),
('933', 2, 220000, '2023-01-04 16:53:59', '', 'C70', 1),
('934', 2, 180000, '2023-02-07 05:56:00', '', 'C20', 1),
('935', 2, 220000, '2023-03-16 06:43:28', '', 'C120', 1),
('936', 2, 200000, '2023-03-13 17:11:53', '', 'C116', 1),
('937', 2, 200000, '2023-03-21 10:04:32', '', 'C8', 1),
('938', 2, 200000, '2022-12-30 17:58:12', '', 'C78', 1),
('939', 2, 220000, '2023-03-12 02:27:01', '', 'C60', 1),
('940', 2, 160000, '2022-12-04 15:34:38', '', 'C76', 1),
('941', 2, 180000, '2023-01-14 21:12:42', '', 'C42', 1),
('942', 2, 220000, '2023-02-02 02:17:10', '', 'C51', 1),
('943', 2, 160000, '2022-12-05 12:03:28', '', 'C63', 1),
('944', 2, 200000, '2022-12-11 17:53:14', '', 'C56', 1),
('945', 2, 160000, '2023-03-16 01:09:54', '', 'C56', 1),
('946', 2, 200000, '2023-03-31 11:36:16', '', 'C97', 1),
('947', 2, 220000, '2023-02-01 15:57:12', '', 'C50', 1),
('948', 2, 180000, '2022-11-18 12:19:42', '', 'C78', 1),
('949', 2, 220000, '2022-11-04 19:43:00', '', 'C45', 1),
('950', 2, 160000, '2023-01-19 00:31:20', '', 'C97', 1),
('951', 2, 180000, '2023-01-29 04:37:52', '', 'C12', 1),
('952', 2, 160000, '2023-03-04 08:19:29', '', 'C50', 1),
('953', 2, 200000, '2023-02-14 13:56:08', '', 'C88', 1),
('954', 2, 200000, '2023-04-08 10:03:02', '', 'C67', 1),
('955', 2, 220000, '2023-03-22 19:26:49', '', 'C108', 1),
('956', 2, 180000, '2023-04-13 11:34:37', '', 'C107', 1),
('957', 2, 180000, '2022-11-22 14:02:54', '', 'C54', 1),
('958', 2, 200000, '2023-03-03 10:19:00', '', 'C50', 1),
('959', 2, 160000, '2022-11-13 16:16:54', '', 'C60', 1),
('960', 2, 160000, '2022-12-29 11:03:06', '', 'C3', 1),
('961', 2, 200000, '2022-11-14 02:51:04', '', 'C102', 1),
('962', 2, 180000, '2022-11-13 06:11:00', '', 'C116', 1),
('963', 2, 180000, '2022-11-07 14:11:50', '', 'C48', 1),
('964', 2, 180000, '2023-03-01 05:37:25', '', 'C129', 1),
('965', 2, 220000, '2022-11-30 11:17:46', '', 'C41', 1),
('966', 2, 220000, '2023-04-14 07:08:26', '', 'C64', 1),
('967', 2, 200000, '2023-02-23 13:47:52', '', 'C11', 1),
('968', 2, 220000, '2022-11-11 01:43:24', '', 'C44', 1),
('969', 2, 160000, '2022-12-26 06:05:51', '', 'C17', 1),
('970', 2, 220000, '2023-02-07 16:44:01', '', 'C39', 1),
('971', 2, 200000, '2023-02-19 05:25:38', '', 'C75', 1),
('972', 2, 180000, '2022-11-06 03:39:12', '', 'C101', 1),
('973', 2, 160000, '2023-01-30 04:51:45', '', 'C67', 1),
('974', 2, 160000, '2023-04-17 09:13:24', '', 'C24', 1),
('975', 2, 160000, '2023-01-24 23:25:05', '', 'C77', 1),
('976', 2, 180000, '2023-01-28 13:21:25', '', 'C89', 1),
('977', 2, 180000, '2023-01-04 08:24:36', '', 'C85', 1),
('978', 2, 220000, '2023-01-08 14:36:53', '', 'C89', 1),
('979', 2, 160000, '2022-12-26 15:03:55', '', 'C19', 1),
('980', 2, 180000, '2023-02-19 20:08:48', '', 'C81', 1),
('981', 2, 180000, '2022-11-05 03:50:40', '', 'C56', 1),
('982', 2, 220000, '2022-12-18 23:39:49', '', 'C124', 1),
('983', 2, 220000, '2023-01-17 13:05:54', '', 'C3', 1),
('984', 2, 220000, '2022-12-17 02:16:35', '', 'C100', 1),
('985', 2, 180000, '2023-04-06 09:18:24', '', 'C38', 1),
('986', 2, 220000, '2023-01-31 19:20:50', '', 'C115', 1),
('987', 2, 180000, '2022-11-29 19:45:16', '', 'C83', 1),
('988', 2, 200000, '2023-01-27 16:02:06', '', 'C20', 1),
('989', 2, 160000, '2023-03-04 10:38:27', '', 'C3', 1),
('990', 2, 160000, '2022-11-09 08:50:09', '', 'C94', 1),
('991', 2, 200000, '2022-11-29 12:30:28', '', 'C67', 1),
('992', 2, 180000, '2022-12-26 04:11:13', '', 'C41', 1),
('993', 2, 200000, '2023-04-20 16:48:46', '', 'C22', 1),
('994', 2, 160000, '2023-01-03 12:04:39', '', 'C31', 1),
('995', 2, 200000, '2023-02-15 20:47:57', '', 'C84', 1),
('996', 2, 180000, '2023-03-07 22:37:16', '', 'C92', 1),
('997', 2, 180000, '2023-01-04 21:19:54', '', 'C112', 1),
('998', 2, 180000, '2023-01-03 18:29:39', '', 'C119', 1),
('999', 2, 160000, '2023-02-03 03:10:37', '', 'C102', 1);

-- --------------------------------------------------------

--
-- Cấu trúc bảng cho bảng `customer`
--

CREATE TABLE `customer` (
  `CustomerID` char(11) NOT NULL,
  `FullName` varchar(50) NOT NULL,
  `Address` varchar(50) NOT NULL,
  `Email` varchar(50) NOT NULL,
  `Phone` char(10) NOT NULL,
  `account_id` char(11) NOT NULL
) ENGINE=InnoDB DEFAULT CHARSET=utf8mb4 COLLATE=utf8mb4_general_ci;

--
-- Đang đổ dữ liệu cho bảng `customer`
--

INSERT INTO `customer` (`CustomerID`, `FullName`, `Address`, `Email`, `Phone`, `account_id`) VALUES
('C1', 'Lindsay', 'Nha Trang', 'mriostimothy@example.net', '11001001', 'AC1'),
('C10', 'Donna', 'Can Tho', 'ymejia@example.org', '11001010', 'AC10'),
('C100', 'Mathias Heenan', 'Apt 189', 'mheenan1y@edublogs.org', '121-257-87', 'AC140'),
('C101', 'Nelle Haycroft', 'Apt 889', 'nhaycroft1z@4shared.com', '665-867-79', 'AC141'),
('C102', 'Duke Calwell', '16th Floor', 'dcalwell20@jiathis.com', '177-763-01', 'AC142'),
('C103', 'Will Marikhin', 'Apt 1424', 'wmarikhin21@theglobeandmail.com', '647-296-16', 'AC143'),
('C104', 'Dredi Houson', '20th Floor', 'dhouson22@who.int', '288-426-97', 'AC144'),
('C105', 'Sibylla Hammersley', 'Room 1636', 'shammersley23@bizjournals.com', '417-853-81', 'AC145'),
('C106', 'Mitch Seyfart', 'Suite 27', 'mseyfart24@weather.com', '152-551-80', 'AC146'),
('C107', 'Florina McFall', 'PO Box 38719', 'fmcfall25@va.gov', '450-955-61', 'AC147'),
('C108', 'Laird Olivelli', '13th Floor', 'lolivelli26@youtu.be', '688-297-98', 'AC148'),
('C109', 'Kipp Galletley', 'Suite 13', 'kgalletley27@princeton.edu', '627-656-74', 'AC149'),
('C11', 'James', 'Nha Trang', 'michael61@example.net', '11001011', 'AC11'),
('C110', 'Jephthah Biffen', 'PO Box 1646', 'jbiffen28@spiegel.de', '274-946-35', 'AC150'),
('C111', 'Kathy Ilem', 'PO Box 20305', 'kilem29@usgs.gov', '638-961-44', 'AC151'),
('C112', 'Joycelin Bradnum', '13th Floor', 'jbradnum2a@wikispaces.com', '300-632-24', 'AC152'),
('C113', 'Dona Hincks', 'Apt 1199', 'dhincks2b@jalbum.net', '813-596-18', 'AC153'),
('C114', 'Salomo Emmett', 'PO Box 8919', 'semmett2c@amazon.com', '718-973-65', 'AC154'),
('C115', 'Thorstein Asple', 'PO Box 65517', 'tasple2d@so-net.ne.jp', '860-944-73', 'AC155'),
('C116', 'Mickey St. John', 'PO Box 85654', 'mst2e@intel.com', '815-111-65', 'AC156'),
('C117', 'Amii Boards', '8th Floor', 'aboards2f@people.com.cn', '820-436-63', 'AC157'),
('C118', 'Josee Ovens', 'PO Box 38756', 'jovens2g@delicious.com', '679-112-92', 'AC158'),
('C119', 'Rubie Denisyev', '13th Floor', 'rdenisyev2h@miitbeian.gov.cn', '566-156-55', 'AC159'),
('C12', 'Jerry', 'Da Nang', 'bautistabilly@example.net', '11001012', 'AC12'),
('C120', 'Shurlocke Pinar', 'PO Box 89217', 'spinar2i@intel.com', '188-516-12', 'AC160'),
('C121', 'Kittie Broschek', '16th Floor', 'kbroschek2j@eepurl.com', '987-640-77', 'AC161'),
('C122', 'Chaddie Whorf', 'Suite 59', 'cwhorf2k@ca.gov', '467-124-56', 'AC162'),
('C123', 'Janella Ricciardiello', '1st Floor', 'jricciardiello2l@wufoo.com', '948-946-95', 'AC163'),
('C124', 'Ramon Martonfi', 'Apt 1265', 'rmartonfi2m@craigslist.org', '520-262-04', 'AC164'),
('C125', 'Merle Whiteside', 'Suite 50', 'mwhiteside2n@umn.edu', '449-229-92', 'AC165'),
('C126', 'Steffen Schurig', 'Apt 128', 'sschurig2o@t-online.de', '419-963-77', 'AC166'),
('C127', 'Alida Schutter', '20th Floor', 'aschutter2p@dyndns.org', '646-278-33', 'AC167'),
('C128', 'Reuven Passion', 'Room 40', 'rpassion2q@unesco.org', '574-469-34', 'AC168'),
('C129', 'Anetta Kienzle', 'Suite 11', 'akienzle2r@tripod.com', '714-654-36', 'AC169'),
('C13', 'Kelly', 'Ha Noi', 'deborahbrooks@example.com', '11001013', 'AC13'),
('C14', 'Jasmine', 'Ha Noi', 'kellertammy@example.net', '11001014', 'AC14'),
('C15', 'James', 'Nha Trang', 'ryancameron@example.org', '11001015', 'AC15'),
('C16', 'Adam', 'Ha Noi', 'tanner77@example.org', '11001016', 'AC16'),
('C17', 'Jason', 'Nha Trang', 'bjordan@example.org', '11001017', 'AC17'),
('C18', 'James', 'TPHCM', 'ymartinez@example.net', '11001018', 'AC18'),
('C19', 'Lauren', 'Da Nang', 'hollowaychristopher@example.org', '11001019', 'AC19'),
('C2', 'James', 'Can Tho', 'mkmitchell@example.org', '11001002', 'AC2'),
('C20', 'David', 'Ha Noi', 'james96@example.com', '11001020', 'AC20'),
('C21', 'Kevin', 'Da Nang', 'hillomar@example.net', '11001021', 'AC21'),
('C22', 'Michael', 'Da Nang', 'gabrielalee@example.org', '11001022', 'AC22'),
('C23', 'Matthew', 'Da Nang', 'jennifer92@example.org', '11001023', 'AC23'),
('C24', 'Jennifer', 'Ha Noi', 'robert69@example.com', '11001024', 'AC24'),
('C25', 'Sean', 'Can Tho', 'bobby89@example.net', '11001025', 'AC25'),
('C3', 'Jamie', 'Da Nang', 'mzacharymills@example.com', '11001003', 'AC3'),
('C30', 'Robinet Stannas', 'PO Box 79608', 'rstannas0@ameblo.jp', '738-728-33', 'AC70'),
('C31', 'Vinson Shelmerdine', 'Apt 1998', 'vshelmerdine1@e-recht24.de', '600-897-88', 'AC71'),
('C32', 'Ardyth Caddies', 'PO Box 28406', 'acaddies2@jugem.jp', '550-635-41', 'AC72'),
('C33', 'Lianna McGourty', 'Suite 3', 'lmcgourty3@phoca.cz', '125-459-09', 'AC73'),
('C34', 'Neville Kendall', 'Suite 58', 'nkendall4@google.ca', '797-406-68', 'AC74'),
('C35', 'Nicholas Corragan', 'PO Box 32989', 'ncorragan5@independent.co.uk', '790-214-80', 'AC75'),
('C36', 'Philipa Ferrari', 'Suite 94', 'pferrari6@usgs.gov', '214-515-58', 'AC76'),
('C37', 'Meredithe Cosslett', 'Suite 44', 'mcosslett7@technorati.com', '362-775-27', 'AC77'),
('C38', 'Pamella Stapels', '1st Floor', 'pstapels8@ucoz.ru', '262-172-17', 'AC78'),
('C39', 'Clarine McKinna', '2nd Floor', 'cmckinna9@icio.us', '636-992-60', 'AC79'),
('C40', 'Lyndsey Saffill', 'Apt 1815', 'lsaffilla@domainmarket.com', '366-425-35', 'AC80'),
('C41', 'Liesa De Bruijne', 'PO Box 53807', 'ldeb@npr.org', '256-442-46', 'AC81'),
('C42', 'Reed Menpes', 'PO Box 5722', 'rmenpesc@ask.com', '115-543-79', 'AC82'),
('C43', 'Roberto Ralling', 'Room 227', 'rrallingd@nasa.gov', '189-122-28', 'AC83'),
('C44', 'Catherin Scullion', 'Room 328', 'cscullione@lycos.com', '135-784-06', 'AC84'),
('C45', 'Eolande McGeaney', 'Room 833', 'emcgeaneyf@independent.co.uk', '710-302-29', 'AC85'),
('C46', 'Kamila Borrott', 'PO Box 49077', 'kborrottg@symantec.com', '753-108-57', 'AC86'),
('C47', 'Maddie Shera', 'PO Box 94467', 'msherah@jugem.jp', '744-652-32', 'AC87'),
('C48', 'Doria Carvil', 'PO Box 21451', 'dcarvili@boston.com', '245-761-94', 'AC88'),
('C49', 'Byram Doulton', 'PO Box 17261', 'bdoultonj@parallels.com', '334-780-97', 'AC89'),
('C50', 'Sula Meaking', '3rd Floor', 'smeakingk@deliciousdays.com', '126-498-60', 'AC90'),
('C51', 'Doralyn Dornin', '1st Floor', 'ddorninl@flavors.me', '205-223-19', 'AC91'),
('C52', 'Rhoda Kyd', 'PO Box 58490', 'rkydm@kickstarter.com', '225-647-67', 'AC92'),
('C53', 'Reyna Dog', '18th Floor', 'rdogn@nsw.gov.au', '743-613-91', 'AC93'),
('C54', 'Vanessa Zwicker', 'Apt 1491', 'vzwickero@de.vu', '293-433-46', 'AC94'),
('C55', 'Ethe Maidstone', 'Suite 14', 'emaidstonep@is.gd', '159-939-90', 'AC95'),
('C56', 'Dorothea Rushbrooke', 'Suite 72', 'drushbrookeq@gizmodo.com', '912-902-17', 'AC96'),
('C57', 'Temp Kimble', 'Room 1651', 'tkimbler@woothemes.com', '927-810-25', 'AC97'),
('C58', 'Stewart Noble', 'PO Box 40725', 'snobles@deviantart.com', '424-314-91', 'AC98'),
('C59', 'Garvin Suff', 'Room 1844', 'gsufft@geocities.jp', '567-638-39', 'AC99'),
('C60', 'Diana Formby', 'Suite 35', 'dformbyu@illinois.edu', '629-989-79', 'AC100'),
('C61', 'Merralee Creer', 'Apt 1679', 'mcreerv@networkadvertising.org', '689-827-40', 'AC101'),
('C62', 'Ashbey de Juares', 'Apt 1755', 'adew@nsw.gov.au', '641-925-62', 'AC102'),
('C63', 'Nicole Gorman', 'Apt 125', 'ngormanx@issuu.com', '668-568-77', 'AC103'),
('C64', 'Kipp Mossbee', 'PO Box 86567', 'kmossbeey@independent.co.uk', '572-423-59', 'AC104'),
('C65', 'Caro Pridden', 'PO Box 65724', 'cpriddenz@netvibes.com', '760-384-23', 'AC105'),
('C66', 'Brendon Moyler', 'Room 1178', 'bmoyler10@spotify.com', '525-862-44', 'AC106'),
('C67', 'Austine Desson', 'Suite 90', 'adesson11@ihg.com', '480-672-38', 'AC107'),
('C68', 'Kenyon Deplacido', 'Apt 985', 'kdeplacido12@xrea.com', '856-235-28', 'AC108'),
('C69', 'Forester Rushsorth', 'PO Box 79575', 'frushsorth13@ftc.gov', '629-610-89', 'AC109'),
('C70', 'Gawain Durnian', 'Apt 916', 'gdurnian14@over-blog.com', '511-814-51', 'AC110'),
('C71', 'Melessa Dalzell', '16th Floor', 'mdalzell15@epa.gov', '383-781-15', 'AC111'),
('C72', 'Ellynn Dipple', '6th Floor', 'edipple16@godaddy.com', '577-289-49', 'AC112'),
('C73', 'Roz Wemm', 'Apt 1033', 'rwemm17@digg.com', '271-939-33', 'AC113'),
('C74', 'Judie Humber', 'Suite 10', 'jhumber18@opera.com', '322-883-86', 'AC114'),
('C75', 'Heddie Shillom', 'Apt 439', 'hshillom19@gmpg.org', '550-481-62', 'AC115'),
('C76', 'Candice Chattelaine', 'Room 1710', 'cchattelaine1a@yale.edu', '527-167-54', 'AC116'),
('C77', 'Eloise Bickers', 'Room 1659', 'ebickers1b@delicious.com', '902-878-43', 'AC117'),
('C78', 'Hortensia Duffyn', '3rd Floor', 'hduffyn1c@vimeo.com', '439-880-30', 'AC118'),
('C79', 'Nelly Milburne', 'Apt 827', 'nmilburne1d@oaic.gov.au', '494-625-92', 'AC119'),
('C8', 'Jason', 'Nha Trang', 'mashley79@example.net', '11001008', 'AC8'),
('C80', 'Gertrude Insall', '11th Floor', 'ginsall1e@merriam-webster.com', '934-855-81', 'AC120'),
('C81', 'Niles Hurn', 'PO Box 70366', 'nhurn1f@fotki.com', '466-119-37', 'AC121'),
('C82', 'Fernando Piel', 'Apt 329', 'fpiel1g@deviantart.com', '850-402-69', 'AC122'),
('C83', 'Elana Gartell', '19th Floor', 'egartell1h@newyorker.com', '305-327-31', 'AC123'),
('C84', 'Bat Imison', 'PO Box 14933', 'bimison1i@4shared.com', '840-989-94', 'AC124'),
('C85', 'Quint Tures', '4th Floor', 'qtures1j@twitpic.com', '523-525-48', 'AC125'),
('C86', 'Cleon Powdrill', 'Apt 1951', 'cpowdrill1k@youtu.be', '909-394-32', 'AC126'),
('C87', 'Sherye Rodgerson', 'Apt 71', 'srodgerson1l@google.nl', '940-696-34', 'AC127'),
('C88', 'Deanne Chyuerton', 'Apt 486', 'dchyuerton1m@nasa.gov', '790-979-90', 'AC128'),
('C89', 'Nathan Drivers', 'Apt 1773', 'ndrivers1n@globo.com', '840-167-07', 'AC129'),
('C9', 'Katie', 'Can Tho', 'mshieldstanner@example.org', '11001009', 'AC9'),
('C90', 'Sly Middis', 'Room 36', 'smiddis1o@desdev.cn', '565-998-04', 'AC130'),
('C91', 'Annaliese Dingwall', 'Room 1473', 'adingwall1p@ask.com', '524-514-00', 'AC131'),
('C92', 'Devora De Gregoli', 'Apt 1538', 'dde1q@usgs.gov', '163-499-35', 'AC132'),
('C93', 'Erich Doneld', '4th Floor', 'edoneld1r@usgs.gov', '406-498-53', 'AC133'),
('C94', 'Agna McCarrison', 'Room 653', 'amccarrison1s@engadget.com', '652-228-58', 'AC134'),
('C95', 'Quint Copeland', '5th Floor', 'qcopeland1t@nih.gov', '989-927-09', 'AC135'),
('C96', 'Eamon Philpots', 'Room 683', 'ephilpots1u@bing.com', '697-216-02', 'AC136'),
('C97', 'Ileana Mullaly', '12th Floor', 'imullaly1v@sogou.com', '400-416-49', 'AC137'),
('C98', 'Adler Ewers', '3rd Floor', 'aewers1w@unc.edu', '772-221-27', 'AC138'),
('C99', 'Eleanor Cowey', 'Apt 1679', 'ecowey1x@free.fr', '799-774-47', 'AC139');

-- --------------------------------------------------------

--
-- Cấu trúc bảng cho bảng `detailmoviegenre`
--

CREATE TABLE `detailmoviegenre` (
  `MovieID` char(11) NOT NULL,
  `GenreID` char(11) NOT NULL
) ENGINE=InnoDB DEFAULT CHARSET=utf8mb4 COLLATE=utf8mb4_general_ci;

--
-- Đang đổ dữ liệu cho bảng `detailmoviegenre`
--

INSERT INTO `detailmoviegenre` (`MovieID`, `GenreID`) VALUES
('M1', 'G10'),
('M10', 'G2'),
('M11', 'G1'),
('M12', 'G12'),
('M13', 'G12'),
('M14', 'G10'),
('M15', 'G3'),
('M16', 'G3'),
('M17', 'G2'),
('M18', 'G7'),
('M19', 'G3'),
('M2', 'G2'),
('M20', 'G6'),
('M21', 'G3'),
('M22', 'G3'),
('M23', 'G3'),
('M24', 'G11'),
('M25', 'G7'),
('M26', 'G7'),
('M27', 'G10'),
('M28', 'G12'),
('M29', 'G12'),
('M3', 'G3'),
('M30', 'G3'),
('M31', 'G7'),
('M32', 'G1'),
('M33', 'G4'),
('M34', 'G10'),
('M4', 'G11'),
('M5', 'G12'),
('M6', 'G2'),
('M7', 'G6'),
('M8', 'G7'),
('M9', 'G10');

-- --------------------------------------------------------

--
-- Cấu trúc bảng cho bảng `detailticket`
--

CREATE TABLE `detailticket` (
  `TicketID` char(11) NOT NULL,
  `BookingID` char(11) NOT NULL
) ENGINE=InnoDB DEFAULT CHARSET=utf8mb4 COLLATE=utf8mb4_general_ci;

--
-- Đang đổ dữ liệu cho bảng `detailticket`
--

INSERT INTO `detailticket` (`TicketID`, `BookingID`) VALUES
('TK10', '918'),
('TK100', '306'),
('TK1001', '216'),
('TK1002', '118'),
('TK1003', '118'),
('TK1004', '740'),
('TK1005', '740'),
('TK1006', '396'),
('TK1007', '396'),
('TK1008', '926'),
('TK1009', '926'),
('TK101', '306'),
('TK1010', '802'),
('TK1011', '802'),
('TK1012', '140'),
('TK1013', '140'),
('TK1014', '785'),
('TK1015', '785'),
('TK1016', '643'),
('TK1017', '643'),
('TK1018', '217'),
('TK1019', '217'),
('TK102', '901'),
('TK1020', '145'),
('TK1021', '145'),
('TK1022', '547'),
('TK1023', '547'),
('TK1024', '766'),
('TK1025', '766'),
('TK1026', '268'),
('TK1027', '268'),
('TK1028', '570'),
('TK1029', '570'),
('TK103', '901'),
('TK1030', '628'),
('TK1031', '628'),
('TK1032', '615'),
('TK1033', '615'),
('TK1034', '100'),
('TK1035', '100'),
('TK1036', '740'),
('TK1037', '740'),
('TK1038', '1022'),
('TK1039', '1022'),
('TK104', '1018'),
('TK1040', '816'),
('TK1041', '816'),
('TK1042', '655'),
('TK1043', '655'),
('TK1044', '794'),
('TK1045', '794'),
('TK1046', '120'),
('TK1047', '120'),
('TK1048', '196'),
('TK1049', '196'),
('TK105', '1018'),
('TK1050', '675'),
('TK1051', '675'),
('TK1052', '520'),
('TK1053', '520'),
('TK1054', '1001'),
('TK1055', '1001'),
('TK1056', '503'),
('TK1057', '503'),
('TK1058', '854'),
('TK1059', '854'),
('TK106', '280'),
('TK1060', '275'),
('TK1061', '275'),
('TK1062', '358'),
('TK1063', '358'),
('TK1064', '926'),
('TK1065', '926'),
('TK1066', '430'),
('TK1067', '430'),
('TK1068', '216'),
('TK1069', '216'),
('TK107', '280'),
('TK1070', '914'),
('TK1071', '914'),
('TK1072', '302'),
('TK1073', '302'),
('TK1074', '986'),
('TK1075', '986'),
('TK1076', '199'),
('TK1077', '199'),
('TK1078', '122'),
('TK1079', '122'),
('TK108', '111'),
('TK1080', '266'),
('TK1081', '266'),
('TK1082', '638'),
('TK1083', '638'),
('TK1084', '975'),
('TK1085', '975'),
('TK1086', '1037'),
('TK1087', '1037'),
('TK1088', '208'),
('TK1089', '208'),
('TK109', '111'),
('TK1090', '251'),
('TK1091', '251'),
('TK1092', '528'),
('TK1093', '528'),
('TK1094', '160'),
('TK1095', '160'),
('TK1096', '788'),
('TK1097', '788'),
('TK1098', '1099'),
('TK1099', '1099'),
('TK11', '918'),
('TK110', '625'),
('TK1100', '265'),
('TK111', '625'),
('TK112', '269'),
('TK113', '269'),
('TK114', '273'),
('TK115', '273'),
('TK116', '212'),
('TK117', '212'),
('TK118', '558'),
('TK119', '558'),
('TK12', '104'),
('TK120', '962'),
('TK121', '962'),
('TK122', '815'),
('TK12251', '800'),
('TK12252', '296'),
('TK12253', '296'),
('TK12254', '577'),
('TK12255', '577'),
('TK12256', '720'),
('TK12257', '720'),
('TK12258', '144'),
('TK12259', '144'),
('TK12260', '805'),
('TK12261', '805'),
('TK12262', '718'),
('TK12263', '718'),
('TK12264', '971'),
('TK12265', '971'),
('TK12266', '1012'),
('TK12267', '1012'),
('TK12268', '478'),
('TK12269', '478'),
('TK12270', '847'),
('TK12271', '847'),
('TK12272', '656'),
('TK12273', '656'),
('TK12274', '442'),
('TK12275', '442'),
('TK12276', '1051'),
('TK12277', '1051'),
('TK12278', '632'),
('TK12279', '632'),
('TK12280', '546'),
('TK12281', '546'),
('TK12282', '806'),
('TK12283', '806'),
('TK12284', '735'),
('TK12285', '735'),
('TK12286', '281'),
('TK12287', '281'),
('TK12288', '527'),
('TK12289', '527'),
('TK12290', '236'),
('TK12291', '236'),
('TK12292', '774'),
('TK12293', '774'),
('TK12294', '576'),
('TK12295', '576'),
('TK12296', '588'),
('TK12297', '588'),
('TK12298', '801'),
('TK12299', '801'),
('TK123', '815'),
('TK12300', '298'),
('TK12301', '298'),
('TK12302', '292'),
('TK12303', '292'),
('TK12304', '619'),
('TK12305', '619'),
('TK12306', '972'),
('TK12307', '972'),
('TK12308', '188'),
('TK12309', '188'),
('TK12310', '172'),
('TK12311', '172'),
('TK12312', '827'),
('TK12313', '827'),
('TK12314', '614'),
('TK12315', '614'),
('TK12316', '617'),
('TK12317', '617'),
('TK12318', '964'),
('TK12319', '964'),
('TK12320', '299'),
('TK12321', '299'),
('TK12322', '460'),
('TK12323', '460'),
('TK12324', '847'),
('TK12325', '847'),
('TK12326', '1098'),
('TK12327', '1098'),
('TK12328', '301'),
('TK12329', '301'),
('TK12330', '134'),
('TK12331', '134'),
('TK12332', '1084'),
('TK12333', '1084'),
('TK12334', '462'),
('TK12335', '462'),
('TK12336', '471'),
('TK12337', '471'),
('TK12338', '935'),
('TK12339', '935'),
('TK12340', '989'),
('TK12341', '989'),
('TK12342', '260'),
('TK12343', '260'),
('TK12344', '1047'),
('TK12345', '1047'),
('TK12346', '783'),
('TK12347', '783'),
('TK12348', '139'),
('TK12349', '139'),
('TK12350', '355'),
('TK12351', '355'),
('TK12352', '533'),
('TK12353', '533'),
('TK12354', '341'),
('TK12355', '341'),
('TK12356', '274'),
('TK12357', '274'),
('TK12358', '970'),
('TK12359', '970'),
('TK12360', '903'),
('TK12361', '903'),
('TK12362', '517'),
('TK12363', '517'),
('TK12364', '788'),
('TK12365', '788'),
('TK12366', '545'),
('TK12367', '545'),
('TK12368', '106'),
('TK12369', '106'),
('TK12370', '948'),
('TK12371', '948'),
('TK12372', '147'),
('TK12373', '147'),
('TK12374', '1028'),
('TK12375', '1028'),
('TK12376', '747'),
('TK12377', '747'),
('TK12378', '247'),
('TK12379', '247'),
('TK12380', '360'),
('TK12381', '360'),
('TK12382', '789'),
('TK12383', '789'),
('TK12384', '583'),
('TK12385', '583'),
('TK12386', '655'),
('TK12387', '655'),
('TK12388', '720'),
('TK12389', '720'),
('TK12390', '142'),
('TK12391', '142'),
('TK12392', '643'),
('TK12393', '643'),
('TK12394', '1091'),
('TK12395', '1091'),
('TK12396', '490'),
('TK12397', '490'),
('TK12398', '667'),
('TK12399', '667'),
('TK124', '997'),
('TK12400', '169'),
('TK12451', '122'),
('TK12452', '517'),
('TK12453', '517'),
('TK12454', '405'),
('TK12455', '405'),
('TK12456', '514'),
('TK12457', '514'),
('TK12458', '410'),
('TK12459', '410'),
('TK12460', '489'),
('TK12461', '489'),
('TK12462', '901'),
('TK12463', '901'),
('TK12464', '826'),
('TK12465', '826'),
('TK12466', '726'),
('TK12467', '726'),
('TK12468', '921'),
('TK12469', '921'),
('TK12470', '790'),
('TK12471', '790'),
('TK12472', '227'),
('TK12473', '227'),
('TK12474', '740'),
('TK12475', '740'),
('TK12476', '981'),
('TK12477', '981'),
('TK12478', '518'),
('TK12479', '518'),
('TK12480', '755'),
('TK12481', '755'),
('TK12482', '667'),
('TK12483', '667'),
('TK12484', '590'),
('TK12485', '590'),
('TK12486', '883'),
('TK12487', '883'),
('TK12488', '527'),
('TK12489', '527'),
('TK12490', '288'),
('TK12491', '288'),
('TK12492', '522'),
('TK12493', '522'),
('TK12494', '345'),
('TK12495', '345'),
('TK12496', '287'),
('TK12497', '287'),
('TK12498', '1094'),
('TK12499', '1094'),
('TK125', '997'),
('TK12500', '919'),
('TK126', '152'),
('TK127', '152'),
('TK128', '667'),
('TK129', '667'),
('TK13', '104'),
('TK130', '623'),
('TK131', '623'),
('TK132', '672'),
('TK133', '672'),
('TK134', '925'),
('TK135', '925'),
('TK136', '636'),
('TK137', '636'),
('TK138', '1051'),
('TK139', '1051'),
('TK14', '663'),
('TK140', '972'),
('TK141', '972'),
('TK142', '779'),
('TK143', '779'),
('TK144', '957'),
('TK145', '957'),
('TK146', '109'),
('TK147', '109'),
('TK148', '956'),
('TK149', '956'),
('TK15', '663'),
('TK150', '305'),
('TK151', '305'),
('TK152', '199'),
('TK153', '199'),
('TK154', '454'),
('TK155', '454'),
('TK156', '1066'),
('TK157', '1066'),
('TK158', '912'),
('TK159', '912'),
('TK16', '697'),
('TK160', '480'),
('TK161', '480'),
('TK162', '523'),
('TK163', '523'),
('TK164', '783'),
('TK165', '783'),
('TK166', '784'),
('TK167', '784'),
('TK168', '743'),
('TK169', '743'),
('TK17', '697'),
('TK170', '714'),
('TK171', '714'),
('TK172', '872'),
('TK173', '872'),
('TK174', '102'),
('TK175', '102'),
('TK176', '184'),
('TK177', '184'),
('TK178', '494'),
('TK179', '494'),
('TK18', '238'),
('TK180', '838'),
('TK181', '838'),
('TK182', '802'),
('TK183', '802'),
('TK184', '140'),
('TK185', '140'),
('TK186', '785'),
('TK187', '785'),
('TK188', '430'),
('TK189', '430'),
('TK19', '238'),
('TK190', '579'),
('TK191', '579'),
('TK192', '569'),
('TK193', '569'),
('TK194', '896'),
('TK195', '896'),
('TK196', '777'),
('TK197', '777'),
('TK198', '731'),
('TK199', '731'),
('TK2', '913'),
('TK20', '569'),
('TK200', '574'),
('TK201', '574'),
('TK202', '533'),
('TK203', '533'),
('TK204', '633'),
('TK205', '633'),
('TK206', '752'),
('TK207', '752'),
('TK208', '588'),
('TK209', '588'),
('TK21', '569'),
('TK210', '695'),
('TK211', '695'),
('TK212', '165'),
('TK213', '165'),
('TK214', '330'),
('TK215', '330'),
('TK216', '342'),
('TK217', '342'),
('TK218', '404'),
('TK219', '404'),
('TK22', '536'),
('TK220', '186'),
('TK221', '186'),
('TK222', '651'),
('TK223', '651'),
('TK224', '757'),
('TK225', '757'),
('TK226', '794'),
('TK227', '794'),
('TK228', '1017'),
('TK229', '1017'),
('TK23', '536'),
('TK230', '475'),
('TK231', '475'),
('TK232', '201'),
('TK233', '201'),
('TK234', '826'),
('TK235', '826'),
('TK236', '764'),
('TK237', '764'),
('TK238', '480'),
('TK239', '480'),
('TK24', '226'),
('TK240', '592'),
('TK241', '592'),
('TK242', '331'),
('TK243', '331'),
('TK244', '453'),
('TK245', '453'),
('TK246', '857'),
('TK247', '857'),
('TK248', '414'),
('TK249', '414'),
('TK25', '226'),
('TK250', '1030'),
('TK251', '1030'),
('TK252', '610'),
('TK253', '610'),
('TK254', '647'),
('TK255', '647'),
('TK256', '947'),
('TK257', '947'),
('TK258', '935'),
('TK259', '935'),
('TK26', '333'),
('TK260', '1001'),
('TK261', '1001'),
('TK262', '211'),
('TK263', '211'),
('TK264', '495'),
('TK265', '495'),
('TK266', '781'),
('TK267', '781'),
('TK268', '1090'),
('TK269', '1090'),
('TK27', '333'),
('TK270', '807'),
('TK271', '807'),
('TK272', '248'),
('TK273', '248'),
('TK274', '415'),
('TK275', '415'),
('TK276', '338'),
('TK277', '338'),
('TK278', '210'),
('TK279', '210'),
('TK28', '101'),
('TK280', '305'),
('TK281', '305'),
('TK282', '285'),
('TK283', '285'),
('TK284', '882'),
('TK285', '882'),
('TK286', '137'),
('TK287', '137'),
('TK288', '343'),
('TK289', '343'),
('TK29', '101'),
('TK290', '157'),
('TK291', '157'),
('TK292', '752'),
('TK293', '752'),
('TK294', '432'),
('TK295', '432'),
('TK296', '970'),
('TK297', '970'),
('TK298', '489'),
('TK299', '489'),
('TK3', '913'),
('TK30', '148'),
('TK300', '827'),
('TK301', '827'),
('TK302', '811'),
('TK303', '811'),
('TK304', '706'),
('TK305', '706'),
('TK306', '784'),
('TK307', '784'),
('TK308', '293'),
('TK309', '293'),
('TK31', '148'),
('TK310', '616'),
('TK311', '616'),
('TK312', '221'),
('TK313', '221'),
('TK314', '209'),
('TK315', '209'),
('TK316', '514'),
('TK317', '514'),
('TK318', '515'),
('TK319', '515'),
('TK32', '703'),
('TK320', '1058'),
('TK321', '1058'),
('TK322', '325'),
('TK323', '325'),
('TK324', '743'),
('TK325', '743'),
('TK326', '697'),
('TK327', '697'),
('TK328', '483'),
('TK329', '483'),
('TK33', '703'),
('TK330', '306'),
('TK331', '306'),
('TK332', '641'),
('TK333', '641'),
('TK334', '480'),
('TK335', '480'),
('TK336', '340'),
('TK337', '340'),
('TK338', '187'),
('TK339', '187'),
('TK34', '414'),
('TK340', '228'),
('TK341', '228'),
('TK342', '838'),
('TK343', '838'),
('TK344', '283'),
('TK345', '283'),
('TK346', '1038'),
('TK347', '1038'),
('TK348', '834'),
('TK349', '834'),
('TK35', '414'),
('TK350', '463'),
('TK351', '463'),
('TK352', '465'),
('TK353', '465'),
('TK354', '722'),
('TK355', '722'),
('TK356', '156'),
('TK357', '156'),
('TK358', '745'),
('TK359', '745'),
('TK36', '1038'),
('TK360', '333'),
('TK361', '333'),
('TK362', '590'),
('TK363', '590'),
('TK364', '1066'),
('TK365', '1066'),
('TK366', '626'),
('TK367', '626'),
('TK368', '160'),
('TK369', '160'),
('TK37', '1038'),
('TK370', '214'),
('TK371', '214'),
('TK372', '836'),
('TK373', '836'),
('TK374', '976'),
('TK375', '976'),
('TK376', '193'),
('TK377', '193'),
('TK378', '1038'),
('TK379', '1038'),
('TK38', '218'),
('TK380', '304'),
('TK381', '304'),
('TK382', '350'),
('TK383', '350'),
('TK384', '491'),
('TK385', '491'),
('TK386', '1088'),
('TK387', '1088'),
('TK388', '902'),
('TK389', '902'),
('TK39', '218'),
('TK390', '951'),
('TK391', '951'),
('TK392', '985'),
('TK393', '985'),
('TK394', '469'),
('TK395', '469'),
('TK396', '861'),
('TK397', '861'),
('TK398', '412'),
('TK399', '412'),
('TK4', '371'),
('TK40', '385'),
('TK400', '867'),
('TK401', '867'),
('TK402', '1076'),
('TK403', '1076'),
('TK404', '352'),
('TK405', '352'),
('TK406', '303'),
('TK407', '303'),
('TK408', '393'),
('TK409', '393'),
('TK41', '385'),
('TK410', '509'),
('TK411', '509'),
('TK412', '587'),
('TK413', '587'),
('TK414', '874'),
('TK415', '874'),
('TK416', '242'),
('TK417', '242'),
('TK418', '153'),
('TK419', '153'),
('TK42', '607'),
('TK420', '1098'),
('TK421', '1098'),
('TK422', '236'),
('TK423', '236'),
('TK424', '117'),
('TK425', '117'),
('TK426', '133'),
('TK427', '133'),
('TK428', '515'),
('TK429', '515'),
('TK43', '607'),
('TK430', '221'),
('TK431', '221'),
('TK432', '198'),
('TK433', '198'),
('TK434', '962'),
('TK435', '962'),
('TK436', '259'),
('TK437', '259'),
('TK438', '1039'),
('TK439', '1039'),
('TK44', '884'),
('TK440', '906'),
('TK441', '906'),
('TK442', '500'),
('TK443', '500'),
('TK444', '754'),
('TK445', '754'),
('TK446', '1078'),
('TK447', '1078'),
('TK448', '441'),
('TK449', '441'),
('TK45', '884'),
('TK450', '136'),
('TK451', '136'),
('TK452', '988'),
('TK454', '704'),
('TK455', '704'),
('TK456', '565'),
('TK457', '565'),
('TK459', '361'),
('TK46', '457'),
('TK460', '313'),
('TK461', '313'),
('TK462', '595'),
('TK464', '459'),
('TK466', '396'),
('TK467', '396'),
('TK468', '800'),
('TK469', '800'),
('TK47', '457'),
('TK470', '721'),
('TK472', '602'),
('TK473', '602'),
('TK475', '486'),
('TK476', '649'),
('TK477', '649'),
('TK478', '343'),
('TK479', '343'),
('TK48', '369'),
('TK480', '785'),
('TK482', '213'),
('TK483', '213'),
('TK484', '839'),
('TK485', '839'),
('TK486', '116'),
('TK487', '116'),
('TK489', '654'),
('TK49', '369'),
('TK490', '713'),
('TK491', '713'),
('TK492', '1066'),
('TK493', '1066'),
('TK494', '808'),
('TK495', '808'),
('TK496', '383'),
('TK498', '818'),
('TK499', '818'),
('TK5', '371'),
('TK50', '853'),
('TK500', '612'),
('TK51', '853'),
('TK52', '340'),
('TK53', '340'),
('TK54', '506'),
('TK55', '506'),
('TK56', '829'),
('TK57', '829'),
('TK58', '891'),
('TK59', '891'),
('TK5951', '805'),
('TK5952', '877'),
('TK5953', '877'),
('TK5954', '179'),
('TK5955', '179'),
('TK5956', '911'),
('TK5957', '911'),
('TK5958', '434'),
('TK5959', '434'),
('TK5960', '840'),
('TK5961', '840'),
('TK5962', '787'),
('TK5963', '787'),
('TK5964', '167'),
('TK5965', '167'),
('TK5966', '487'),
('TK5967', '487'),
('TK5968', '843'),
('TK5969', '843'),
('TK5970', '786'),
('TK5971', '786'),
('TK5972', '324'),
('TK5973', '324'),
('TK5974', '986'),
('TK5975', '986'),
('TK5976', '1077'),
('TK5977', '1077'),
('TK5978', '449'),
('TK5979', '449'),
('TK5980', '541'),
('TK5981', '541'),
('TK5982', '224'),
('TK5983', '224'),
('TK5984', '335'),
('TK5985', '335'),
('TK5986', '210'),
('TK5987', '210'),
('TK5988', '306'),
('TK5989', '306'),
('TK5990', '340'),
('TK5991', '340'),
('TK5992', '739'),
('TK5993', '739'),
('TK5994', '551'),
('TK5995', '551'),
('TK5996', '566'),
('TK5997', '566'),
('TK5998', '707'),
('TK5999', '707'),
('TK6', '662'),
('TK60', '986'),
('TK6000', '466'),
('TK6001', '466'),
('TK6002', '107'),
('TK6003', '107'),
('TK6004', '274'),
('TK6005', '274'),
('TK6006', '506'),
('TK6007', '506'),
('TK6008', '579'),
('TK6009', '579'),
('TK6010', '296'),
('TK6011', '296'),
('TK6012', '363'),
('TK6013', '363'),
('TK6014', '929'),
('TK6015', '929'),
('TK6016', '981'),
('TK6017', '981'),
('TK6018', '193'),
('TK6019', '193'),
('TK6020', '681'),
('TK6021', '681'),
('TK6022', '739'),
('TK6023', '739'),
('TK6024', '811'),
('TK6025', '811'),
('TK6026', '313'),
('TK6027', '313'),
('TK6028', '755'),
('TK6029', '755'),
('TK6030', '1016'),
('TK6031', '1016'),
('TK6032', '546'),
('TK6033', '546'),
('TK6034', '143'),
('TK6035', '143'),
('TK6036', '823'),
('TK6037', '823'),
('TK6038', '1089'),
('TK6039', '1089'),
('TK6040', '655'),
('TK6041', '655'),
('TK6042', '799'),
('TK6043', '799'),
('TK6044', '690'),
('TK6045', '690'),
('TK6046', '460'),
('TK6047', '460'),
('TK6048', '645'),
('TK6049', '645'),
('TK6050', '133'),
('TK6051', '133'),
('TK6052', '659'),
('TK6053', '659'),
('TK6054', '544'),
('TK6055', '544'),
('TK6056', '411'),
('TK6057', '411'),
('TK6058', '291'),
('TK6059', '291'),
('TK6060', '542'),
('TK6061', '542'),
('TK6062', '900'),
('TK6063', '900'),
('TK6064', '881'),
('TK6065', '881'),
('TK6066', '1053'),
('TK6067', '1053'),
('TK6068', '432'),
('TK6069', '432'),
('TK6070', '425'),
('TK6071', '425'),
('TK6072', '123'),
('TK6073', '123'),
('TK6074', '811'),
('TK6075', '811'),
('TK6076', '916'),
('TK6077', '916'),
('TK6078', '892'),
('TK6079', '892'),
('TK6080', '1015'),
('TK6081', '1015'),
('TK6082', '561'),
('TK6083', '561'),
('TK6084', '440'),
('TK6085', '440'),
('TK6086', '815'),
('TK6087', '815'),
('TK6088', '1007'),
('TK6089', '1007'),
('TK6090', '323'),
('TK6091', '323'),
('TK6092', '359'),
('TK6093', '359'),
('TK6094', '148'),
('TK6095', '148'),
('TK6096', '673'),
('TK6097', '673'),
('TK6098', '896'),
('TK6099', '896'),
('TK61', '986'),
('TK6100', '901'),
('TK6101', '901'),
('TK6102', '1086'),
('TK6103', '1086'),
('TK6104', '647'),
('TK6105', '647'),
('TK6106', '1060'),
('TK6107', '1060'),
('TK6108', '240'),
('TK6109', '240'),
('TK6110', '663'),
('TK6111', '663'),
('TK6112', '740'),
('TK6113', '740'),
('TK6114', '1013'),
('TK6115', '1013'),
('TK6116', '1039'),
('TK6117', '1039'),
('TK6118', '160'),
('TK6119', '160'),
('TK6120', '380'),
('TK6121', '380'),
('TK6122', '191'),
('TK6123', '191'),
('TK6124', '598'),
('TK6125', '598'),
('TK6126', '813'),
('TK6127', '813'),
('TK6128', '722'),
('TK6129', '722'),
('TK6130', '1065'),
('TK6131', '1065'),
('TK6132', '309'),
('TK6133', '309'),
('TK6134', '376'),
('TK6135', '376'),
('TK6136', '940'),
('TK6137', '940'),
('TK6138', '509'),
('TK6139', '509'),
('TK6140', '137'),
('TK6141', '137'),
('TK6142', '135'),
('TK6143', '135'),
('TK6144', '157'),
('TK6145', '157'),
('TK6146', '704'),
('TK6147', '704'),
('TK6148', '621'),
('TK6149', '621'),
('TK6150', '1020'),
('TK6151', '1020'),
('TK6152', '880'),
('TK6153', '880'),
('TK6154', '808'),
('TK6155', '808'),
('TK6156', '1044'),
('TK6157', '1044'),
('TK6158', '454'),
('TK6159', '454'),
('TK6160', '872'),
('TK6161', '872'),
('TK6162', '160'),
('TK6163', '160'),
('TK6164', '290'),
('TK6165', '290'),
('TK6166', '566'),
('TK6167', '566'),
('TK6168', '373'),
('TK6169', '373'),
('TK6170', '560'),
('TK6171', '560'),
('TK6172', '691'),
('TK6173', '691'),
('TK6174', '123'),
('TK6175', '123'),
('TK6176', '682'),
('TK6177', '682'),
('TK6178', '487'),
('TK6179', '487'),
('TK6180', '390'),
('TK6181', '390'),
('TK6182', '715'),
('TK6183', '715'),
('TK6184', '949'),
('TK6185', '949'),
('TK6186', '738'),
('TK6187', '738'),
('TK6188', '1058'),
('TK6189', '1058'),
('TK6190', '823'),
('TK6191', '823'),
('TK6192', '314'),
('TK6193', '314'),
('TK6194', '489'),
('TK6195', '489'),
('TK6196', '495'),
('TK6197', '495'),
('TK6198', '257'),
('TK6199', '257'),
('TK62', '807'),
('TK6200', '284'),
('TK6251', '747'),
('TK6252', '938'),
('TK6253', '938'),
('TK6254', '361'),
('TK6255', '361'),
('TK6256', '364'),
('TK6257', '364'),
('TK6258', '815'),
('TK6259', '815'),
('TK6260', '507'),
('TK6261', '507'),
('TK6262', '593'),
('TK6263', '593'),
('TK6264', '732'),
('TK6265', '732'),
('TK6266', '392'),
('TK6267', '392'),
('TK6268', '724'),
('TK6269', '724'),
('TK6270', '302'),
('TK6271', '302'),
('TK6272', '503'),
('TK6273', '503'),
('TK6274', '713'),
('TK6275', '713'),
('TK6276', '130'),
('TK6277', '130'),
('TK6278', '782'),
('TK6279', '782'),
('TK6280', '917'),
('TK6281', '917'),
('TK6282', '1049'),
('TK6283', '1049'),
('TK6284', '319'),
('TK6285', '319'),
('TK6286', '1049'),
('TK6287', '1049'),
('TK6288', '584'),
('TK6289', '584'),
('TK6290', '1006'),
('TK6291', '1006'),
('TK6292', '1000'),
('TK6293', '1000'),
('TK6294', '366'),
('TK6295', '366'),
('TK6296', '299'),
('TK6297', '299'),
('TK6298', '492'),
('TK6299', '492'),
('TK63', '807'),
('TK6300', '395'),
('TK6301', '395'),
('TK6302', '578'),
('TK6303', '578'),
('TK6304', '574'),
('TK6305', '574'),
('TK6306', '260'),
('TK6307', '260'),
('TK6308', '180'),
('TK6309', '180'),
('TK6310', '612'),
('TK6311', '612'),
('TK6312', '775'),
('TK6313', '775'),
('TK6314', '117'),
('TK6315', '117'),
('TK6316', '388'),
('TK6317', '388'),
('TK6318', '786'),
('TK6319', '786'),
('TK6320', '326'),
('TK6321', '326'),
('TK6322', '1068'),
('TK6323', '1068'),
('TK6324', '645'),
('TK6325', '645'),
('TK6326', '197'),
('TK6327', '197'),
('TK6328', '657'),
('TK6329', '657'),
('TK6330', '196'),
('TK6331', '196'),
('TK6332', '1086'),
('TK6333', '1086'),
('TK6334', '297'),
('TK6335', '297'),
('TK6336', '268'),
('TK6337', '268'),
('TK6338', '422'),
('TK6339', '422'),
('TK6340', '309'),
('TK6341', '309'),
('TK6342', '763'),
('TK6343', '763'),
('TK6344', '238'),
('TK6345', '238'),
('TK6346', '764'),
('TK6347', '764'),
('TK6348', '713'),
('TK6349', '713'),
('TK6350', '115'),
('TK6351', '115'),
('TK6352', '928'),
('TK6353', '928'),
('TK6354', '918'),
('TK6355', '918'),
('TK6356', '476'),
('TK6362', '383'),
('TK6363', '383'),
('TK6365', '425'),
('TK6366', '109'),
('TK6368', '320'),
('TK6369', '320'),
('TK6370', '539'),
('TK6371', '539'),
('TK6372', '569'),
('TK6373', '569'),
('TK6374', '944'),
('TK6375', '944'),
('TK6377', '270'),
('TK6379', '1009'),
('TK6380', '327'),
('TK6381', '327'),
('TK6383', '377'),
('TK6384', '393'),
('TK6385', '393'),
('TK6386', '770'),
('TK6388', '613'),
('TK6390', '857'),
('TK6391', '857'),
('TK6392', '896'),
('TK6393', '896'),
('TK6394', '339'),
('TK6395', '339'),
('TK6396', '329'),
('TK6397', '329'),
('TK6399', '139'),
('TK64', '247'),
('TK6400', '517'),
('TK65', '247'),
('TK66', '120'),
('TK67', '120'),
('TK68', '282'),
('TK69', '282'),
('TK6901', '1090'),
('TK6902', '155'),
('TK6903', '155'),
('TK6904', '245'),
('TK6905', '245'),
('TK6906', '568'),
('TK6907', '568'),
('TK6908', '134'),
('TK6909', '134'),
('TK6910', '377'),
('TK6911', '377'),
('TK6912', '349'),
('TK6913', '349'),
('TK6914', '570'),
('TK6915', '570'),
('TK6916', '683'),
('TK6917', '683'),
('TK6918', '318'),
('TK6919', '318'),
('TK6920', '561'),
('TK6921', '561'),
('TK6922', '318'),
('TK6923', '318'),
('TK6924', '704'),
('TK6925', '704'),
('TK6926', '676'),
('TK6927', '676'),
('TK6928', '569'),
('TK6929', '569'),
('TK6930', '342'),
('TK6931', '342'),
('TK6932', '412'),
('TK6933', '412'),
('TK6934', '242'),
('TK6935', '242'),
('TK6936', '461'),
('TK6937', '461'),
('TK6938', '808'),
('TK6939', '808'),
('TK6940', '480'),
('TK6941', '480'),
('TK6942', '944'),
('TK6943', '944'),
('TK6944', '868'),
('TK6945', '868'),
('TK6946', '682'),
('TK6947', '682'),
('TK6948', '664'),
('TK6949', '664'),
('TK6950', '684'),
('TK6951', '684'),
('TK6952', '177'),
('TK6953', '177'),
('TK6954', '1069'),
('TK6955', '1069'),
('TK6956', '790'),
('TK6957', '790'),
('TK6958', '326'),
('TK6959', '326'),
('TK6960', '471'),
('TK6961', '471'),
('TK6962', '743'),
('TK6963', '743'),
('TK6964', '435'),
('TK6965', '435'),
('TK6966', '810'),
('TK6967', '810'),
('TK6968', '640'),
('TK6969', '640'),
('TK6970', '935'),
('TK6971', '935'),
('TK6972', '365'),
('TK6973', '365'),
('TK6974', '853'),
('TK6975', '853'),
('TK6976', '830'),
('TK6977', '830'),
('TK6978', '742'),
('TK6979', '742'),
('TK6980', '557'),
('TK6981', '557'),
('TK6982', '626'),
('TK6983', '626'),
('TK6984', '229'),
('TK6985', '229'),
('TK6986', '245'),
('TK6987', '245'),
('TK6988', '544'),
('TK6989', '544'),
('TK6990', '868'),
('TK6991', '868'),
('TK6992', '950'),
('TK6993', '950'),
('TK6994', '328'),
('TK6995', '328'),
('TK6996', '213'),
('TK6997', '213'),
('TK6998', '649'),
('TK6999', '649'),
('TK7', '662'),
('TK70', '471'),
('TK7000', '398'),
('TK71', '471'),
('TK72', '354'),
('TK73', '354'),
('TK74', '724'),
('TK75', '724'),
('TK76', '595'),
('TK77', '595'),
('TK78', '649'),
('TK79', '649'),
('TK8', '657'),
('TK80', '822'),
('TK81', '822'),
('TK82', '640'),
('TK83', '640'),
('TK84', '797'),
('TK85', '797'),
('TK86', '984'),
('TK87', '984'),
('TK88', '801'),
('TK89', '801'),
('TK9', '657'),
('TK90', '684'),
('TK91', '684'),
('TK92', '684'),
('TK93', '684'),
('TK94', '244'),
('TK95', '244'),
('TK9501', '934'),
('TK9502', '310'),
('TK9503', '310'),
('TK9504', '272'),
('TK9505', '272'),
('TK9506', '195'),
('TK9507', '195'),
('TK9508', '785'),
('TK9509', '785'),
('TK9510', '1098'),
('TK9511', '1098'),
('TK9512', '411'),
('TK9513', '411'),
('TK9514', '859'),
('TK9515', '859'),
('TK9516', '656'),
('TK9517', '656'),
('TK9518', '414'),
('TK9519', '414'),
('TK9520', '669'),
('TK9521', '669'),
('TK9522', '216'),
('TK9523', '216'),
('TK9524', '494'),
('TK9525', '494'),
('TK9526', '186'),
('TK9527', '186'),
('TK9528', '586'),
('TK9529', '586'),
('TK9530', '140'),
('TK9531', '140'),
('TK9532', '643'),
('TK9533', '643'),
('TK9534', '338'),
('TK9535', '338'),
('TK9536', '1046'),
('TK9537', '1046'),
('TK9538', '159'),
('TK9539', '159'),
('TK9540', '811'),
('TK9541', '811'),
('TK9542', '906'),
('TK9543', '906'),
('TK9544', '720'),
('TK9545', '720'),
('TK9546', '437'),
('TK9547', '437'),
('TK9548', '346'),
('TK9549', '346'),
('TK9550', '1052'),
('TK9551', '1052'),
('TK9552', '864'),
('TK9553', '864'),
('TK9554', '153'),
('TK9555', '153'),
('TK9556', '411'),
('TK9557', '411'),
('TK9558', '401'),
('TK9559', '401'),
('TK9560', '196'),
('TK9561', '196'),
('TK9562', '901'),
('TK9563', '901'),
('TK9564', '857'),
('TK9565', '857'),
('TK9566', '898'),
('TK9567', '898'),
('TK9568', '1081'),
('TK9569', '1081'),
('TK9570', '692'),
('TK9571', '692'),
('TK9572', '789'),
('TK9573', '789'),
('TK9574', '700'),
('TK9575', '700'),
('TK9576', '753'),
('TK9577', '753'),
('TK9578', '531'),
('TK9579', '531'),
('TK9580', '1005'),
('TK9581', '1005'),
('TK9582', '685'),
('TK9583', '685'),
('TK9584', '449'),
('TK9585', '449'),
('TK9586', '601'),
('TK9587', '601'),
('TK9588', '821'),
('TK9589', '821'),
('TK9590', '749'),
('TK9591', '749'),
('TK9592', '308'),
('TK9593', '308'),
('TK9594', '507'),
('TK9595', '507'),
('TK9596', '681'),
('TK9597', '681'),
('TK9598', '150'),
('TK9599', '150'),
('TK96', '955'),
('TK9600', '254'),
('TK9651', '572'),
('TK9652', '871'),
('TK9653', '871'),
('TK9654', '816'),
('TK9655', '816'),
('TK9656', '194'),
('TK9657', '194'),
('TK9658', '246'),
('TK9659', '246'),
('TK9660', '586'),
('TK9661', '586'),
('TK9662', '506'),
('TK9663', '506'),
('TK9664', '541'),
('TK9665', '541'),
('TK9666', '904'),
('TK9667', '904'),
('TK9668', '435'),
('TK9669', '435'),
('TK9670', '464'),
('TK9671', '464'),
('TK9672', '791'),
('TK9673', '791'),
('TK9674', '1070'),
('TK9675', '1070'),
('TK9676', '437'),
('TK9677', '437'),
('TK9678', '307'),
('TK9679', '307'),
('TK9680', '680'),
('TK9681', '680'),
('TK9682', '228'),
('TK9683', '228'),
('TK9684', '696'),
('TK9685', '696'),
('TK9686', '648'),
('TK9687', '648'),
('TK9688', '737'),
('TK9689', '737'),
('TK9690', '1098'),
('TK9691', '1098'),
('TK9692', '134'),
('TK9693', '134'),
('TK9694', '924'),
('TK9695', '924'),
('TK9696', '581'),
('TK9697', '581'),
('TK9698', '381'),
('TK9699', '381'),
('TK97', '955'),
('TK9700', '830'),
('TK9701', '830'),
('TK9702', '200'),
('TK9703', '200'),
('TK9704', '176'),
('TK9705', '176'),
('TK9706', '286'),
('TK9710', '454'),
('TK9711', '454'),
('TK9712', '514'),
('TK9714', '863'),
('TK9715', '863'),
('TK9716', '349'),
('TK9717', '349'),
('TK9718', '555'),
('TK9719', '555'),
('TK9722', '376'),
('TK9723', '376'),
('TK9724', '521'),
('TK9725', '521'),
('TK9727', '356'),
('TK9728', '143'),
('TK9730', '287'),
('TK9731', '287'),
('TK9732', '993'),
('TK9733', '993'),
('TK9735', '962'),
('TK9736', '516'),
('TK9737', '516'),
('TK9738', '415'),
('TK9739', '415'),
('TK9740', '1059'),
('TK9741', '1059'),
('TK9743', '751'),
('TK9744', '735'),
('TK9746', '331'),
('TK9748', '409'),
('TK9749', '409'),
('TK9750', '928'),
('TK98', '904'),
('TK99', '904');

-- --------------------------------------------------------

--
-- Cấu trúc bảng cho bảng `errorreport`
--

CREATE TABLE `errorreport` (
  `ReportID` char(11) NOT NULL,
  `ErrorMessage` varchar(50) NOT NULL,
  `ReportTime` datetime NOT NULL,
  `Status` varchar(50) NOT NULL,
  `CustomerID` char(11) NOT NULL
) ENGINE=InnoDB DEFAULT CHARSET=utf8mb4 COLLATE=utf8mb4_general_ci;

-- --------------------------------------------------------

--
-- Cấu trúc bảng cho bảng `format`
--

CREATE TABLE `format` (
  `FormatID` char(11) NOT NULL,
  `NameFormat` varchar(50) NOT NULL
) ENGINE=InnoDB DEFAULT CHARSET=utf8mb4 COLLATE=utf8mb4_general_ci;

--
-- Đang đổ dữ liệu cho bảng `format`
--

INSERT INTO `format` (`FormatID`, `NameFormat`) VALUES
('F001', '2D'),
('F002', '3D');

-- --------------------------------------------------------

--
-- Cấu trúc bảng cho bảng `language`
--

CREATE TABLE `language` (
  `LanguageID` char(11) NOT NULL,
  `LanguageName` varchar(50) NOT NULL
) ENGINE=InnoDB DEFAULT CHARSET=utf8mb4 COLLATE=utf8mb4_general_ci;

--
-- Đang đổ dữ liệu cho bảng `language`
--

INSERT INTO `language` (`LanguageID`, `LanguageName`) VALUES
('L001', 'Name language 1'),
('L002', 'Name language 2'),
('L10', 'Tiếng Ý'),
('L3', 'Tiếng Việt Nam'),
('L4', 'Tiếng Anh'),
('L5', 'Tiếng Trung Quốc'),
('L6', 'Tiếng Hàn Quốc'),
('L7', 'Tiếng Pháp'),
('L8', 'Tiếng Thái Lan'),
('L9', 'Tiếng Cambodia');

-- --------------------------------------------------------

--
-- Cấu trúc bảng cho bảng `manager`
--

CREATE TABLE `manager` (
  `ManagerID` char(11) NOT NULL,
  `FullName` varchar(50) NOT NULL,
  `Email` varchar(50) NOT NULL,
  `Phone` char(10) NOT NULL,
  `account_id` char(11) NOT NULL
) ENGINE=InnoDB DEFAULT CHARSET=utf8mb4 COLLATE=utf8mb4_general_ci;

--
-- Đang đổ dữ liệu cho bảng `manager`
--

INSERT INTO `manager` (`ManagerID`, `FullName`, `Email`, `Phone`, `account_id`) VALUES
('MG1', 'admin', 'admin', '123456', 'AC61');

-- --------------------------------------------------------

--
-- Cấu trúc bảng cho bảng `menu`
--

CREATE TABLE `menu` (
  `ItemID` char(11) NOT NULL,
  `Name` varchar(50) NOT NULL,
  `Price` float NOT NULL,
  `ImageURL` text NOT NULL,
  `status` int(11) NOT NULL
) ENGINE=InnoDB DEFAULT CHARSET=utf8mb4 COLLATE=utf8mb4_general_ci;

--
-- Đang đổ dữ liệu cho bảng `menu`
--

INSERT INTO `menu` (`ItemID`, `Name`, `Price`, `ImageURL`, `status`) VALUES
('I001', 'Name item 1', 40000, 'ImageURL1', 1),
('I002', 'Name item 2', 40000, 'ImageURL2', 1),
('IT1', 'Bắp rang bơ', 110000, 'images/img/item1.jpeg', 2),
('IT2', 'Coca', 20000, 'images/img/item2.webp', 1),
('IT3', 'Pepsi', 20000, 'images/img/item3.webp', 1),
('IT4', 'Nước cam', 20000, 'images/img/item4.jpeg', 2),
('IT5', 'Snack', 25000, 'images/img/item5.jpg', 1),
('IT6', 'Combo1', 250000, 'images/img/item7.jpg', 2),
('IT7', 'Combo2', 350000, 'images/img/item8.jpeg', 1),
('IT8', 'Combo3', 500000, 'images/img/item9.jpg', 2),
('IT9', 'Bắp rang phô mai', 110000, 'images/img/item6.jpg', 1);

-- --------------------------------------------------------

--
-- Cấu trúc bảng cho bảng `menudetail`
--

CREATE TABLE `menudetail` (
  `Number` int(11) NOT NULL,
  `Total` float NOT NULL,
  `ItemID` char(11) NOT NULL,
  `BookingID` char(11) NOT NULL
) ENGINE=InnoDB DEFAULT CHARSET=utf8mb4 COLLATE=utf8mb4_general_ci;

-- --------------------------------------------------------

--
-- Cấu trúc bảng cho bảng `movie`
--

CREATE TABLE `movie` (
  `MovieID` char(11) NOT NULL,
  `MovieName` varchar(50) NOT NULL,
  `Director` varchar(50) NOT NULL,
  `Year` year(4) NOT NULL,
  `Premiere` date NOT NULL,
  `URLTrailer` text NOT NULL,
  `Time` float NOT NULL,
  `StudioID` char(11) NOT NULL,
  `LanguageID` char(11) NOT NULL,
  `story` text NOT NULL,
  `age` text NOT NULL
) ENGINE=InnoDB DEFAULT CHARSET=utf8mb4 COLLATE=utf8mb4_general_ci;

--
-- Đang đổ dữ liệu cho bảng `movie`
--

INSERT INTO `movie` (`MovieID`, `MovieName`, `Director`, `Year`, `Premiere`, `URLTrailer`, `Time`, `StudioID`, `LanguageID`, `story`, `age`) VALUES
('M1', 'Khắc tinh của quỷ', 'Julius Avery', 2020, '2023-04-05', 'https://youtu.be/VHzgvX25HAY', 104, 'ST1', 'L3', 'Lấy cảm hứng từ những hồ sơ có thật của Cha Gabriele Amorth, Trưởng Trừ Tà của Vatican (Russell Crowe, đoạt giải Oscar), bộ phim The Popes Exorcist theo chân Amorth trong cuộc điều tra về vụ quỷ ám kinh hoàng của một cậu bé và dần khám phá ra những bí mật hàng thế kỷ mà Vatican đã cố gắng giấu kín.', 'C13'),
('M10', 'Tình chị duyên em', 'Wan Wanwaew Hongvivatana', 2022, '2023-04-03', 'https://youtu.be/KJyh89GttL0', 121, 'ST2', 'L3', 'Chuyện phim lấy bối cảnh năm 1999, khi thế giới đang chìm trong nỗi sợ hãi Y2K - sự cố khiến hệ thống máy tính sụp đổ và dự đoán có thể làm trái đất diệt vong khi bước sang năm 2000. Ngay lúc này, hai chị em sinh đôi giống hệt nhau là “You” và “Me” cũng đang lo lắng cho tương lai của họ về việc “làm sao sống mà có thể thiếu vắng nhau”. Cặp song sinh thân thiết với nhau đến mức có thể chia sẻ mọi khía cạnh cuộc sống cho nhau, kể cả nụ hôn đầu. Tình chị em tưởng chừng không thể rạn nứt cho đến khi chàng trai tên Mark chen vào giữa họ. Nếu ngay từ đầu, “lợi ích” của việc có ngoại hình giống hệt nhau được họ áp dụng để gian lận trong nhà hàng, rạp chiếu phim và trường học, thì sự xuất hiện của Mark khiến mọi thứ trở nên rối tung. Khi cặp song sinh phải đối mặt với “mối tình đầu không thể chia sẻ” như những thứ khác, cuộc xung đột nội tâm này sẽ dẫn họ bước sang giai đoạn mới của cuộc đời như thế nào?', 'C16'),
('M11', 'Assassin club', 'Camille Delamarre', 2021, '2023-05-31', 'https://youtu.be/neDUFSt8N0Q', 104, 'ST14', 'L4', 'Morgan Gaines - một sát thủ chuyên nghiệp có nhiệm vụ phải giết bảy người, sau đó Morgan phát hiện ra bảy \"mục tiêu\" cũng là bảy sát thủ nặng ký. Morgan bắt đầu một cuộc săn lùng Quốc tế để loại bỏ từng dấu vết. Trong khi đó, những kẻ ám sát nhắm vào Sophie - tình yêu của cuộc đời Morgan. Sophie trở thành con tốt trong trò chơi sống còn của bảy tên sát thủ. Cách duy nhất để cứu mạng cô ấy là buông bỏ tất cả. Vậy Morgan chọn tình yêu hay sự nghiệp?', 'C16'),
('M12', 'Siêu lừa gặp siêu lầy', 'Võ Thanh Hòa', 2020, '2023-04-22', 'https://youtu.be/NIVa1CCdFv4', 112, 'ST2', 'L3', 'Thuộc phong cách hành động – hài hước với các “cú lừa” thông minh và lầy lội đến từ bộ đôi Tú (Anh Tú) và Khoa (Mạc Văn Khoa), Siêu Lừa Gặp Siêu Lầy của đạo diễn Võ Thanh Hòa theo chân của Khoa – tên lừa đảo tầm cỡ “quốc nội” đến đảo ngọc Phú Quốc với mong muốn đổi đời. Tại đây, Khoa gặp Tú – tay lừa đảo “hàng real” và cùng Tú thực hiện các phi vụ từ nhỏ đến lớn. Cứ ngỡ sự ranh mãnh của Tú và sự may mắn trời cho của Khoa sẽ giúp họ trở thành bộ đôi bất khả chiến bại, nào ngờ lại đối mặt với nhiều tình huống dở khóc – dở cười. Nhất là khi băng nhóm của bộ đôi nhanh chóng mở rộng vì sự góp mặt của ông Năm (Nhất Trung) và bé Mã Lai (Ngọc Phước).', 'C16'),
('M13', 'MY BEAUTIFUL MAN', 'Sakai Mai', 2020, '2023-04-22', 'https://youtu.be/-_bjpJ7noQE', 132, 'ST2', 'L3', 'Chàng Trai Xinh Đẹp Của Tôi xoay quanh chuyện tình thanh xuân tươi đẹp giữa 2 cậu bạn cùng lớp Hira và Kiyoi. Với tính cách khép kín, Hira hay trở thành mục tiêu bắt nạt, sai bảo của bạn bè cùng lớp. Trong khi đó, Kiyoi là mỹ nam hàng đầu với vẻ đẹp “như vị thần”, song cũng là người thường xuyên sai vặt Hira. Nhận ra mình thích Kiyoi từ cái nhìn đầu tiên, Hira làm mọi thứ vì cậu và mối quan hệ của cả hai dần thắt chặt sau khi Hira thấy Kiyoi tập nhảy để thi làm idol. Hira hứa giữ bí mật này cho Kiyoi và dần dà, những bức ảnh trong máy của Hira đều toàn là Kiyoi - người mà cậu tôn thờ và là “chàng trai xinh đẹp nhất”. Trong khi đó, Kiyoi cũng có tình cảm với Hira nhưng ngoài mặt vẫn lạnh lùng, miệng lại “hỗn”. Liệu cả hai sẽ tìm cách gì để bày tỏ lòng mình cho đối phương, và cuộc sống tình cảm của 2 con người trái dấu này có gì thú vị?', 'C16'),
('M14', 'THE GHOST WITHIN', 'Lawrence Fowler', 2022, '2023-04-23', 'https://youtu.be/3MKRzG9k76Q', 102, 'ST17', 'L4', 'Đã 20 năm nhưng bí ẩn về cái ch.ế.t của người em gái vẫn chưa có lời giải đáp. Sự thật về bi kịch gia đình đã khiến thời khắc kinh hoàng lại xuất hiện đúng lúc đồng hồ điểm 09:09 mỗi đêm. Duy nhất một cơ hội để biết toàn bộ sự thật hoặc chỉ có thể để hận thù chôn vùi nó mãi mãi.', 'C16'),
('M15', 'THE FIRST SLAM DUNK', 'Yasuyuki Ebara, Takehiko Inoue', 2021, '2023-04-05', 'https://youtu.be/kDuiynKxjQU', 124, 'ST8', 'L3', 'The First Slam Dunk - phiên bản điện ảnh đầu tiên của loạt phim/truyện đình đám này sẽ do đích thân tác giả Inoue Takehiko chỉ đạo. Tuy nhiên lần này, câu chuyện sẽ được kể từ góc nhìn của chàng hậu vệ nhỏ con Miyagi Ryota, thay vì anh chàng tóc đỏ xốc nổi Hanamichi. Lấy bối cảnh trận đấu quan trọng giữa Shohoku và Sannoh - đội bóng top 10 toàn quốc, phim đan xen câu chuyện quá khứ của từng thành viên, đặc biệt là Ryota, cùng những diễn biến của trận đấu. Từ đó, tác giả Inoue Takehiko thành công khắc họa việc bóng rổ có ảnh hưởng to lớn như thế nào đến sự trưởng thành của mỗi thành viên Shohoku.', 'C16'),
('M16', 'PHIM ANH EM SUPER MARIO', 'Michael Jelenic, Aaron Horvath', 2020, '2023-05-31', 'https://youtu.be/QcinmCfoh8E', 93, 'ST4', 'L4', 'The Super Mario Bros. Movie xoay quanh cuộc phiêu lưu ở thế giới Vương quốc Nấm của anh em thợ sửa ống nước Mario và Luigi. Sau khi tình cờ bước tới vùng đất lạ từ một ống nước, Luigi đã bị chia tách với Mario và rơi vào tay quái vật rùa xấu xa Bowser, hắn đang âm mưu độc chiếm thế giới. Trong lúc cố gắng tìm kiếm người anh em của mình, Mario đã chạm mặt anh bạn nấm Toad và công chúa Peach. Từ đây họ sát cánh bên nhau trên hành trình ngăn chặn thế lực hắc ám.', 'C16'),
('M17', 'TRI ÂM - NGƯỜI GIỮ THỜI GIAN', 'Mỹ Tâm, Tạ Nguyên Hiệp', 2022, '2023-04-22', 'https://youtu.be/yiI_McOCaw4', 105, 'ST7', 'L3', 'Khán giả sẽ một lần nữa sống lại những cảm xúc thăng hoa cũng như cảm nhận và đồng hành cùng Mỹ Tâm trong hành trình tạo nên một liveshow âm nhạc lịch sử của Việt Nam trong 2 năm qua. Đây chắc chắn sẽ là những trải nghiệm khó quên trong hành trình tìm lại những ký ức tươi đẹp của thanh xuân với Mỹ Tâm - Người giữ thời gian - cô gái đã mang tất cả những ký ức thanh xuân của những người yêu mến mình trở lại bằng âm nhạc.', 'C16'),
('M18', 'DUNGEONS & DRAGONS: HONOR AMONG THIEVES', 'Jonathan Goldstein, John Francis Daley', 2022, '2023-04-13', 'https://youtu.be/75uZYaO_F0M', 124, 'ST19', 'L4', 'Theo chân một tên trộm quyến rũ và một nhóm những kẻ bịp bợm nghiệp dư thực hiện vụ trộm sử thi nhằm lấy lại một di vật đã mất, nhưng mọi thứ trở nên nguy hiểm khó lường hơn bao giờ hết khi họ đã chạm trán nhầm người. Ngục Tối Và Rồng: Danh Dự Của Kẻ Trộm mang thế giới huyền ảo của trò chơi nhập vai huyền thoại lên màn ảnh rộng bằng một cuộc phiêu lưu tràn ngập các màn hành động đã mắt cùng màu sắc hài hước, vui nhộn.', 'C16'),
('M19', 'MIGRATION', 'Benjamin Renner', 2022, '2022-11-01', 'https://youtu.be/SRdCWLCPOrc', 104, 'ST5', 'L4', 'Bộ phim đã hé lộ về chuyến phiêu lưu đầy thú vị và nhiều sắc màu của đàn vịt trời. Đến mùa di cư, những đàn vịt nối đuôi nhau bay lượn vô cùng nhộn nhịp trên bầu trời. Một gia đình vịt nọ được dẫn dắt bởi vịt bố, cũng đã sẵn sàng “cất cánh” cho chuyến bay đến vùng đất mới trong tâm thế đầy hào hứng và vui vẻ. Thành viên phi hành đoàn cũng có độ tuổi rất đa dạng, từ “trẻ nhỏ”, “thiếu niên” cho đến vịt “trung niên”. Đang tự do bay lượn trong làn mây trắng bồng bềnh, nhà vịt đột ngột gặp phải cơn mưa lớn. Tiu ngỉu ôm nhau trú mưa dưới miếng gỗ nho nhỏ, cả nhà bỗng đối mặt với một sinh vật toát ra cảm giác đáng sợ nguy hiểm khó lường.', 'C16'),
('M2', 'Marry my dead body', 'Cheng Wei Hao', 2022, '2022-12-26', 'https://youtu.be/zxk_YEa2Ky0', 130, 'ST2', 'L3', 'Ming-Han là một cảnh sát nhiệt huyết. Một ngày nọ, trong quá trình truy bắt tội phạm cùng người đồng nghiệp xinh đẹp Zi-Qing, Ming-Han vô tình nhặt được một phong bao màu đỏ, và một nhóm người bất ngờ nhảy ra gọi anh là \"con rể\". Họ yêu cầu anh ta kết hôn với đứa con đã chết của họ. Ming-Han không thể chấp nhận quyết định này. Tuy nhiên, anh ấy sau đó anh ta gặp phải vô số sự cố xui xẻo. Điều đáng sợ hơn nữa là anh ta bắt đầu nhìn thấy người chồng ma Mao-Mao của mình. Vì vậy, Ming-Han đã tìm đến thầy để tìm cách. Để thoát khỏi Mao-Mao, Ming-Han không còn cách nào khác ngoài việc giúp anh ta thực hiện mọi mong muốn của mình. Nếu không, Mao-Mao sẽ theo anh ta mãi mãi.Đồng thời, Mao-Mao cũng đóng vai trò là đối tác của Ming-Han để giúp anh ta điều tra vụ buôn lậu ma túy. Một cuộc hành trình giả tưởng đầy tiếng cười và nước mắt giữa một người đàn ông thẳng thắn và một con ma đồng tính đã bắt đầu.', 'C13'),
('M20', 'INDIANA JONES AND THE DIAL OF DESTINY', 'James Mangold', 2022, '2022-12-26', 'https://youtu.be/GAM3Pj__H-U', 104, 'ST2', 'L3', 'Trong chuyến phiêu lưu cuối cùng này, Indiana Jones cùng con gái nuôi Helena sẽ phải đối đầu với những tên phát xít hiểm ác. Indiana Jones 5 cũng sẽ là phần phim cuối cùng mà Harrison Ford hóa thân thành nhà khảo cổ học Indiana Jones - vai diễn làm nên tên tuổi và gắn liền với ông trong suốt hơn 40 năm.', 'C16'),
('M21', 'BARBIE', 'Greta Gerwig', 2022, '2023-04-18', 'https://youtu.be/sa8LpBKyPUc', 104, 'ST12', 'L4', 'Nàng Barbie là phim điện ảnh thuộc thể loại hài lãng mạn. Bộ phim do Greta Gerwig làm đạo diễn kiêm viết kịch bản với Noah Baumbach. Đây là tác phẩm điện ảnh đầu tiên về búp bê Barbie do người thật đóng, với sự kết hợp bởi nữ diên viên Margot Robbie và nam thần Ryan Gosling hóa thân thành 2 nhân vật chính Barbie và Ken.', 'C18'),
('M22', 'BLUE BEETLE', 'Angel Manuel Soto', 2020, '2023-04-01', 'https://youtu.be/kY-4x45tC0A', 104, 'ST22', 'L3', 'Xoay quanh thế hệ thứ 3 của siêu anh hùng này - anh chàng vừa tốt nghiệp Jamie Reyes. Anh trở về nhà với tràn trề niềm tin và hy vọng về tương lai, để rồi nhận ra quê nhà đã thay đổi rất nhiều so với trước đây. Khi tìm kiếm mục đích sống trên thế giới này, Jamie đối mặt với bước ngoặt cuộc đời khi anh nhận ra mình sở hữu một di sản cổ đại của công nghệ sinh học ngoài hành tinh: Scarab. Khi Scarab chọn Jamie trở thành vật chủ, anh được ban tặng một bộ áo giáp với siêu sức mạnh đáng kinh ngạc không ai có thể lường trước. Số phận của Jamie hoàn toàn thay đổi khi giờ đây, anh đã là siêu anh hùng Blue Beetle.', 'C18'),
('M23', 'TROLL 3', 'Tim Heitz, Walt Dohrn', 2021, '2023-05-26', 'https://youtu.be/dvGFh-XdDgQ', 104, 'ST20', 'L3', 'John Dory cùng với bốn người anh em khác của Branch đã từng là một ban nhạc nam nổi tiếng, kể cả Poppy cũng đã vô cùng yêu mến - BroZone. BroZone tan rã khi Branch vẫn còn là một đứa bé, và gia đình cũng cứ như vậy mà tan theo. Branch không hề gặp lại họ kể từ đó, và những người này cũng trở thành “đã từng” là anh trai của Branch. Nhưng khi John đề nghị Branch về việc tìm lại các anh em để có thể tiếp tục cùng nhau làm một ban nhạc như xưa, cùng với sự hào hứng của Poppy, anh đã bất đắ dĩ đồng ý. Ba chú Troll, cùng với sự trợ giúp của Tí Kim Cương, cùng nhau lên đường thực hiện chuyến phiêu lưu âm nhạc đầy cảm xúc, tràn trề hi vọng về một cuộc sum họp gia đình tuyệt với nhất.', 'C18'),
('M24', 'TRANSFORMERS: RISE OF THE BEASTS', 'Steven Caple Jr.', 2020, '2023-04-18', 'https://youtu.be/VV_Mjc8ttrg', 104, 'ST19', 'L4', 'Transfromers: Rise Of The Beasts lấy bối cảnh vào năm 1994, khoảng thời gian tiếp sau khi Bumblebee xuất hiện. Như tựa đề đã thể hiện, phần phim này dựa theo bộ truyện Beast Wars cực kỳ ăn khách vào thập niên 1990. Đây cũng là lần đầu tiên, một nhóm robot mới xuất hiện, có khả năng biến mình thành động vật thay vì ôtô như trước đó.', 'C18'),
('M25', 'THE FLASH', 'James Gunn', 2020, '2023-04-18', 'https://youtu.be/fEKGQ91isng', 104, 'ST12', 'L4', 'Câu chuyện của Flash bắt đầu khi Barry Allen (Ezra Miller thủ vai) sử dụng siêu năng lực của mình để du hành thời gian nhằm thay đổi những sự kiện trong quá khứ. Nhưng khi nỗ lực cứu lấy gia đình mình vô tình thay đổi tương lai, Barry bị kẹt lại trong một thực tại, nơi tướng Zod tái xuất và đe dọa hủy diệt tất cả, nhưng không có bất cứ siêu anh hùng nào đứng ra giải cứu… Trừ khi Barry có thể thuyết phục một Batman rất khác và giải cứu một cư dân Kryptonian đang bị cầm tù… dẫu có thể đó không phải người mà anh thực sự tìm kiếm. Để giải cứu thế giới hiện tại cũng như trở lại tương lai mình từng biết, niềm hy vọng duy nhất của Barry là phải chạy đua vì cuộc đời mình. Vậy nhưng, sự hy sinh tuyệt đối đó có là đủ để đưa thế giới về lại như ban đầu?', 'C18'),
('M26', 'ELEMENTALl', 'Peter Sohn', 2022, '2023-05-26', 'https://youtu.be/j2DD_MlAnoA', 104, 'ST24', 'L4', 'Bộ phim sẽ là hành trình xoay quanh mối quan hệ giữa cô nàng guyên tố lửa, Ember (do Lewis lồng tiếng) và chàng trai nguyên tố nước, Wade (do Athie lồng tiếng), những cá thể không thể chạm được đến nhau; nhưng cùng nhau khám phá xem họ có bao nhiêu điểm chung giống nhau.', 'C18'),
('M27', 'NO HARD FEELINGS', 'Genedy Tartakovsky', 2021, '2023-04-18', 'https://youtu.be/wc4IvKlagJg', 104, 'ST25', 'L4', 'Trong phim, Jennifer Lawrence thủ vai một cô gái lẳng lơ, sống này đây mai đó với đủ loại công việc. Cho tới một ngày, một cặp vợ chồng trung niên tìm tới và thuê cô quyến rũ cậu con trai 19 tuổi của mình. Thế là hành trình của bà cô U40 đi cò cưa trai trẻ bắt đầu, đầy khó khăn với biết bao tình huống khó đỡ, éo le.', 'C18'),
('M28', 'LẬT MẶT 6: TẤM VÉ ĐỊNH MỆNH', 'Lý Hải', 2020, '2023-04-18', 'https://youtu.be/2EnP2tVC00Q', 132, 'ST2', 'L3', 'Một nhóm bạn thân lâu năm bất ngờ nhận được cơ hội đổi đời  khi biết tấm vé của cả nhóm trúng giải độc đắc 136.8 tỷ. Đột nhiên An, người nắm giữ tấm vé bất ngờ gặp tai nạn không qua khỏi. Đứng trước món tiền trúng số đáng mơ ước lẽ ra sẽ dễ dàng có được trong tầm tay, nhóm bạn bước chân vào hành trình đi tìm tờ vé số. Nhưng đó chỉ là khởi đầu của vô số những sự kiện không ngờ đến. Liệu hành trình tìm kiếm và chia chác món tiền trong mơ béo bở này sẽ thực sự dẫn đưa cả nhóm đến đâu?', 'C18'),
('M29', 'CON NHÓT MÓT CHỒNG', 'Vũ Ngọc Đãng', 2022, '2023-05-26', 'https://youtu.be/e7KHOQ-alqY', 104, 'ST30', 'L3', 'Lấy cảm hứng từ web drama Chuyện Xóm Tui, phiên bản điện ảnh sẽ mang một màu sắc hoàn toàn khác: hài hước hơn, gần gũi và nhiều cảm xúc hơn. Bộ phim là câu chuyện của Nhót - người phụ nữ “chưa kịp già” đã sắp bị mãn kinh, vội vàng đi tìm chồng. Nhưng sâu thẳm trong cô là khao khát muốn có một đứa con, và luôn muốn hàn gắn với người cha suốt ngày say xỉn của mình.', 'C18'),
('M3', 'Suzme no tojimari', 'Shinkai Makoto', 2022, '2023-04-18', 'https://youtu.be/xQ4_c8JfuzI', 122, 'ST8', 'L3', 'Khóa Chặt Cửa Nào Suzume kể câu chuyện khi Suzume vô tình gặp một chàng trai trẻ đến thị trấn nơi cô sinh sống với mục đích tìm kiếm \"một cánh cửa\". Để bảo vệ Nhật Bản khỏi thảm họa, những cánh cửa rải rác khắp nơi phải được đóng lại, và bất ngờ thay Suzume cũng có khả năng đóng cửa đặc biệt này. Từ đó cả hai cùng nhau thực hiện sự mệnh \"khóa chặt cửa\"!', 'C13'),
('M30', 'CATS IN THE MUSEUM', 'Vasiliy Rovenskiy', 2022, '2023-05-26', 'https://youtu.be/UdaZwNPQ9fk', 104, 'ST33', 'L4', 'Chuyện phim xoay quanh chú mèo Vincent bắt tay cùng chú chuột Maurice để cố gắng thoát khỏi lũ lụt trong một chiếc đàn piano cũ. Một nhóm thủy thủ đã vô tình lấy được cây đàn và gửi nó đến viện bảo tàng. Tại đây, Vincent gặp một đội mèo ưu tú, làm nhiệm vụ bảo vệ những kiệt tác khỏi các loài gặm nhấm và sâu bọ khác trong nhiều năm qua. Mặc dù khao khát tìm được một mái ấm, Vincent buộc phải giấu tất cả về sự tồn tại của Maurice.  Mọi chuyện trở nên phức tạp khi một trong những bức tranh vĩ đại nhất thế giới được đưa đến viện bảo tàng. Một thế lực bí ẩn đang cố gắng đánh cắp bức tranh, buộc Vincent, Maurice và hội mèo tinh hoa phải cùng nhau làm tất cả để bảo vệ kiệt tác này… Liệu Vincent và đồng đội của mình có đủ can đảm và trí thông minh để cứu lấy những kiệt tác của Da Vinci và bảo vệ danh tiếng cho bảo tàng không?', 'C18'),
('M31', 'GUARDIANS OF THE GALAXY VOL.3', 'James Gunn', 2022, '2023-05-26', 'https://youtu.be/cfbKqpbdrYg', 104, 'ST6', 'L4', 'Trong phần phim thứ 3 về Vệ Binh Dải Ngân Hà, biệt đội mà chúng ta từng biết sẽ có một vài sự thay đổi. Peter Quill vẫn đang chìm đắm trong nỗi đau mất đi Gamora nhưng vẫn phải làm tròn trách nhiệm tập hợp cả đội để bảo vệ toàn vũ trụ. Họ phải đối mặt với một nhiệm vụ cam go và nếu như  thất bại, đội Vệ Binh có thể phải kết thúc sứ mệnh của họ.', 'C18'),
('M32', 'KHẾ ƯỚC', 'Guy Ritchie', 2022, '2023-04-18', 'https://youtu.be/JwjjIoTiv5k', 104, 'ST34', 'L3', 'Bối cảnh phim Khế Ước diễn ra tại chiến trường Afghanistan. Trong nhiệm vụ cuối cùng, Trung sĩ John Kinley (Jake Gyllenhaal thủ vai) cùng đội với phiên dịch viên bản địa Ahmed (Dal Salim thủ vai). Khi đơn vị của họ bị phục kích, John và Ahmed là 2 người sống sót duy nhất. Bị kẻ địch truy đuổi, Ahmed liều mạng đưa John đang bị thương băng qua nhiều dặm đường địa hình khắc nghiệt đến nơi an toàn. Trở về Mỹ, John biết rằng Ahmed và gia đình không được cấp giấy thông hành tới Mỹ như đã hứa. Quyết tâm bảo vệ bạn mình và đền ơn cứu mạng, John trở lại chiến trường để giúp Ahmed và gia đình trước khi lực lượng phiến quân phát hiện ra họ.', 'C18'),
('M33', 'BEARMAN', 'Park Sung Kwang', 2022, '2023-04-18', 'https://youtu.be/MagrY1rpOT4', 104, 'ST35', 'L4', 'Đầu Gấu Đụng Đầu Đất dựa trên câu chuyện thần thoại nổi tiếng tại Hàn Quốc về hai chú gấu sinh đôi hoá thành người sau khi ăn tỏi và ngải cứu trong 100 ngày. Chú gấu ăn tỏi trở thành Na Woong-nam, được một cặp vợ chồng nhà khoa học mang về nuôi nấng, tuy chỉ mới 25 tuổi nhưng lại sở hữu “giao diện” của một ông chú 52 với cái “đầu đất” ngây thơ, hiền lành. Trong khi đó, chú gấu ăn ngải cứu trở thành “đầu gấu” Lee Jeong-hak, được một tên trùm tổ chức tội phạm mang về nuôi và bị lợi dụng như một món “vũ khí” phòng vệ.  Trong một tình huống bất đắc dĩ, Na Woong-nam đã trực tiếp đối đầu cùng anh em song sinh Lee Jeong-hak để ngăn chặn một vụ khủng bố virus có tầm lây lan mạnh. Sức mạnh của loài gấu bộc phát sẽ đẩy cuộc đụng độ của cặp gấu song sinh hoá người đi đến hồi kết nào?', 'C18'),
('M34', 'SOUND OF SILENCE', 'Alessandro Antonaci', 2022, '2023-04-18', 'https://youtu.be/239gO3anEwE', 104, 'ST2', 'L3', 'Sau cái chết của cha, Emma (Penelope Sangiorgi) vội vã bay từ New York về quê nhà ở Ý để lo hậu sự. Trong thời gian diễn ra tang lễ, Emma ở một mình trong căn nhà mà cha mẹ để lại. Lúc này, cô bị buộc phải đối mặt với một thực thể tà ác có khả năng kết nối thông qua một chiếc radio bị nguyền rủa. Để sống sót và bảo vệ những người mình yêu thương, Emma phải tìm ra bí mật đen tối ẩn sau chiếc radio ma quỷ kia…', 'C13'),
('M4', 'Pulau', 'Eu Ho', 2022, '2023-05-26', 'https://youtu.be/jSZUpx_3yL4', 112, 'ST2', 'L4', 'Nhóm du khách trẻ vô tình phá bỏ phong ấn của con quái vật khát máu khi đến tham quan một hòn đảo cấm không dân địa phương nào dám đặt chân đến. Liệu họ có thể bình an thoát khỏi hay đó sẽ là nơi chôn vùi tất cả?', 'C13'),
('M5', 'Biệt đội bất ổn', 'Tạ Nguyên Hiệp', 2022, '2023-05-26', 'https://youtu.be/XHvNz4g88pE', 104, 'ST10', 'L3', 'Xoay quanh bộ đôi Khuê (Hoàng Oanh) và Phong (Hứa Vĩ Văn). Sau lần chạm trán tình cờ, bộ đôi lôi kéo Bảy Cục (Võ Tấn Phát), Bảy Súc (Nguyên Thảo), Quạu (Ngọc Phước), Quọ (Ngọc Hoa) tham gia vào phi vụ đặc biệt: Đánh tráo chiếc vòng đính hôn bằng kim cương quý giá và lật tẩy bộ mặt thật của Tuấn - chồng cũ của Quyên trong đám cưới giữa hắn và Tư Xoàn - nữ đại gia miền Tây sở hữu khối tài sản triệu đô.', 'C13'),
('M6', 'Soulmate', 'Min Young Keun', 2021, '2023-05-26', 'https://youtu.be/K46K_1yTwUg', 124, 'ST9', 'L3', 'Soulmate là câu chuyện về Mi So (Kim Da Mi thủ vai) và Ha Eun (Jeon So Nee thủ vai) trong một mối quan hệ chồng chéo chất chứa những hạnh phúc, nỗi buồn, rung động và cả biệt ly. Từ giây phút đầu tiên gặp nhau dưới mái trường tiểu học, giữa hai cô gái đã hình thành một sợi dây liên kết đặc biệt. Và khi Ham Jin Woo (Byun Woo Seok thủ vai) bước vào giữa cả hai, đó cũng là lúc những vết nứt trong mối quan hệ của Mi So và Ha Eun xuất hiện.', 'C13'),
('M7', 'SHAZAM! FURY OF THE GODS', 'David F. Sandberg', 2020, '2023-05-26', 'https://youtu.be/KyRCmJE65ms', 130, 'ST12', 'L4', 'Trong lần trở lại này, cậu chàng Shazam vẫn trăn trở cho rằng mình “không xứng đáng với năng lực này”. Thế giới có The Flash nhanh như chớp với bộ suit đỏ đặc trưng, Aquaman to cao lực lưỡng và cả Batman siêu ngầu. Trong khi đó, Shazam vẫn chỉ là Shazam chẳng có năng lực gì khác biệt… hoặc là Billy Batson, một cậu nhóc trung học trong thân hình một siêu anh hùng cao to già đời, không thể kiểm soát sức mạnh của mình. Nếu như các siêu anh hùng khác khiến khán giả không khỏi trầm trồ vì những năng lực siêu phàm có thể cứu thế giới thì “cậu nhóc” Shazam, mỗi khi dùng siêu năng lực vẫn hậu đậu như một “chú hề” lừng danh khiến người xem phải bật cười.', 'C13'),
('M8', 'AIR', 'Ben Affleck', 2022, '2023-04-12', 'https://youtu.be/LC8jobIl57Q', 112, 'ST12', 'L4', 'Từ đạo diễn đã từng đoạt giải thưởng Ben Affleck, AIR hé lộ mối quan hệ đột phá giữa huyền thoại Michael Jordan khi mới bắt đầu sự nghiệp và bộ phận bóng rổ còn non trẻ của Nike, đã làm thay đổi thế giới thể thao và văn hóa đương đại với thương hiệu Air Jordan. Câu chuyện cảm động này kể về sự đánh cược khi đặt lên bàn cân tình hình kinh doanh của cả công ty, tầm nhìn vĩ đại của một người mẹ biết giá trị và tài năng của con trai mình, và một siêu sao bóng rổ đã trở thành huyền thoại.', 'C13'),
('M9', 'RENFIELD TAY SAI CỦA QUỶ', 'Chris McKay', 2022, '2023-04-26', 'https://youtu.be/bv5V0ZOecT8', 92, 'ST6', 'L4', 'Renfield phát ốm vì mối quan hệ đồng phụ thuộc kéo dài hàng thế kỷ với Dracula. Với hy vọng tạo dựng một cuộc sống mới ở thế giới con người, tại New Orleans thời hiện đại, cuộc sống của Renfield trở nên phức tạp hơn khi anh phải lòng một cảnh sát giao thông. Mà trong lúc đó, anh ta vẫn phải đối phó với những yêu cầu, đòi hỏi quái lạ từ Dracula - một ông chủ thực sự đến từ địa ngục.', 'C16');

-- --------------------------------------------------------

--
-- Cấu trúc bảng cho bảng `moviegenre`
--

CREATE TABLE `moviegenre` (
  `GenreID` char(11) NOT NULL,
  `GenreName` varchar(50) NOT NULL,
  `Description` text NOT NULL
) ENGINE=InnoDB DEFAULT CHARSET=utf8mb4 COLLATE=utf8mb4_general_ci;

--
-- Đang đổ dữ liệu cho bảng `moviegenre`
--

INSERT INTO `moviegenre` (`GenreID`, `GenreName`, `Description`) VALUES
('G1', 'Hành động', 'Mô tả'),
('G10', 'Kinh dị', 'Mô tả'),
('G11', 'Giật gân', 'Mô tả'),
('G12', 'Hài', 'Mô tả'),
('G2', 'Tình cảm', 'Mô tả'),
('G3', 'Hoạt hình', 'Mô tả'),
('G4', 'Đam mỹ', 'Mô tả'),
('G5', 'Huyền huyễn', 'Mô tả'),
('G6', 'Khoa học', 'Mô tả'),
('G7', 'Giả tưởng', 'Mô tả'),
('G8', 'Ngôn tình', 'Mô tả'),
('G9', 'Vườn trường', 'Mô tả');

-- --------------------------------------------------------

--
-- Cấu trúc bảng cho bảng `movieimage`
--

CREATE TABLE `movieimage` (
  `ImageID` char(11) NOT NULL,
  `ImagePath` text NOT NULL,
  `MovieID` char(11) NOT NULL,
  `type` int(11) NOT NULL
) ENGINE=InnoDB DEFAULT CHARSET=utf8mb4 COLLATE=utf8mb4_general_ci;

--
-- Đang đổ dữ liệu cho bảng `movieimage`
--

INSERT INTO `movieimage` (`ImageID`, `ImagePath`, `MovieID`, `type`) VALUES
('IM1', 'images/imagesfilms/movie1.jpg', 'M1', 1),
('IM10', 'images/imagesfilms/movie10.jpg', 'M10', 1),
('IM11', 'images/imagesfilms/movie11.jpg', 'M11', 1),
('IM12', 'images/imagesfilms/movie12.jpg', 'M12', 1),
('IM13', 'images/imagesfilms/movie13.jpg', 'M13', 1),
('IM14', 'images/imagesfilms/movie14.jpg', 'M14', 1),
('IM15', 'images/imagesfilms/movie15.jpg', 'M15', 1),
('IM16', 'images/imagesfilms/movie16.jpg', 'M16', 1),
('IM17', 'images/imagesfilms/movie17.jpg', 'M17', 1),
('IM18', 'images/imagesfilms/movie18.jpg', 'M18', 1),
('IM2', 'images/imagesfilms/movie2.jpg', 'M2', 1),
('IM20', 'images/imagesfilms/movie20.jpg', 'M20', 1),
('IM21', 'images/imagesfilms/movie21.jpg', 'M21', 1),
('IM22', 'images/imagesfilms/movie22.jpg', 'M22', 1),
('IM23', 'images/imagesfilms/movie23.jpg', 'M23', 1),
('IM24', 'images/imagesfilms/movie24.jpg', 'M24', 1),
('IM25', 'images/imagesfilms/movie25.jpg', 'M25', 1),
('IM26', 'images/imagesfilms/movie26.jpg', 'M26', 1),
('IM27', 'images/imagesfilms/movie27.jpg', 'M27', 1),
('IM28', 'images/imagesfilms/movie28.jpg', 'M28', 1),
('IM29', 'images/imagesfilms/movie29.jpg', 'M29', 1),
('IM3', 'images/imagesfilms/movie3.jpg', 'M3', 1),
('IM30', 'images/imagesfilms/movie30.jpg', 'M30', 1),
('IM31', 'images/imagesfilms/movie31.jpg', 'M31', 1),
('IM32', 'images/imagesfilms/movie32.jpg', 'M32', 1),
('IM33', 'images/imagesfilms/movie33.jpg', 'M33', 1),
('IM34', 'images/imagesfilms/movie34.jpg', 'M34', 1),
('IM35', 'images/imagesfilms/movie1_2.jpg', 'M1', 2),
('IM36', 'images/imagesfilms/movie2_2.jpg', 'M2', 2),
('IM37', 'images/imagesfilms/movie3_2.jpg', 'M3', 2),
('IM44', 'images/imagesfilms/movie10_2.jpg', 'M10', 2),
('IM45', 'images/imagesfilms/movie11_2.jpg', 'M11', 2),
('IM46', 'images/imagesfilms/movie12_2.jpg', 'M12', 2),
('IM47', 'images/imagesfilms/movie13_2.jpg', 'M13', 2),
('IM48', 'images/imagesfilms/movie14_2.jpg', 'M14', 2),
('IM49', 'images/imagesfilms/movie15_2.jpg', 'M15', 2),
('IM50', 'images/imagesfilms/movie16_2.jpg', 'M16', 2),
('IM51', 'images/imagesfilms/movie17_2.jpg', 'M17', 2),
('IM52', 'images/imagesfilms/movie18_2.jpg', 'M18', 2),
('IM54', 'images/imagesfilms/movie20_2.jpg', 'M20', 2),
('IM55', 'images/imagesfilms/movie21_2.jpg', 'M21', 2),
('IM56', 'images/imagesfilms/movie22_2.jpg', 'M22', 2),
('IM57', 'images/imagesfilms/movie23_2.jpg', 'M23', 2),
('IM58', 'images/imagesfilms/movie24_2.jpg', 'M24', 2),
('IM59', 'images/imagesfilms/movie25_2.jpg', 'M25', 2),
('IM60', 'images/imagesfilms/movie26_2.jpg', 'M26', 2),
('IM61', 'images/imagesfilms/movie27_2.jpg', 'M27', 2),
('IM62', 'images/imagesfilms/movie28_2.jpg', 'M28', 2),
('IM63', 'images/imagesfilms/movie29_2.jpg', 'M29', 2),
('IM64', 'images/imagesfilms/movie30_2.jpg', 'M30', 2),
('IM65', 'images/imagesfilms/movie31_2.jpg', 'M31', 2),
('IM66', 'images/imagesfilms/movie32_2.jpg', 'M32', 2),
('IM67', 'images/imagesfilms/movie33_2.jpg', 'M33', 2),
('IM68', 'images/imagesfilms/movie34_2.jpg', 'M34', 2);

-- --------------------------------------------------------

--
-- Cấu trúc bảng cho bảng `promotion`
--

CREATE TABLE `promotion` (
  `PromotionID` char(11) NOT NULL,
  `PromotionName` varchar(50) NOT NULL,
  `Description` varchar(50) NOT NULL,
  `StartTime` datetime NOT NULL,
  `EndTime` datetime NOT NULL,
  `Discount` float NOT NULL,
  `Code` varchar(45) NOT NULL,
  `url_image` text NOT NULL,
  `type` int(11) NOT NULL
) ENGINE=InnoDB DEFAULT CHARSET=utf8mb4 COLLATE=utf8mb4_general_ci;

--
-- Đang đổ dữ liệu cho bảng `promotion`
--

INSERT INTO `promotion` (`PromotionID`, `PromotionName`, `Description`, `StartTime`, `EndTime`, `Discount`, `Code`, `url_image`, `type`) VALUES
('P21', 'Medical surface politics.', '2023-03-19 12:15:15', '0000-00-00 00:00:00', '2023-03-26 12:15:15', 40, '1', 'images/img/644366eb1b559.jpg', 1),
('PR1', 'senior Promotion', 'Medical surface politics.', '2023-03-19 12:15:15', '2023-03-26 12:15:15', 40, '1', 'images/img/Voucher2.jpg', 1),
('PR10', 'choose Promotion', 'Build among age visit computer.', '2023-04-11 01:53:15', '2023-03-18 01:53:15', 40, '1', 'images/img/Voucher11.jpg', 1),
('PR11', 'here Promotion', 'Before community husband water discover become ser', '2023-03-22 11:24:15', '2023-03-29 11:24:15', 40, '1', 'images/img/Voucher12.jpg', 1),
('PR12', 'news Promotion', 'Off later player can opportunity base war.', '2023-04-01 23:25:15', '2023-04-08 23:25:15', 40, '1', 'images/img/Voucher13.jpg', 1),
('PR13', 'blood Promotion', 'Foot city should item explain choose west.', '2023-03-27 17:37:15', '2023-04-04 17:37:15', 40, '1', 'images/img/Voucher14.png', 1),
('PR14', 'herself Promotion', 'Like thought join mean of get.', '2023-04-11 21:21:15', '2023-03-18 21:21:15', 40, '1', 'images/img/Voucher15.jpg', 1),
('PR15', 'budget Promotion', 'Hold main story appear.', '2023-04-05 22:11:15', '2023-04-12 22:11:15', 40, '1', 'images/img/Voucher16.png', 1),
('PR16', 'site Promotion', 'Occur behind person very quite service.', '2023-03-27 07:26:15', '2023-04-03 07:26:15', 40, '1', 'images/img/Voucher17.jpg', 1),
('PR17', 'contain Promotion', 'Father than its keep technology audience agency.', '2023-03-21 00:48:15', '2023-04-01 00:48:15', 40, '1', 'images/img/Voucher18.png', 1),
('PR18', 'shake Promotion', 'Structure peace positive administration bank will.', '2023-04-01 18:11:15', '2023-04-08 18:11:15', 40, '1', 'images/img/Voucher19.png', 1),
('PR19', 'think Promotion', 'Win cut me movie resource network per.', '2023-03-22 03:21:15', '2023-03-29 03:21:15', 40, '1', 'images/img/Voucher20.png', 1),
('PR2', 'travel Promotion', 'Market simple public probably time whose describe.', '2023-03-20 16:09:15', '2023-03-27 16:09:15', 40, '1', 'images/img/Voucher3.jpg', 1),
('PR20', 'south Promotion', 'Town structure serve dream itself kitchen.', '2023-03-27 10:10:10', '2023-04-03 11:11:11', 40, '1', 'images/img/Voucher1.png', 1),
('PR3', 'military Promotion', 'Religious husband he.', '2023-03-25 23:36:15', '2023-04-01 23:36:15', 40, '1', 'images/img/Voucher4.jpg', 1),
('PR4', 'give Promotion', 'View whose cut without.', '2023-04-04 02:05:15', '2023-04-11 02:05:15', 40, '1', 'images/img/Voucher5.jpg', 1),
('PR5', 'month Promotion', 'List follow do very billion across impact cover.', '2023-03-16 16:21:15', '2023-05-11 17:02:26', 40, '1', 'images/img/Voucher6.jpg', 1),
('PR6', 'develop Promotion', 'Still best south somebody dark professor.', '2023-04-07 10:21:15', '2023-04-14 10:21:15', 40, '1', 'images/img/Voucher7.jpg', 1),
('PR7', 'different Promotion', 'Skin quickly by tree soldier example.', '2023-04-05 12:50:15', '2023-04-12 12:50:15', 40, '1', 'images/img/Voucher8.jpg', 1),
('PR8', 'door Promotion', 'Free top however often.', '2023-04-01 20:14:15', '2023-04-08 20:14:15', 40, '1', 'images/img/Voucher9.png', 1),
('PR9', 'discuss Promotion', 'Give camera attorney behind must middle season.', '2023-03-24 14:29:15', '2023-03-31 14:29:15', 40, '1', 'images/img/Voucher10.jpg', 1);

-- --------------------------------------------------------

--
-- Cấu trúc bảng cho bảng `rating`
--

CREATE TABLE `rating` (
  `RatingID` char(11) NOT NULL,
  `Score` float NOT NULL,
  `Comment` varchar(50) NOT NULL,
  `Day` datetime NOT NULL,
  `MovieID` char(11) NOT NULL,
  `CustomerID` char(11) NOT NULL
) ENGINE=InnoDB DEFAULT CHARSET=utf8mb4 COLLATE=utf8mb4_general_ci;

--
-- Đang đổ dữ liệu cho bảng `rating`
--

INSERT INTO `rating` (`RatingID`, `Score`, `Comment`, `Day`, `MovieID`, `CustomerID`) VALUES
('RT1', 1, 'Camera determine spring can ago pick water but. Ac', '0000-00-00 00:00:00', 'M1', 'C1'),
('RT10', 1, 'Expert concern experience face exactly country civ', '0000-00-00 00:00:00', 'M10', 'C10'),
('RT11', 9, 'Long put part especially. Daughter security langua', '0000-00-00 00:00:00', 'M11', 'C11'),
('RT12', 5, 'Forget fall generation police home again. Red sit ', '0000-00-00 00:00:00', 'M12', 'C12'),
('RT13', 2, 'Then attention author professional. Bar stock him ', '0000-00-00 00:00:00', 'M13', 'C13'),
('RT14', 9, 'Drug he bit community word. I back sort represent ', '0000-00-00 00:00:00', 'M14', 'C14'),
('RT15', 8, 'Front computer state player true building. Its bit', '0000-00-00 00:00:00', 'M15', 'C15'),
('RT16', 9, 'Benefit above will reason. Customer fast democrati', '0000-00-00 00:00:00', 'M16', 'C16'),
('RT17', 6, 'Event meeting investment police mention agent. Lay', '0000-00-00 00:00:00', 'M17', 'C17'),
('RT18', 10, 'Property thus decide it better clearly. Billion ge', '0000-00-00 00:00:00', 'M18', 'C18'),
('RT19', 5, 'Factor thus food run both bill discover. Throughou', '0000-00-00 00:00:00', 'M19', 'C19'),
('RT2', 6, 'Western week could own young. Team attention on no', '0000-00-00 00:00:00', 'M2', 'C2'),
('RT20', 3, 'Student three left improve heavy herself. Address ', '0000-00-00 00:00:00', 'M20', 'C20'),
('RT21', 4, 'Example wait among item street hour structure insi', '0000-00-00 00:00:00', 'M21', 'C21'),
('RT22', 3, 'Way among source effect mind reveal beautiful whos', '0000-00-00 00:00:00', 'M22', 'C22'),
('RT23', 8, 'Office place myself task report every state. Trial', '0000-00-00 00:00:00', 'M23', 'C23'),
('RT24', 6, 'Four town hair positive whose pass anything. Once ', '0000-00-00 00:00:00', 'M24', 'C24'),
('RT25', 1, 'View doctor require thousand soon too. Different s', '0000-00-00 00:00:00', 'M25', 'C25');

-- --------------------------------------------------------

--
-- Cấu trúc bảng cho bảng `role`
--

CREATE TABLE `role` (
  `id` char(11) NOT NULL,
  `name` varchar(45) NOT NULL
) ENGINE=InnoDB DEFAULT CHARSET=utf8mb4 COLLATE=utf8mb4_general_ci;

--
-- Đang đổ dữ liệu cho bảng `role`
--

INSERT INTO `role` (`id`, `name`) VALUES
('1', 'User'),
('2', 'Admin');

-- --------------------------------------------------------

--
-- Cấu trúc bảng cho bảng `room`
--

CREATE TABLE `room` (
  `RoomID` char(11) NOT NULL,
  `RoomName` varchar(50) NOT NULL,
  `NumberOfSeats` int(11) NOT NULL,
  `TheaterID` char(11) NOT NULL
) ENGINE=InnoDB DEFAULT CHARSET=utf8mb4 COLLATE=utf8mb4_general_ci;

--
-- Đang đổ dữ liệu cho bảng `room`
--

INSERT INTO `room` (`RoomID`, `RoomName`, `NumberOfSeats`, `TheaterID`) VALUES
('R10', '2', 120, 'TH3'),
('R105', '1', 80, 'TH27'),
('R106', '2', 120, 'TH27'),
('R107', '3', 150, 'TH27'),
('R108', '4', 200, 'TH27'),
('R109', '1', 80, 'TH28'),
('R11', '3', 150, 'TH3'),
('R110', '2', 120, 'TH28'),
('R111', '3', 150, 'TH28'),
('R112', '4', 200, 'TH28'),
('R113', '1', 80, 'TH29'),
('R114', '2', 120, 'TH29'),
('R115', '3', 150, 'TH29'),
('R116', '4', 200, 'TH29'),
('R117', '1', 80, 'TH30'),
('R118', '2', 120, 'TH30'),
('R119', '3', 150, 'TH30'),
('R12', '4', 200, 'TH3'),
('R120', '4', 200, 'TH30'),
('R13', '1', 80, 'TH4'),
('R14', '2', 120, 'TH4'),
('R15', '3', 150, 'TH4'),
('R16', '4', 200, 'TH4'),
('R17', '1', 80, 'TH5'),
('R18', '2', 120, 'TH5'),
('R19', '3', 150, 'TH5'),
('R1O1', '1', 80, 'TH26'),
('R1O2', '2', 120, 'TH26'),
('R1O3', '3', 150, 'TH26'),
('R1O4', '4', 200, 'TH26'),
('R20', '4', 200, 'TH5'),
('R21', '1', 80, 'TH6'),
('R22', '2', 120, 'TH6'),
('R23', '3', 150, 'TH6'),
('R24', '4', 200, 'TH6'),
('R25', '1', 80, 'TH7'),
('R26', '2', 120, 'TH7'),
('R27', '3', 150, 'TH7'),
('R28', '4', 200, 'TH7'),
('R29', '1', 80, 'TH8'),
('R30', '2', 120, 'TH8'),
('R31', '3', 150, 'TH8'),
('R32', '4', 200, 'TH8'),
('R33', '1', 80, 'TH9'),
('R34', '2', 120, 'TH9'),
('R35', '3', 150, 'TH9'),
('R36', '4', 200, 'TH9'),
('R37', '1', 80, 'TH10'),
('R38', '2', 120, 'TH10'),
('R39', '3', 150, 'TH10'),
('R40', '4', 200, 'TH10'),
('R41', '1', 80, 'TH11'),
('R42', '2', 120, 'TH11'),
('R43', '3', 150, 'TH11'),
('R44', '4', 200, 'TH11'),
('R45', '1', 80, 'TH12'),
('R46', '2', 120, 'TH12'),
('R47', '3', 150, 'TH12'),
('R48', '4', 200, 'TH12'),
('R49', '1', 80, 'TH13'),
('R50', '2', 120, 'TH13'),
('R51', '3', 150, 'TH13'),
('R52', '4', 200, 'TH13'),
('R53', '1', 80, 'TH14'),
('R54', '2', 120, 'TH14'),
('R55', '3', 150, 'TH14'),
('R56', '4', 200, 'TH14'),
('R57', '1', 80, 'TH15'),
('R58', '2', 120, 'TH15'),
('R59', '3', 150, 'TH15'),
('R60', '4', 200, 'TH15'),
('R61', '1', 80, 'TH16'),
('R62', '2', 120, 'TH16'),
('R63', '3', 150, 'TH16'),
('R64', '4', 200, 'TH16'),
('R65', '1', 80, 'TH17'),
('R66', '2', 120, 'TH17'),
('R67', '3', 150, 'TH17'),
('R68', '4', 200, 'TH17'),
('R69', '1', 80, 'TH18'),
('R70', '2', 120, 'TH18'),
('R71', '3', 150, 'TH18'),
('R72', '4', 200, 'TH18'),
('R73', '1', 80, 'TH19'),
('R74', '2', 120, 'TH19'),
('R75', '3', 150, 'TH19'),
('R76', '4', 200, 'TH19'),
('R77', '1', 80, 'TH20'),
('R78', '2', 120, 'TH20'),
('R79', '3', 150, 'TH20'),
('R80', '4', 200, 'TH20'),
('R81', '1', 80, 'TH21'),
('R82', '2', 120, 'TH21'),
('R83', '3', 150, 'TH21'),
('R84', '4', 200, 'TH21'),
('R85', '1', 80, 'TH22'),
('R86', '2', 120, 'TH22'),
('R87', '3', 150, 'TH22'),
('R88', '4', 200, 'TH22'),
('R89', '1', 80, 'TH23'),
('R90', '2', 120, 'TH23'),
('R91', '3', 150, 'TH23'),
('R92', '4', 200, 'TH23'),
('R93', '1', 80, 'TH24'),
('R94', '2', 120, 'TH24'),
('R95', '3', 150, 'TH24'),
('R96', '4', 200, 'TH24'),
('R97', '1', 80, 'TH25'),
('R98', '2', 120, 'TH25'),
('R99', '3', 150, 'TH25'),
('RO3', '3', 150, 'TH1'),
('RO4', '4', 200, 'TH1'),
('RO5', '1', 80, 'TH2'),
('RO6', '2', 120, 'TH2'),
('RO7', '3', 150, 'TH2'),
('RO8', '4', 200, 'TH2'),
('RO9', '1', 80, 'TH3');

-- --------------------------------------------------------

--
-- Cấu trúc bảng cho bảng `seat`
--

CREATE TABLE `seat` (
  `SeatID` char(11) NOT NULL,
  `SeatName` varchar(50) NOT NULL,
  `type` varchar(50) NOT NULL,
  `RoomID` char(11) NOT NULL
) ENGINE=InnoDB DEFAULT CHARSET=utf8mb4 COLLATE=utf8mb4_general_ci;

--
-- Đang đổ dữ liệu cho bảng `seat`
--

INSERT INTO `seat` (`SeatID`, `SeatName`, `type`, `RoomID`) VALUES
('ST1', 'A1', '1', 'R10'),
('ST10', 'A10', '1', 'R10'),
('ST100', 'I4', '1', 'R10'),
('ST1000', 'H1', '2', 'R109'),
('ST1001', 'H2', '2', 'R109'),
('ST1002', 'H3', '2', 'R109'),
('ST1003', 'H4', '2', 'R109'),
('ST1004', 'A1', '1', 'R11'),
('ST1005', 'A2', '1', 'R11'),
('ST1006', 'A3', '1', 'R11'),
('ST1007', 'A4', '1', 'R11'),
('ST1008', 'A5', '1', 'R11'),
('ST1009', 'A6', '1', 'R11'),
('ST101', 'I5', '1', 'R10'),
('ST1010', 'A7', '1', 'R11'),
('ST1011', 'A8', '1', 'R11'),
('ST1012', 'A9', '1', 'R11'),
('ST1013', 'A10', '1', 'R11'),
('ST1014', 'A11', '1', 'R11'),
('ST1015', 'A12', '1', 'R11'),
('ST1016', 'A13', '1', 'R11'),
('ST1017', 'A14', '1', 'R11'),
('ST1018', 'A15', '1', 'R11'),
('ST1019', 'B1', '1', 'R11'),
('ST102', 'I6', '1', 'R10'),
('ST1020', 'B2', '1', 'R11'),
('ST1021', 'B3', '1', 'R11'),
('ST1022', 'B4', '1', 'R11'),
('ST1023', 'B5', '1', 'R11'),
('ST1024', 'B6', '1', 'R11'),
('ST1025', 'B7', '1', 'R11'),
('ST1026', 'B8', '1', 'R11'),
('ST1027', 'B9', '1', 'R11'),
('ST1028', 'B10', '1', 'R11'),
('ST1029', 'B11', '1', 'R11'),
('ST103', 'I7', '1', 'R10'),
('ST1030', 'B12', '1', 'R11'),
('ST1031', 'B13', '1', 'R11'),
('ST1032', 'B14', '1', 'R11'),
('ST1033', 'B15', '1', 'R11'),
('ST1034', 'C1', '1', 'R11'),
('ST1035', 'C2', '1', 'R11'),
('ST1036', 'C3', '1', 'R11'),
('ST1037', 'C4', '1', 'R11'),
('ST1038', 'C5', '1', 'R11'),
('ST1039', 'C6', '1', 'R11'),
('ST104', 'I8', '1', 'R10'),
('ST1040', 'C7', '1', 'R11'),
('ST1041', 'C8', '1', 'R11'),
('ST1042', 'C9', '1', 'R11'),
('ST1043', 'C10', '1', 'R11'),
('ST1044', 'C11', '1', 'R11'),
('ST1045', 'C12', '1', 'R11'),
('ST1046', 'C13', '1', 'R11'),
('ST1047', 'C14', '1', 'R11'),
('ST1048', 'C15', '1', 'R11'),
('ST1049', 'D1', '1', 'R11'),
('ST105', 'I9', '1', 'R10'),
('ST1050', 'D2', '1', 'R11'),
('ST1051', 'D3', '1', 'R11'),
('ST1052', 'D4', '1', 'R11'),
('ST1053', 'D5', '1', 'R11'),
('ST1054', 'D6', '1', 'R11'),
('ST1055', 'D7', '1', 'R11'),
('ST1056', 'D8', '1', 'R11'),
('ST1057', 'D9', '1', 'R11'),
('ST1058', 'D10', '1', 'R11'),
('ST1059', 'D11', '1', 'R11'),
('ST106', 'I10', '1', 'R10'),
('ST1060', 'D12', '1', 'R11'),
('ST1061', 'D13', '1', 'R11'),
('ST1062', 'D14', '1', 'R11'),
('ST1063', 'D15', '1', 'R11'),
('ST1064', 'E1', '1', 'R11'),
('ST1065', 'E2', '1', 'R11'),
('ST1066', 'E3', '1', 'R11'),
('ST1067', 'E4', '1', 'R11'),
('ST1068', 'E5', '1', 'R11'),
('ST1069', 'E6', '1', 'R11'),
('ST107', 'I11', '1', 'R10'),
('ST1070', 'E7', '1', 'R11'),
('ST1071', 'E8', '1', 'R11'),
('ST1072', 'E9', '1', 'R11'),
('ST1073', 'E10', '1', 'R11'),
('ST1074', 'E11', '1', 'R11'),
('ST1075', 'E12', '1', 'R11'),
('ST1076', 'E13', '1', 'R11'),
('ST1077', 'E14', '1', 'R11'),
('ST1078', 'E15', '1', 'R11'),
('ST1079', 'F1', '1', 'R11'),
('ST108', 'I12', '1', 'R10'),
('ST1080', 'F2', '1', 'R11'),
('ST1081', 'F3', '1', 'R11'),
('ST1082', 'F4', '1', 'R11'),
('ST1083', 'F5', '1', 'R11'),
('ST1084', 'F6', '1', 'R11'),
('ST1085', 'F7', '1', 'R11'),
('ST1086', 'F8', '1', 'R11'),
('ST1087', 'F9', '1', 'R11'),
('ST1088', 'F10', '1', 'R11'),
('ST1089', 'F11', '1', 'R11'),
('ST109', 'J1', '1', 'R10'),
('ST1090', 'F12', '1', 'R11'),
('ST1091', 'F13', '1', 'R11'),
('ST1092', 'F14', '1', 'R11'),
('ST1093', 'F15', '1', 'R11'),
('ST1094', 'G1', '1', 'R11'),
('ST1095', 'G2', '1', 'R11'),
('ST1096', 'G3', '1', 'R11'),
('ST1097', 'G4', '1', 'R11'),
('ST1098', 'G5', '1', 'R11'),
('ST1099', 'G6', '1', 'R11'),
('ST11', 'A11', '1', 'R10'),
('ST110', 'J2', '1', 'R10'),
('ST1100', 'G7', '1', 'R11'),
('ST1101', 'G8', '1', 'R11'),
('ST1102', 'G9', '1', 'R11'),
('ST1103', 'G10', '1', 'R11'),
('ST1104', 'G11', '1', 'R11'),
('ST1105', 'G12', '1', 'R11'),
('ST1106', 'G13', '1', 'R11'),
('ST1107', 'G14', '1', 'R11'),
('ST1108', 'G15', '1', 'R11'),
('ST1109', 'H1', '1', 'R11'),
('ST111', 'J3', '1', 'R10'),
('ST1110', 'H2', '1', 'R11'),
('ST1111', 'H3', '1', 'R11'),
('ST1112', 'H4', '1', 'R11'),
('ST1113', 'H5', '1', 'R11'),
('ST1114', 'H6', '1', 'R11'),
('ST1115', 'H7', '1', 'R11'),
('ST1116', 'H8', '1', 'R11'),
('ST1117', 'H9', '1', 'R11'),
('ST1118', 'H10', '1', 'R11'),
('ST1119', 'H11', '1', 'R11'),
('ST112', 'J4', '1', 'R10'),
('ST1120', 'H12', '1', 'R11'),
('ST1121', 'H13', '1', 'R11'),
('ST1122', 'H14', '1', 'R11'),
('ST1123', 'H15', '1', 'R11'),
('ST1124', 'I1', '1', 'R11'),
('ST1125', 'I2', '1', 'R11'),
('ST1126', 'I3', '1', 'R11'),
('ST1127', 'I4', '1', 'R11'),
('ST1128', 'I5', '1', 'R11'),
('ST1129', 'I6', '1', 'R11'),
('ST113', 'J5', '1', 'R10'),
('ST1130', 'I7', '1', 'R11'),
('ST1131', 'I8', '1', 'R11'),
('ST1132', 'I9', '1', 'R11'),
('ST1133', 'I10', '1', 'R11'),
('ST1134', 'I11', '1', 'R11'),
('ST1135', 'I12', '1', 'R11'),
('ST1136', 'I13', '1', 'R11'),
('ST1137', 'I14', '1', 'R11'),
('ST1138', 'I15', '1', 'R11'),
('ST1139', 'J1', '1', 'R11'),
('ST114', 'J6', '1', 'R10'),
('ST1140', 'J2', '1', 'R11'),
('ST1141', 'J3', '1', 'R11'),
('ST1142', 'J4', '1', 'R11'),
('ST1143', 'J5', '1', 'R11'),
('ST1144', 'J6', '1', 'R11'),
('ST1145', 'J7', '1', 'R11'),
('ST1146', 'J8', '1', 'R11'),
('ST1147', 'J9', '1', 'R11'),
('ST1148', 'J10', '1', 'R11'),
('ST1149', 'J11', '1', 'R11'),
('ST115', 'J7', '1', 'R10'),
('ST1150', 'J12', '1', 'R11'),
('ST1151', 'J13', '1', 'R11'),
('ST1152', 'J14', '1', 'R11'),
('ST1153', 'J15', '1', 'R11'),
('ST1154', 'K1', '1', 'R11'),
('ST1155', 'K2', '1', 'R11'),
('ST1156', 'K3', '1', 'R11'),
('ST1157', 'K4', '1', 'R11'),
('ST1158', 'K5', '1', 'R11'),
('ST1159', 'K6', '1', 'R11'),
('ST116', 'J8', '1', 'R10'),
('ST1160', 'K7', '1', 'R11'),
('ST1161', 'K8', '1', 'R11'),
('ST1162', 'K9', '1', 'R11'),
('ST1163', 'K10', '1', 'R11'),
('ST1164', 'K11', '1', 'R11'),
('ST1165', 'K12', '1', 'R11'),
('ST1166', 'K13', '1', 'R11'),
('ST1167', 'K14', '1', 'R11'),
('ST1168', 'K15', '1', 'R11'),
('ST1169', 'L1', '1', 'R11'),
('ST117', 'J9', '1', 'R10'),
('ST1170', 'L2', '1', 'R11'),
('ST1171', 'L3', '1', 'R11'),
('ST1172', 'L4', '1', 'R11'),
('ST1173', 'L5', '1', 'R11'),
('ST1174', 'L6', '1', 'R11'),
('ST1175', 'L7', '1', 'R11'),
('ST1176', 'L8', '1', 'R11'),
('ST1177', 'L9', '1', 'R11'),
('ST1178', 'L10', '1', 'R11'),
('ST1179', 'L11', '1', 'R11'),
('ST118', 'J10', '1', 'R10'),
('ST1180', 'L12', '1', 'R11'),
('ST1181', 'L13', '1', 'R11'),
('ST1182', 'L14', '1', 'R11'),
('ST1183', 'L15', '1', 'R11'),
('ST1184', 'M1', '1', 'R11'),
('ST1185', 'M2', '1', 'R11'),
('ST1186', 'M3', '1', 'R11'),
('ST1187', 'M4', '1', 'R11'),
('ST1188', 'M5', '1', 'R11'),
('ST1189', 'M6', '1', 'R11'),
('ST119', 'J11', '1', 'R10'),
('ST1190', 'M7', '1', 'R11'),
('ST1191', 'M8', '1', 'R11'),
('ST1192', 'M9', '1', 'R11'),
('ST1193', 'M10', '1', 'R11'),
('ST1194', 'M11', '1', 'R11'),
('ST1195', 'M12', '1', 'R11'),
('ST1196', 'M13', '1', 'R11'),
('ST1197', 'M14', '1', 'R11'),
('ST1198', 'M15', '1', 'R11'),
('ST1199', 'N1', '1', 'R11'),
('ST12', 'A12', '1', 'R10'),
('ST120', 'J12', '1', 'R10'),
('ST1200', 'N2', '1', 'R11'),
('ST1201', 'N3', '1', 'R11'),
('ST1202', 'N4', '1', 'R11'),
('ST1203', 'N5', '1', 'R11'),
('ST1204', 'N6', '1', 'R11'),
('ST1205', 'N7', '1', 'R11'),
('ST1206', 'N8', '1', 'R11'),
('ST1207', 'N9', '1', 'R11'),
('ST1208', 'N10', '1', 'R11'),
('ST1209', 'N11', '1', 'R11'),
('ST121', 'K1', '1', 'R10'),
('ST1210', 'N12', '1', 'R11'),
('ST1211', 'N13', '1', 'R11'),
('ST1212', 'N14', '1', 'R11'),
('ST1213', 'N15', '1', 'R11'),
('ST1214', 'O1', '2', 'R11'),
('ST1215', 'O2', '2', 'R11'),
('ST1216', 'O3', '2', 'R11'),
('ST1217', 'O4', '2', 'R11'),
('ST1218', 'O5', '2', 'R11'),
('ST1219', 'O6', '2', 'R11'),
('ST122', 'K2', '1', 'R10'),
('ST1220', 'O7', '2', 'R11'),
('ST1221', 'A1', '1', 'R110'),
('ST1222', 'A2', '1', 'R110'),
('ST1223', 'A3', '1', 'R110'),
('ST1224', 'A4', '1', 'R110'),
('ST1225', 'A5', '1', 'R110'),
('ST1226', 'A6', '1', 'R110'),
('ST1227', 'A7', '1', 'R110'),
('ST1228', 'A8', '1', 'R110'),
('ST1229', 'A9', '1', 'R110'),
('ST123', 'K3', '1', 'R10'),
('ST1230', 'A10', '1', 'R110'),
('ST1231', 'A11', '1', 'R110'),
('ST1232', 'A12', '1', 'R110'),
('ST1233', 'B1', '1', 'R110'),
('ST1234', 'B2', '1', 'R110'),
('ST1235', 'B3', '1', 'R110'),
('ST1236', 'B4', '1', 'R110'),
('ST1237', 'B5', '1', 'R110'),
('ST1238', 'B6', '1', 'R110'),
('ST1239', 'B7', '1', 'R110'),
('ST124', 'K4', '1', 'R10'),
('ST1240', 'B8', '1', 'R110'),
('ST1241', 'B9', '1', 'R110'),
('ST1242', 'B10', '1', 'R110'),
('ST1243', 'B11', '1', 'R110'),
('ST1244', 'B12', '1', 'R110'),
('ST1245', 'C1', '1', 'R110'),
('ST1246', 'C2', '1', 'R110'),
('ST1247', 'C3', '1', 'R110'),
('ST1248', 'C4', '1', 'R110'),
('ST1249', 'C5', '1', 'R110'),
('ST125', 'K5', '1', 'R10'),
('ST1250', 'C6', '1', 'R110'),
('ST1251', 'C7', '1', 'R110'),
('ST1252', 'C8', '1', 'R110'),
('ST1253', 'C9', '1', 'R110'),
('ST1254', 'C10', '1', 'R110'),
('ST1255', 'C11', '1', 'R110'),
('ST1256', 'C12', '1', 'R110'),
('ST1257', 'D1', '1', 'R110'),
('ST1258', 'D2', '1', 'R110'),
('ST1259', 'D3', '1', 'R110'),
('ST126', 'K6', '1', 'R10'),
('ST1260', 'D4', '1', 'R110'),
('ST1261', 'D5', '1', 'R110'),
('ST1262', 'D6', '1', 'R110'),
('ST1263', 'D7', '1', 'R110'),
('ST1264', 'D8', '1', 'R110'),
('ST1265', 'D9', '1', 'R110'),
('ST1266', 'D10', '1', 'R110'),
('ST1267', 'D11', '1', 'R110'),
('ST1268', 'D12', '1', 'R110'),
('ST1269', 'E1', '1', 'R110'),
('ST127', 'K7', '1', 'R10'),
('ST1270', 'E2', '1', 'R110'),
('ST1271', 'E3', '1', 'R110'),
('ST1272', 'E4', '1', 'R110'),
('ST1273', 'E5', '1', 'R110'),
('ST1274', 'E6', '1', 'R110'),
('ST1275', 'E7', '1', 'R110'),
('ST1276', 'E8', '1', 'R110'),
('ST1277', 'E9', '1', 'R110'),
('ST1278', 'E10', '1', 'R110'),
('ST1279', 'E11', '1', 'R110'),
('ST128', 'K8', '1', 'R10'),
('ST1280', 'E12', '1', 'R110'),
('ST1281', 'F1', '1', 'R110'),
('ST1282', 'F2', '1', 'R110'),
('ST1283', 'F3', '1', 'R110'),
('ST1284', 'F4', '1', 'R110'),
('ST1285', 'F5', '1', 'R110'),
('ST1286', 'F6', '1', 'R110'),
('ST1287', 'F7', '1', 'R110'),
('ST1288', 'F8', '1', 'R110'),
('ST1289', 'F9', '1', 'R110'),
('ST129', 'K9', '1', 'R10'),
('ST1290', 'F10', '1', 'R110'),
('ST1291', 'F11', '1', 'R110'),
('ST1292', 'F12', '1', 'R110'),
('ST1293', 'G1', '1', 'R110'),
('ST1294', 'G2', '1', 'R110'),
('ST1295', 'G3', '1', 'R110'),
('ST1296', 'G4', '1', 'R110'),
('ST1297', 'G5', '1', 'R110'),
('ST1298', 'G6', '1', 'R110'),
('ST1299', 'G7', '1', 'R110'),
('ST13', 'B1', '1', 'R10'),
('ST130', 'K10', '1', 'R10'),
('ST1300', 'G8', '1', 'R110'),
('ST1301', 'G9', '1', 'R110'),
('ST1302', 'G10', '1', 'R110'),
('ST1303', 'G11', '1', 'R110'),
('ST1304', 'G12', '1', 'R110'),
('ST1305', 'H1', '1', 'R110'),
('ST1306', 'H2', '1', 'R110'),
('ST1307', 'H3', '1', 'R110'),
('ST1308', 'H4', '1', 'R110'),
('ST1309', 'H5', '1', 'R110'),
('ST131', 'K11', '1', 'R10'),
('ST1310', 'H6', '1', 'R110'),
('ST1311', 'H7', '1', 'R110'),
('ST1312', 'H8', '1', 'R110'),
('ST1313', 'H9', '1', 'R110'),
('ST1314', 'H10', '1', 'R110'),
('ST1315', 'H11', '1', 'R110'),
('ST1316', 'H12', '1', 'R110'),
('ST1317', 'I1', '1', 'R110'),
('ST1318', 'I2', '1', 'R110'),
('ST1319', 'I3', '1', 'R110'),
('ST132', 'K12', '1', 'R10'),
('ST1320', 'I4', '1', 'R110'),
('ST1321', 'I5', '1', 'R110'),
('ST1322', 'I6', '1', 'R110'),
('ST1323', 'I7', '1', 'R110'),
('ST1324', 'I8', '1', 'R110'),
('ST1325', 'I9', '1', 'R110'),
('ST1326', 'I10', '1', 'R110'),
('ST1327', 'I11', '1', 'R110'),
('ST1328', 'I12', '1', 'R110'),
('ST1329', 'J1', '1', 'R110'),
('ST133', 'L1', '2', 'R10'),
('ST1330', 'J2', '1', 'R110'),
('ST1331', 'J3', '1', 'R110'),
('ST1332', 'J4', '1', 'R110'),
('ST1333', 'J5', '1', 'R110'),
('ST1334', 'J6', '1', 'R110'),
('ST1335', 'J7', '1', 'R110'),
('ST1336', 'J8', '1', 'R110'),
('ST1337', 'J9', '1', 'R110'),
('ST1338', 'J10', '1', 'R110'),
('ST1339', 'J11', '1', 'R110'),
('ST134', 'L2', '2', 'R10'),
('ST1340', 'J12', '1', 'R110'),
('ST1341', 'K1', '1', 'R110'),
('ST1342', 'K2', '1', 'R110'),
('ST1343', 'K3', '1', 'R110'),
('ST1344', 'K4', '1', 'R110'),
('ST1345', 'K5', '1', 'R110'),
('ST1346', 'K6', '1', 'R110'),
('ST1347', 'K7', '1', 'R110'),
('ST1348', 'K8', '1', 'R110'),
('ST1349', 'K9', '1', 'R110'),
('ST135', 'L3', '2', 'R10'),
('ST1350', 'K10', '1', 'R110'),
('ST1351', 'K11', '1', 'R110'),
('ST1352', 'K12', '1', 'R110'),
('ST1353', 'L1', '2', 'R110'),
('ST1354', 'L2', '2', 'R110'),
('ST1355', 'L3', '2', 'R110'),
('ST1356', 'L4', '2', 'R110'),
('ST1357', 'L5', '2', 'R110'),
('ST1358', 'L6', '2', 'R110'),
('ST1359', 'A1', '1', 'R111'),
('ST136', 'L4', '2', 'R10'),
('ST1360', 'A2', '1', 'R111'),
('ST1361', 'A3', '1', 'R111'),
('ST1362', 'A4', '1', 'R111'),
('ST1363', 'A5', '1', 'R111'),
('ST1364', 'A6', '1', 'R111'),
('ST1365', 'A7', '1', 'R111'),
('ST1366', 'A8', '1', 'R111'),
('ST1367', 'A9', '1', 'R111'),
('ST1368', 'A10', '1', 'R111'),
('ST1369', 'A11', '1', 'R111'),
('ST137', 'L5', '2', 'R10'),
('ST1370', 'A12', '1', 'R111'),
('ST1371', 'A13', '1', 'R111'),
('ST1372', 'A14', '1', 'R111'),
('ST1373', 'A15', '1', 'R111'),
('ST1374', 'B1', '1', 'R111'),
('ST1375', 'B2', '1', 'R111'),
('ST1376', 'B3', '1', 'R111'),
('ST1377', 'B4', '1', 'R111'),
('ST1378', 'B5', '1', 'R111'),
('ST1379', 'B6', '1', 'R111'),
('ST138', 'L6', '2', 'R10'),
('ST1380', 'B7', '1', 'R111'),
('ST1381', 'B8', '1', 'R111'),
('ST1382', 'B9', '1', 'R111'),
('ST1383', 'B10', '1', 'R111'),
('ST1384', 'B11', '1', 'R111'),
('ST1385', 'B12', '1', 'R111'),
('ST1386', 'B13', '1', 'R111'),
('ST1387', 'B14', '1', 'R111'),
('ST1388', 'B15', '1', 'R111'),
('ST1389', 'C1', '1', 'R111'),
('ST139', 'A1', '1', 'R105'),
('ST1390', 'C2', '1', 'R111'),
('ST1391', 'C3', '1', 'R111'),
('ST1392', 'C4', '1', 'R111'),
('ST1393', 'C5', '1', 'R111'),
('ST1394', 'C6', '1', 'R111'),
('ST1395', 'C7', '1', 'R111'),
('ST1396', 'C8', '1', 'R111'),
('ST1397', 'C9', '1', 'R111'),
('ST1398', 'C10', '1', 'R111'),
('ST1399', 'C11', '1', 'R111'),
('ST14', 'B2', '1', 'R10'),
('ST140', 'A2', '1', 'R105'),
('ST1400', 'C12', '1', 'R111'),
('ST1401', 'C13', '1', 'R111'),
('ST1402', 'C14', '1', 'R111'),
('ST1403', 'C15', '1', 'R111'),
('ST1404', 'D1', '1', 'R111'),
('ST1405', 'D2', '1', 'R111'),
('ST1406', 'D3', '1', 'R111'),
('ST1407', 'D4', '1', 'R111'),
('ST1408', 'D5', '1', 'R111'),
('ST1409', 'D6', '1', 'R111'),
('ST141', 'A3', '1', 'R105'),
('ST1410', 'D7', '1', 'R111'),
('ST1411', 'D8', '1', 'R111'),
('ST1412', 'D9', '1', 'R111'),
('ST1413', 'D10', '1', 'R111'),
('ST1414', 'D11', '1', 'R111'),
('ST1415', 'D12', '1', 'R111'),
('ST1416', 'D13', '1', 'R111'),
('ST1417', 'D14', '1', 'R111'),
('ST1418', 'D15', '1', 'R111'),
('ST1419', 'E1', '1', 'R111'),
('ST142', 'A4', '1', 'R105'),
('ST1420', 'E2', '1', 'R111'),
('ST1421', 'E3', '1', 'R111'),
('ST1422', 'E4', '1', 'R111'),
('ST1423', 'E5', '1', 'R111'),
('ST1424', 'E6', '1', 'R111'),
('ST1425', 'E7', '1', 'R111'),
('ST1426', 'E8', '1', 'R111'),
('ST1427', 'E9', '1', 'R111'),
('ST1428', 'E10', '1', 'R111'),
('ST1429', 'E11', '1', 'R111'),
('ST143', 'A5', '1', 'R105'),
('ST1430', 'E12', '1', 'R111'),
('ST1431', 'E13', '1', 'R111'),
('ST1432', 'E14', '1', 'R111'),
('ST1433', 'E15', '1', 'R111'),
('ST1434', 'F1', '1', 'R111'),
('ST1435', 'F2', '1', 'R111'),
('ST1436', 'F3', '1', 'R111'),
('ST1437', 'F4', '1', 'R111'),
('ST1438', 'F5', '1', 'R111'),
('ST1439', 'F6', '1', 'R111'),
('ST144', 'A6', '1', 'R105'),
('ST1440', 'F7', '1', 'R111'),
('ST1441', 'F8', '1', 'R111'),
('ST1442', 'F9', '1', 'R111'),
('ST1443', 'F10', '1', 'R111'),
('ST1444', 'F11', '1', 'R111'),
('ST1445', 'F12', '1', 'R111'),
('ST1446', 'F13', '1', 'R111'),
('ST1447', 'F14', '1', 'R111'),
('ST1448', 'F15', '1', 'R111'),
('ST1449', 'G1', '1', 'R111'),
('ST145', 'A7', '1', 'R105'),
('ST1450', 'G2', '1', 'R111'),
('ST1451', 'G3', '1', 'R111'),
('ST1452', 'G4', '1', 'R111'),
('ST1453', 'G5', '1', 'R111'),
('ST1454', 'G6', '1', 'R111'),
('ST1455', 'G7', '1', 'R111'),
('ST1456', 'G8', '1', 'R111'),
('ST1457', 'G9', '1', 'R111'),
('ST1458', 'G10', '1', 'R111'),
('ST1459', 'G11', '1', 'R111'),
('ST146', 'A8', '1', 'R105'),
('ST1460', 'G12', '1', 'R111'),
('ST1461', 'G13', '1', 'R111'),
('ST1462', 'G14', '1', 'R111'),
('ST1463', 'G15', '1', 'R111'),
('ST1464', 'H1', '1', 'R111'),
('ST1465', 'H2', '1', 'R111'),
('ST1466', 'H3', '1', 'R111'),
('ST1467', 'H4', '1', 'R111'),
('ST1468', 'H5', '1', 'R111'),
('ST1469', 'H6', '1', 'R111'),
('ST147', 'B1', '1', 'R105'),
('ST1470', 'H7', '1', 'R111'),
('ST1471', 'H8', '1', 'R111'),
('ST1472', 'H9', '1', 'R111'),
('ST1473', 'H10', '1', 'R111'),
('ST1474', 'H11', '1', 'R111'),
('ST1475', 'H12', '1', 'R111'),
('ST1476', 'H13', '1', 'R111'),
('ST1477', 'H14', '1', 'R111'),
('ST1478', 'H15', '1', 'R111'),
('ST1479', 'I1', '1', 'R111'),
('ST148', 'B2', '1', 'R105'),
('ST1480', 'I2', '1', 'R111'),
('ST1481', 'I3', '1', 'R111'),
('ST1482', 'I4', '1', 'R111'),
('ST1483', 'I5', '1', 'R111'),
('ST1484', 'I6', '1', 'R111'),
('ST1485', 'I7', '1', 'R111'),
('ST1486', 'I8', '1', 'R111'),
('ST1487', 'I9', '1', 'R111'),
('ST1488', 'I10', '1', 'R111'),
('ST1489', 'I11', '1', 'R111'),
('ST149', 'B3', '1', 'R105'),
('ST1490', 'I12', '1', 'R111'),
('ST1491', 'I13', '1', 'R111'),
('ST1492', 'I14', '1', 'R111'),
('ST1493', 'I15', '1', 'R111'),
('ST1494', 'J1', '1', 'R111'),
('ST1495', 'J2', '1', 'R111'),
('ST1496', 'J3', '1', 'R111'),
('ST1497', 'J4', '1', 'R111'),
('ST1498', 'J5', '1', 'R111'),
('ST1499', 'J6', '1', 'R111'),
('ST15', 'B3', '1', 'R10'),
('ST150', 'B4', '1', 'R105'),
('ST1500', 'J7', '1', 'R111'),
('ST1501', 'J8', '1', 'R111'),
('ST1502', 'J9', '1', 'R111'),
('ST1503', 'J10', '1', 'R111'),
('ST1504', 'J11', '1', 'R111'),
('ST1505', 'J12', '1', 'R111'),
('ST1506', 'J13', '1', 'R111'),
('ST1507', 'J14', '1', 'R111'),
('ST1508', 'J15', '1', 'R111'),
('ST1509', 'K1', '1', 'R111'),
('ST151', 'B5', '1', 'R105'),
('ST1510', 'K2', '1', 'R111'),
('ST1511', 'K3', '1', 'R111'),
('ST1512', 'K4', '1', 'R111'),
('ST1513', 'K5', '1', 'R111'),
('ST1514', 'K6', '1', 'R111'),
('ST1515', 'K7', '1', 'R111'),
('ST1516', 'K8', '1', 'R111'),
('ST1517', 'K9', '1', 'R111'),
('ST1518', 'K10', '1', 'R111'),
('ST1519', 'K11', '1', 'R111'),
('ST152', 'B6', '1', 'R105'),
('ST1520', 'K12', '1', 'R111'),
('ST1521', 'K13', '1', 'R111'),
('ST1522', 'K14', '1', 'R111'),
('ST1523', 'K15', '1', 'R111'),
('ST1524', 'L1', '1', 'R111'),
('ST1525', 'L2', '1', 'R111'),
('ST1526', 'L3', '1', 'R111'),
('ST1527', 'L4', '1', 'R111'),
('ST1528', 'L5', '1', 'R111'),
('ST1529', 'L6', '1', 'R111'),
('ST153', 'B7', '1', 'R105'),
('ST1530', 'L7', '1', 'R111'),
('ST1531', 'L8', '1', 'R111'),
('ST1532', 'L9', '1', 'R111'),
('ST1533', 'L10', '1', 'R111'),
('ST1534', 'L11', '1', 'R111'),
('ST1535', 'L12', '1', 'R111'),
('ST1536', 'L13', '1', 'R111'),
('ST1537', 'L14', '1', 'R111'),
('ST1538', 'L15', '1', 'R111'),
('ST1539', 'M1', '1', 'R111'),
('ST154', 'B8', '1', 'R105'),
('ST1540', 'M2', '1', 'R111'),
('ST1541', 'M3', '1', 'R111'),
('ST1542', 'M4', '1', 'R111'),
('ST1543', 'M5', '1', 'R111'),
('ST1544', 'M6', '1', 'R111'),
('ST1545', 'M7', '1', 'R111'),
('ST1546', 'M8', '1', 'R111'),
('ST1547', 'M9', '1', 'R111'),
('ST1548', 'M10', '1', 'R111'),
('ST1549', 'M11', '1', 'R111'),
('ST155', 'C1', '1', 'R105'),
('ST1550', 'M12', '1', 'R111'),
('ST1551', 'M13', '1', 'R111'),
('ST1552', 'M14', '1', 'R111'),
('ST1553', 'M15', '1', 'R111'),
('ST1554', 'N1', '1', 'R111'),
('ST1555', 'N2', '1', 'R111'),
('ST1556', 'N3', '1', 'R111'),
('ST1557', 'N4', '1', 'R111'),
('ST1558', 'N5', '1', 'R111'),
('ST1559', 'N6', '1', 'R111'),
('ST156', 'C2', '1', 'R105'),
('ST1560', 'N7', '1', 'R111'),
('ST1561', 'N8', '1', 'R111'),
('ST1562', 'N9', '1', 'R111'),
('ST1563', 'N10', '1', 'R111'),
('ST1564', 'N11', '1', 'R111'),
('ST1565', 'N12', '1', 'R111'),
('ST1566', 'N13', '1', 'R111'),
('ST1567', 'N14', '1', 'R111'),
('ST1568', 'N15', '1', 'R111'),
('ST1569', 'O1', '2', 'R111'),
('ST157', 'C3', '1', 'R105'),
('ST1570', 'O2', '2', 'R111'),
('ST1571', 'O3', '2', 'R111'),
('ST1572', 'O4', '2', 'R111'),
('ST1573', 'O5', '2', 'R111'),
('ST1574', 'O6', '2', 'R111'),
('ST1575', 'O7', '2', 'R111'),
('ST1576', 'A1', '1', 'R112'),
('ST1577', 'A2', '1', 'R112'),
('ST1578', 'A3', '1', 'R112'),
('ST1579', 'A4', '1', 'R112'),
('ST158', 'C4', '1', 'R105'),
('ST1580', 'A5', '1', 'R112'),
('ST1581', 'A6', '1', 'R112'),
('ST1582', 'A7', '1', 'R112'),
('ST1583', 'A8', '1', 'R112'),
('ST1584', 'A9', '1', 'R112'),
('ST1585', 'A10', '1', 'R112'),
('ST1586', 'A11', '1', 'R112'),
('ST1587', 'A12', '1', 'R112'),
('ST1588', 'A13', '1', 'R112'),
('ST1589', 'A14', '1', 'R112'),
('ST159', 'C5', '1', 'R105'),
('ST1590', 'A15', '1', 'R112'),
('ST1591', 'A16', '1', 'R112'),
('ST1592', 'A17', '1', 'R112'),
('ST1593', 'A18', '1', 'R112'),
('ST1594', 'A19', '1', 'R112'),
('ST1595', 'A20', '1', 'R112'),
('ST1596', 'B1', '1', 'R112'),
('ST1597', 'B2', '1', 'R112'),
('ST1598', 'B3', '1', 'R112'),
('ST1599', 'B4', '1', 'R112'),
('ST16', 'B4', '1', 'R10'),
('ST160', 'C6', '1', 'R105'),
('ST1600', 'B5', '1', 'R112'),
('ST1601', 'B6', '1', 'R112'),
('ST1602', 'B7', '1', 'R112'),
('ST1603', 'B8', '1', 'R112'),
('ST1604', 'B9', '1', 'R112'),
('ST1605', 'B10', '1', 'R112'),
('ST1606', 'B11', '1', 'R112'),
('ST1607', 'B12', '1', 'R112'),
('ST1608', 'B13', '1', 'R112'),
('ST1609', 'B14', '1', 'R112'),
('ST161', 'C7', '1', 'R105'),
('ST1610', 'B15', '1', 'R112'),
('ST1611', 'B16', '1', 'R112'),
('ST1612', 'B17', '1', 'R112'),
('ST1613', 'B18', '1', 'R112'),
('ST1614', 'B19', '1', 'R112'),
('ST1615', 'B20', '1', 'R112'),
('ST1616', 'C1', '1', 'R112'),
('ST1617', 'C2', '1', 'R112'),
('ST1618', 'C3', '1', 'R112'),
('ST1619', 'C4', '1', 'R112'),
('ST162', 'C8', '1', 'R105'),
('ST1620', 'C5', '1', 'R112'),
('ST1621', 'C6', '1', 'R112'),
('ST1622', 'C7', '1', 'R112'),
('ST1623', 'C8', '1', 'R112'),
('ST1624', 'C9', '1', 'R112'),
('ST1625', 'C10', '1', 'R112'),
('ST1626', 'C11', '1', 'R112'),
('ST1627', 'C12', '1', 'R112'),
('ST1628', 'C13', '1', 'R112'),
('ST1629', 'C14', '1', 'R112'),
('ST163', 'D1', '1', 'R105'),
('ST1630', 'C15', '1', 'R112'),
('ST1631', 'C16', '1', 'R112'),
('ST1632', 'C17', '1', 'R112'),
('ST1633', 'C18', '1', 'R112'),
('ST1634', 'C19', '1', 'R112'),
('ST1635', 'C20', '1', 'R112'),
('ST1636', 'D1', '1', 'R112'),
('ST1637', 'D2', '1', 'R112'),
('ST1638', 'D3', '1', 'R112'),
('ST1639', 'D4', '1', 'R112'),
('ST164', 'D2', '1', 'R105'),
('ST1640', 'D5', '1', 'R112'),
('ST1641', 'D6', '1', 'R112'),
('ST1642', 'D7', '1', 'R112'),
('ST1643', 'D8', '1', 'R112'),
('ST1644', 'D9', '1', 'R112'),
('ST1645', 'D10', '1', 'R112'),
('ST1646', 'D11', '1', 'R112'),
('ST1647', 'D12', '1', 'R112'),
('ST1648', 'D13', '1', 'R112'),
('ST1649', 'D14', '1', 'R112'),
('ST165', 'D3', '1', 'R105'),
('ST1650', 'D15', '1', 'R112'),
('ST1651', 'D16', '1', 'R112'),
('ST1652', 'D17', '1', 'R112'),
('ST1653', 'D18', '1', 'R112'),
('ST1654', 'D19', '1', 'R112'),
('ST1655', 'D20', '1', 'R112'),
('ST1656', 'E1', '1', 'R112'),
('ST1657', 'E2', '1', 'R112'),
('ST1658', 'E3', '1', 'R112'),
('ST1659', 'E4', '1', 'R112'),
('ST166', 'D4', '1', 'R105'),
('ST1660', 'E5', '1', 'R112'),
('ST1661', 'E6', '1', 'R112'),
('ST1662', 'E7', '1', 'R112'),
('ST1663', 'E8', '1', 'R112'),
('ST1664', 'E9', '1', 'R112'),
('ST1665', 'E10', '1', 'R112'),
('ST1666', 'E11', '1', 'R112'),
('ST1667', 'E12', '1', 'R112'),
('ST1668', 'E13', '1', 'R112'),
('ST1669', 'E14', '1', 'R112'),
('ST167', 'D5', '1', 'R105'),
('ST1670', 'E15', '1', 'R112'),
('ST1671', 'E16', '1', 'R112'),
('ST1672', 'E17', '1', 'R112'),
('ST1673', 'E18', '1', 'R112'),
('ST1674', 'E19', '1', 'R112'),
('ST1675', 'E20', '1', 'R112'),
('ST1676', 'F1', '1', 'R112'),
('ST1677', 'F2', '1', 'R112'),
('ST1678', 'F3', '1', 'R112'),
('ST1679', 'F4', '1', 'R112'),
('ST168', 'D6', '1', 'R105'),
('ST1680', 'F5', '1', 'R112'),
('ST1681', 'F6', '1', 'R112'),
('ST1682', 'F7', '1', 'R112'),
('ST1683', 'F8', '1', 'R112'),
('ST1684', 'F9', '1', 'R112'),
('ST1685', 'F10', '1', 'R112'),
('ST1686', 'F11', '1', 'R112'),
('ST1687', 'F12', '1', 'R112'),
('ST1688', 'F13', '1', 'R112'),
('ST1689', 'F14', '1', 'R112'),
('ST169', 'D7', '1', 'R105'),
('ST1690', 'F15', '1', 'R112'),
('ST1691', 'F16', '1', 'R112'),
('ST1692', 'F17', '1', 'R112'),
('ST1693', 'F18', '1', 'R112'),
('ST1694', 'F19', '1', 'R112'),
('ST1695', 'F20', '1', 'R112'),
('ST1696', 'G1', '1', 'R112'),
('ST1697', 'G2', '1', 'R112'),
('ST1698', 'G3', '1', 'R112'),
('ST1699', 'G4', '1', 'R112'),
('ST17', 'B5', '1', 'R10'),
('ST170', 'D8', '1', 'R105'),
('ST1700', 'G5', '1', 'R112'),
('ST1701', 'G6', '1', 'R112'),
('ST1702', 'G7', '1', 'R112'),
('ST1703', 'G8', '1', 'R112'),
('ST1704', 'G9', '1', 'R112'),
('ST1705', 'G10', '1', 'R112'),
('ST1706', 'G11', '1', 'R112'),
('ST1707', 'G12', '1', 'R112'),
('ST1708', 'G13', '1', 'R112'),
('ST1709', 'G14', '1', 'R112'),
('ST171', 'E1', '1', 'R105'),
('ST1710', 'G15', '1', 'R112'),
('ST1711', 'G16', '1', 'R112'),
('ST1712', 'G17', '1', 'R112'),
('ST1713', 'G18', '1', 'R112'),
('ST1714', 'G19', '1', 'R112'),
('ST1715', 'G20', '1', 'R112'),
('ST1716', 'H1', '1', 'R112'),
('ST1717', 'H2', '1', 'R112'),
('ST1718', 'H3', '1', 'R112'),
('ST1719', 'H4', '1', 'R112'),
('ST172', 'E2', '1', 'R105'),
('ST1720', 'H5', '1', 'R112'),
('ST1721', 'H6', '1', 'R112'),
('ST1722', 'H7', '1', 'R112'),
('ST1723', 'H8', '1', 'R112'),
('ST1724', 'H9', '1', 'R112'),
('ST1725', 'H10', '1', 'R112'),
('ST1726', 'H11', '1', 'R112'),
('ST1727', 'H12', '1', 'R112'),
('ST1728', 'H13', '1', 'R112'),
('ST1729', 'H14', '1', 'R112'),
('ST173', 'E3', '1', 'R105'),
('ST1730', 'H15', '1', 'R112'),
('ST1731', 'H16', '1', 'R112'),
('ST1732', 'H17', '1', 'R112'),
('ST1733', 'H18', '1', 'R112'),
('ST1734', 'H19', '1', 'R112'),
('ST1735', 'H20', '1', 'R112'),
('ST1736', 'I1', '1', 'R112'),
('ST1737', 'I2', '1', 'R112'),
('ST1738', 'I3', '1', 'R112'),
('ST1739', 'I4', '1', 'R112'),
('ST174', 'E4', '1', 'R105'),
('ST1740', 'I5', '1', 'R112'),
('ST1741', 'I6', '1', 'R112'),
('ST1742', 'I7', '1', 'R112'),
('ST1743', 'I8', '1', 'R112'),
('ST1744', 'I9', '1', 'R112'),
('ST1745', 'I10', '1', 'R112'),
('ST1746', 'I11', '1', 'R112'),
('ST1747', 'I12', '1', 'R112'),
('ST1748', 'I13', '1', 'R112'),
('ST1749', 'I14', '1', 'R112'),
('ST175', 'E5', '1', 'R105'),
('ST1750', 'I15', '1', 'R112'),
('ST1751', 'I16', '1', 'R112'),
('ST1752', 'I17', '1', 'R112'),
('ST1753', 'I18', '1', 'R112'),
('ST1754', 'I19', '1', 'R112'),
('ST1755', 'I20', '1', 'R112'),
('ST1756', 'J1', '1', 'R112'),
('ST1757', 'J2', '1', 'R112'),
('ST1758', 'J3', '1', 'R112'),
('ST1759', 'J4', '1', 'R112'),
('ST176', 'E6', '1', 'R105'),
('ST1760', 'J5', '1', 'R112'),
('ST1761', 'J6', '1', 'R112'),
('ST1762', 'J7', '1', 'R112'),
('ST1763', 'J8', '1', 'R112'),
('ST1764', 'J9', '1', 'R112'),
('ST1765', 'J10', '1', 'R112'),
('ST1766', 'J11', '1', 'R112'),
('ST1767', 'J12', '1', 'R112'),
('ST1768', 'J13', '1', 'R112'),
('ST1769', 'J14', '1', 'R112'),
('ST177', 'E7', '1', 'R105'),
('ST1770', 'J15', '1', 'R112'),
('ST1771', 'J16', '1', 'R112'),
('ST1772', 'J17', '1', 'R112'),
('ST1773', 'J18', '1', 'R112'),
('ST1774', 'J19', '1', 'R112'),
('ST1775', 'J20', '1', 'R112'),
('ST1776', 'K1', '1', 'R112'),
('ST1777', 'K2', '1', 'R112'),
('ST1778', 'K3', '1', 'R112'),
('ST1779', 'K4', '1', 'R112'),
('ST178', 'E8', '1', 'R105'),
('ST1780', 'K5', '1', 'R112'),
('ST1781', 'K6', '1', 'R112'),
('ST1782', 'K7', '1', 'R112'),
('ST1783', 'K8', '1', 'R112'),
('ST1784', 'K9', '1', 'R112'),
('ST1785', 'K10', '1', 'R112'),
('ST1786', 'K11', '1', 'R112'),
('ST1787', 'K12', '1', 'R112'),
('ST1788', 'K13', '1', 'R112'),
('ST1789', 'K14', '1', 'R112'),
('ST179', 'F1', '1', 'R105'),
('ST1790', 'K15', '1', 'R112'),
('ST1791', 'K16', '1', 'R112'),
('ST1792', 'K17', '1', 'R112'),
('ST1793', 'K18', '1', 'R112'),
('ST1794', 'K19', '1', 'R112'),
('ST1795', 'K20', '1', 'R112'),
('ST1796', 'L1', '1', 'R112'),
('ST1797', 'L2', '1', 'R112'),
('ST1798', 'L3', '1', 'R112'),
('ST1799', 'L4', '1', 'R112'),
('ST18', 'B6', '1', 'R10'),
('ST180', 'F2', '1', 'R105'),
('ST1800', 'L5', '1', 'R112'),
('ST1801', 'L6', '1', 'R112'),
('ST1802', 'L7', '1', 'R112'),
('ST1803', 'L8', '1', 'R112'),
('ST1804', 'L9', '1', 'R112'),
('ST1805', 'L10', '1', 'R112'),
('ST1806', 'L11', '1', 'R112'),
('ST1807', 'L12', '1', 'R112'),
('ST1808', 'L13', '1', 'R112'),
('ST1809', 'L14', '1', 'R112'),
('ST181', 'F3', '1', 'R105'),
('ST1810', 'L15', '1', 'R112'),
('ST1811', 'L16', '1', 'R112'),
('ST1812', 'L17', '1', 'R112'),
('ST1813', 'L18', '1', 'R112'),
('ST1814', 'L19', '1', 'R112'),
('ST1815', 'L20', '1', 'R112'),
('ST1816', 'M1', '1', 'R112'),
('ST1817', 'M2', '1', 'R112'),
('ST1818', 'M3', '1', 'R112'),
('ST1819', 'M4', '1', 'R112'),
('ST182', 'F4', '1', 'R105'),
('ST1820', 'M5', '1', 'R112'),
('ST1821', 'M6', '1', 'R112'),
('ST1822', 'M7', '1', 'R112'),
('ST1823', 'M8', '1', 'R112'),
('ST1824', 'M9', '1', 'R112'),
('ST1825', 'M10', '1', 'R112'),
('ST1826', 'M11', '1', 'R112'),
('ST1827', 'M12', '1', 'R112'),
('ST1828', 'M13', '1', 'R112'),
('ST1829', 'M14', '1', 'R112'),
('ST183', 'F5', '1', 'R105'),
('ST1830', 'M15', '1', 'R112'),
('ST1831', 'M16', '1', 'R112'),
('ST1832', 'M17', '1', 'R112'),
('ST1833', 'M18', '1', 'R112'),
('ST1834', 'M19', '1', 'R112'),
('ST1835', 'M20', '1', 'R112'),
('ST1836', 'N1', '1', 'R112'),
('ST1837', 'N2', '1', 'R112'),
('ST1838', 'N3', '1', 'R112'),
('ST1839', 'N4', '1', 'R112'),
('ST184', 'F6', '1', 'R105'),
('ST1840', 'N5', '1', 'R112'),
('ST1841', 'N6', '1', 'R112'),
('ST1842', 'N7', '1', 'R112'),
('ST1843', 'N8', '1', 'R112'),
('ST1844', 'N9', '1', 'R112'),
('ST1845', 'N10', '1', 'R112'),
('ST1846', 'N11', '1', 'R112'),
('ST1847', 'N12', '1', 'R112'),
('ST1848', 'N13', '1', 'R112'),
('ST1849', 'N14', '1', 'R112'),
('ST185', 'F7', '1', 'R105'),
('ST1850', 'N15', '1', 'R112'),
('ST1851', 'N16', '1', 'R112'),
('ST1852', 'N17', '1', 'R112'),
('ST1853', 'N18', '1', 'R112'),
('ST1854', 'N19', '1', 'R112'),
('ST1855', 'N20', '1', 'R112'),
('ST1856', 'O1', '1', 'R112'),
('ST1857', 'O2', '1', 'R112'),
('ST1858', 'O3', '1', 'R112'),
('ST1859', 'O4', '1', 'R112'),
('ST186', 'F8', '1', 'R105'),
('ST1860', 'O5', '1', 'R112'),
('ST187', 'G1', '1', 'R105'),
('ST188', 'G2', '1', 'R105'),
('ST189', 'G3', '1', 'R105'),
('ST19', 'B7', '1', 'R10'),
('ST190', 'G4', '1', 'R105'),
('ST191', 'G5', '1', 'R105'),
('ST192', 'G6', '1', 'R105'),
('ST193', 'G7', '1', 'R105'),
('ST194', 'G8', '1', 'R105'),
('ST195', 'H1', '2', 'R105'),
('ST196', 'H2', '2', 'R105'),
('ST197', 'H3', '2', 'R105'),
('ST198', 'H4', '2', 'R105'),
('ST199', 'A1', '1', 'R106'),
('ST2', 'A2', '1', 'R10'),
('ST20', 'B8', '1', 'R10'),
('ST200', 'A2', '1', 'R106'),
('ST201', 'A3', '1', 'R106'),
('ST202', 'A4', '1', 'R106'),
('ST203', 'A5', '1', 'R106'),
('ST204', 'A6', '1', 'R106'),
('ST205', 'A7', '1', 'R106'),
('ST206', 'A8', '1', 'R106'),
('ST207', 'A9', '1', 'R106'),
('ST208', 'A10', '1', 'R106'),
('ST209', 'A11', '1', 'R106'),
('ST21', 'B9', '1', 'R10'),
('ST210', 'A12', '1', 'R106'),
('ST211', 'B1', '1', 'R106'),
('ST212', 'B2', '1', 'R106'),
('ST213', 'B3', '1', 'R106'),
('ST214', 'B4', '1', 'R106'),
('ST215', 'B5', '1', 'R106'),
('ST216', 'B6', '1', 'R106'),
('ST217', 'B7', '1', 'R106'),
('ST218', 'B8', '1', 'R106'),
('ST219', 'B9', '1', 'R106'),
('ST22', 'B10', '1', 'R10'),
('ST220', 'B10', '1', 'R106'),
('ST221', 'B11', '1', 'R106'),
('ST222', 'B12', '1', 'R106'),
('ST223', 'C1', '1', 'R106'),
('ST224', 'C2', '1', 'R106'),
('ST225', 'C3', '1', 'R106'),
('ST226', 'C4', '1', 'R106'),
('ST227', 'C5', '1', 'R106'),
('ST228', 'C6', '1', 'R106'),
('ST229', 'C7', '1', 'R106'),
('ST23', 'B11', '1', 'R10'),
('ST230', 'C8', '1', 'R106'),
('ST231', 'C9', '1', 'R106'),
('ST232', 'C10', '1', 'R106'),
('ST233', 'C11', '1', 'R106'),
('ST234', 'C12', '1', 'R106'),
('ST235', 'D1', '1', 'R106'),
('ST236', 'D2', '1', 'R106'),
('ST237', 'D3', '1', 'R106'),
('ST238', 'D4', '1', 'R106'),
('ST239', 'D5', '1', 'R106'),
('ST24', 'B12', '1', 'R10'),
('ST240', 'D6', '1', 'R106'),
('ST241', 'D7', '1', 'R106'),
('ST242', 'D8', '1', 'R106'),
('ST243', 'D9', '1', 'R106'),
('ST244', 'D10', '1', 'R106'),
('ST245', 'D11', '1', 'R106'),
('ST246', 'D12', '1', 'R106'),
('ST247', 'E1', '1', 'R106'),
('ST248', 'E2', '1', 'R106'),
('ST249', 'E3', '1', 'R106'),
('ST25', 'C1', '1', 'R10'),
('ST250', 'E4', '1', 'R106'),
('ST251', 'E5', '1', 'R106'),
('ST252', 'E6', '1', 'R106'),
('ST253', 'E7', '1', 'R106'),
('ST254', 'E8', '1', 'R106'),
('ST255', 'E9', '1', 'R106'),
('ST256', 'E10', '1', 'R106'),
('ST257', 'E11', '1', 'R106'),
('ST258', 'E12', '1', 'R106'),
('ST259', 'F1', '1', 'R106'),
('ST26', 'C2', '1', 'R10'),
('ST260', 'F2', '1', 'R106'),
('ST261', 'F3', '1', 'R106'),
('ST262', 'F4', '1', 'R106'),
('ST263', 'F5', '1', 'R106'),
('ST264', 'F6', '1', 'R106'),
('ST265', 'F7', '1', 'R106'),
('ST266', 'F8', '1', 'R106'),
('ST267', 'F9', '1', 'R106'),
('ST268', 'F10', '1', 'R106'),
('ST269', 'F11', '1', 'R106'),
('ST27', 'C3', '1', 'R10'),
('ST270', 'F12', '1', 'R106'),
('ST271', 'G1', '1', 'R106'),
('ST272', 'G2', '1', 'R106'),
('ST273', 'G3', '1', 'R106'),
('ST274', 'G4', '1', 'R106'),
('ST275', 'G5', '1', 'R106'),
('ST276', 'G6', '1', 'R106'),
('ST277', 'G7', '1', 'R106'),
('ST278', 'G8', '1', 'R106'),
('ST279', 'G9', '1', 'R106'),
('ST28', 'C4', '1', 'R10'),
('ST280', 'G10', '1', 'R106'),
('ST281', 'G11', '1', 'R106'),
('ST282', 'G12', '1', 'R106'),
('ST283', 'H1', '1', 'R106'),
('ST284', 'H2', '1', 'R106'),
('ST285', 'H3', '1', 'R106'),
('ST286', 'H4', '1', 'R106'),
('ST287', 'H5', '1', 'R106'),
('ST288', 'H6', '1', 'R106'),
('ST289', 'H7', '1', 'R106'),
('ST29', 'C5', '1', 'R10'),
('ST290', 'H8', '1', 'R106'),
('ST291', 'H9', '1', 'R106'),
('ST292', 'H10', '1', 'R106'),
('ST293', 'H11', '1', 'R106'),
('ST294', 'H12', '1', 'R106'),
('ST295', 'I1', '1', 'R106'),
('ST296', 'I2', '1', 'R106'),
('ST297', 'I3', '1', 'R106'),
('ST298', 'I4', '1', 'R106'),
('ST299', 'I5', '1', 'R106'),
('ST3', 'A3', '1', 'R10'),
('ST30', 'C6', '1', 'R10'),
('ST300', 'I6', '1', 'R106'),
('ST301', 'I7', '1', 'R106'),
('ST302', 'I8', '1', 'R106'),
('ST303', 'I9', '1', 'R106'),
('ST304', 'I10', '1', 'R106'),
('ST305', 'I11', '1', 'R106'),
('ST306', 'I12', '1', 'R106'),
('ST307', 'J1', '1', 'R106'),
('ST308', 'J2', '1', 'R106'),
('ST309', 'J3', '1', 'R106'),
('ST31', 'C7', '1', 'R10'),
('ST310', 'J4', '1', 'R106'),
('ST311', 'J5', '1', 'R106'),
('ST312', 'J6', '1', 'R106'),
('ST313', 'J7', '1', 'R106'),
('ST314', 'J8', '1', 'R106'),
('ST315', 'J9', '1', 'R106'),
('ST316', 'J10', '1', 'R106'),
('ST317', 'J11', '1', 'R106'),
('ST318', 'J12', '1', 'R106'),
('ST319', 'K1', '1', 'R106'),
('ST32', 'C8', '1', 'R10'),
('ST320', 'K2', '1', 'R106'),
('ST321', 'K3', '1', 'R106'),
('ST322', 'K4', '1', 'R106'),
('ST323', 'K5', '1', 'R106'),
('ST324', 'K6', '1', 'R106'),
('ST325', 'K7', '1', 'R106'),
('ST326', 'K8', '1', 'R106'),
('ST327', 'K9', '1', 'R106'),
('ST328', 'K10', '1', 'R106'),
('ST329', 'K11', '1', 'R106'),
('ST33', 'C9', '1', 'R10'),
('ST330', 'K12', '1', 'R106'),
('ST331', 'L1', '2', 'R106'),
('ST332', 'L2', '2', 'R106'),
('ST333', 'L3', '2', 'R106'),
('ST334', 'L4', '2', 'R106'),
('ST335', 'L5', '2', 'R106'),
('ST336', 'L6', '2', 'R106'),
('ST337', 'A1', '1', 'R107'),
('ST338', 'A2', '1', 'R107'),
('ST339', 'A3', '1', 'R107'),
('ST34', 'C10', '1', 'R10'),
('ST340', 'A4', '1', 'R107'),
('ST341', 'A5', '1', 'R107'),
('ST342', 'A6', '1', 'R107'),
('ST343', 'A7', '1', 'R107'),
('ST344', 'A8', '1', 'R107'),
('ST345', 'A9', '1', 'R107'),
('ST346', 'A10', '1', 'R107'),
('ST347', 'A11', '1', 'R107'),
('ST348', 'A12', '1', 'R107'),
('ST349', 'A13', '1', 'R107'),
('ST35', 'C11', '1', 'R10'),
('ST350', 'A14', '1', 'R107'),
('ST351', 'A15', '1', 'R107'),
('ST352', 'B1', '1', 'R107'),
('ST353', 'B2', '1', 'R107'),
('ST354', 'B3', '1', 'R107'),
('ST355', 'B4', '1', 'R107'),
('ST356', 'B5', '1', 'R107'),
('ST357', 'B6', '1', 'R107'),
('ST358', 'B7', '1', 'R107'),
('ST359', 'B8', '1', 'R107'),
('ST36', 'C12', '1', 'R10'),
('ST360', 'B9', '1', 'R107'),
('ST361', 'B10', '1', 'R107'),
('ST362', 'B11', '1', 'R107'),
('ST363', 'B12', '1', 'R107'),
('ST364', 'B13', '1', 'R107'),
('ST365', 'B14', '1', 'R107'),
('ST366', 'B15', '1', 'R107'),
('ST367', 'C1', '1', 'R107'),
('ST368', 'C2', '1', 'R107'),
('ST369', 'C3', '1', 'R107'),
('ST37', 'D1', '1', 'R10'),
('ST370', 'C4', '1', 'R107'),
('ST371', 'C5', '1', 'R107'),
('ST372', 'C6', '1', 'R107'),
('ST373', 'C7', '1', 'R107'),
('ST374', 'C8', '1', 'R107'),
('ST375', 'C9', '1', 'R107'),
('ST376', 'C10', '1', 'R107'),
('ST377', 'C11', '1', 'R107'),
('ST378', 'C12', '1', 'R107'),
('ST379', 'C13', '1', 'R107'),
('ST38', 'D2', '1', 'R10'),
('ST380', 'C14', '1', 'R107'),
('ST381', 'C15', '1', 'R107'),
('ST382', 'D1', '1', 'R107'),
('ST383', 'D2', '1', 'R107'),
('ST384', 'D3', '1', 'R107'),
('ST385', 'D4', '1', 'R107'),
('ST386', 'D5', '1', 'R107'),
('ST387', 'D6', '1', 'R107'),
('ST388', 'D7', '1', 'R107'),
('ST389', 'D8', '1', 'R107'),
('ST39', 'D3', '1', 'R10'),
('ST390', 'D9', '1', 'R107'),
('ST391', 'D10', '1', 'R107'),
('ST392', 'D11', '1', 'R107'),
('ST393', 'D12', '1', 'R107'),
('ST394', 'D13', '1', 'R107'),
('ST395', 'D14', '1', 'R107'),
('ST396', 'D15', '1', 'R107'),
('ST397', 'E1', '1', 'R107'),
('ST398', 'E2', '1', 'R107'),
('ST399', 'E3', '1', 'R107'),
('ST4', 'A4', '1', 'R10'),
('ST40', 'D4', '1', 'R10'),
('ST400', 'E4', '1', 'R107'),
('ST401', 'E5', '1', 'R107'),
('ST402', 'E6', '1', 'R107'),
('ST403', 'E7', '1', 'R107'),
('ST404', 'E8', '1', 'R107'),
('ST405', 'E9', '1', 'R107'),
('ST406', 'E10', '1', 'R107'),
('ST407', 'E11', '1', 'R107'),
('ST408', 'E12', '1', 'R107'),
('ST409', 'E13', '1', 'R107'),
('ST41', 'D5', '1', 'R10'),
('ST410', 'E14', '1', 'R107'),
('ST411', 'E15', '1', 'R107'),
('ST412', 'F1', '1', 'R107'),
('ST413', 'F2', '1', 'R107'),
('ST414', 'F3', '1', 'R107'),
('ST415', 'F4', '1', 'R107'),
('ST416', 'F5', '1', 'R107'),
('ST417', 'F6', '1', 'R107'),
('ST418', 'F7', '1', 'R107'),
('ST419', 'F8', '1', 'R107'),
('ST42', 'D6', '1', 'R10'),
('ST420', 'F9', '1', 'R107'),
('ST421', 'F10', '1', 'R107'),
('ST422', 'F11', '1', 'R107'),
('ST423', 'F12', '1', 'R107'),
('ST424', 'F13', '1', 'R107'),
('ST425', 'F14', '1', 'R107'),
('ST426', 'F15', '1', 'R107'),
('ST427', 'G1', '1', 'R107'),
('ST428', 'G2', '1', 'R107'),
('ST429', 'G3', '1', 'R107'),
('ST43', 'D7', '1', 'R10'),
('ST430', 'G4', '1', 'R107'),
('ST431', 'G5', '1', 'R107'),
('ST432', 'G6', '1', 'R107'),
('ST433', 'G7', '1', 'R107'),
('ST434', 'G8', '1', 'R107'),
('ST435', 'G9', '1', 'R107'),
('ST436', 'G10', '1', 'R107'),
('ST437', 'G11', '1', 'R107'),
('ST438', 'G12', '1', 'R107'),
('ST439', 'G13', '1', 'R107'),
('ST44', 'D8', '1', 'R10'),
('ST440', 'G14', '1', 'R107'),
('ST441', 'G15', '1', 'R107'),
('ST442', 'H1', '1', 'R107'),
('ST443', 'H2', '1', 'R107'),
('ST444', 'H3', '1', 'R107'),
('ST445', 'H4', '1', 'R107'),
('ST446', 'H5', '1', 'R107'),
('ST447', 'H6', '1', 'R107'),
('ST448', 'H7', '1', 'R107'),
('ST449', 'H8', '1', 'R107'),
('ST45', 'D9', '1', 'R10'),
('ST450', 'H9', '1', 'R107'),
('ST451', 'H10', '1', 'R107'),
('ST452', 'H11', '1', 'R107'),
('ST453', 'H12', '1', 'R107'),
('ST454', 'H13', '1', 'R107'),
('ST455', 'H14', '1', 'R107'),
('ST456', 'H15', '1', 'R107'),
('ST457', 'I1', '1', 'R107'),
('ST458', 'I2', '1', 'R107'),
('ST459', 'I3', '1', 'R107'),
('ST46', 'D10', '1', 'R10'),
('ST460', 'I4', '1', 'R107'),
('ST461', 'I5', '1', 'R107'),
('ST462', 'I6', '1', 'R107'),
('ST463', 'I7', '1', 'R107'),
('ST464', 'I8', '1', 'R107'),
('ST465', 'I9', '1', 'R107'),
('ST466', 'I10', '1', 'R107'),
('ST467', 'I11', '1', 'R107'),
('ST468', 'I12', '1', 'R107'),
('ST469', 'I13', '1', 'R107'),
('ST47', 'D11', '1', 'R10'),
('ST470', 'I14', '1', 'R107'),
('ST471', 'I15', '1', 'R107'),
('ST472', 'J1', '1', 'R107'),
('ST473', 'J2', '1', 'R107'),
('ST474', 'J3', '1', 'R107'),
('ST475', 'J4', '1', 'R107'),
('ST476', 'J5', '1', 'R107'),
('ST477', 'J6', '1', 'R107'),
('ST478', 'J7', '1', 'R107'),
('ST479', 'J8', '1', 'R107'),
('ST48', 'D12', '1', 'R10'),
('ST480', 'J9', '1', 'R107'),
('ST481', 'J10', '1', 'R107'),
('ST482', 'J11', '1', 'R107'),
('ST483', 'J12', '1', 'R107'),
('ST484', 'J13', '1', 'R107'),
('ST485', 'J14', '1', 'R107'),
('ST486', 'J15', '1', 'R107'),
('ST487', 'K1', '1', 'R107'),
('ST488', 'K2', '1', 'R107'),
('ST489', 'K3', '1', 'R107'),
('ST49', 'E1', '1', 'R10'),
('ST490', 'K4', '1', 'R107'),
('ST491', 'K5', '1', 'R107'),
('ST492', 'K6', '1', 'R107'),
('ST493', 'K7', '1', 'R107'),
('ST494', 'K8', '1', 'R107'),
('ST495', 'K9', '1', 'R107'),
('ST496', 'K10', '1', 'R107'),
('ST497', 'K11', '1', 'R107'),
('ST498', 'K12', '1', 'R107'),
('ST499', 'K13', '1', 'R107'),
('ST5', 'A5', '1', 'R10'),
('ST50', 'E2', '1', 'R10'),
('ST500', 'K14', '1', 'R107'),
('ST501', 'K15', '1', 'R107'),
('ST502', 'L1', '1', 'R107'),
('ST503', 'L2', '1', 'R107'),
('ST504', 'L3', '1', 'R107'),
('ST505', 'L4', '1', 'R107'),
('ST506', 'L5', '1', 'R107'),
('ST507', 'L6', '1', 'R107'),
('ST508', 'L7', '1', 'R107'),
('ST509', 'L8', '1', 'R107'),
('ST51', 'E3', '1', 'R10'),
('ST510', 'L9', '1', 'R107'),
('ST511', 'L10', '1', 'R107'),
('ST512', 'L11', '1', 'R107'),
('ST513', 'L12', '1', 'R107'),
('ST514', 'L13', '1', 'R107'),
('ST515', 'L14', '1', 'R107'),
('ST516', 'L15', '1', 'R107'),
('ST517', 'M1', '1', 'R107'),
('ST518', 'M2', '1', 'R107'),
('ST519', 'M3', '1', 'R107'),
('ST52', 'E4', '1', 'R10'),
('ST520', 'M4', '1', 'R107'),
('ST521', 'M5', '1', 'R107'),
('ST522', 'M6', '1', 'R107'),
('ST523', 'M7', '1', 'R107'),
('ST524', 'M8', '1', 'R107'),
('ST525', 'M9', '1', 'R107'),
('ST526', 'M10', '1', 'R107'),
('ST527', 'M11', '1', 'R107'),
('ST528', 'M12', '1', 'R107'),
('ST529', 'M13', '1', 'R107'),
('ST53', 'E5', '1', 'R10'),
('ST530', 'M14', '1', 'R107'),
('ST531', 'M15', '1', 'R107'),
('ST532', 'N1', '1', 'R107'),
('ST533', 'N2', '1', 'R107'),
('ST534', 'N3', '1', 'R107'),
('ST535', 'N4', '1', 'R107'),
('ST536', 'N5', '1', 'R107'),
('ST537', 'N6', '1', 'R107'),
('ST538', 'N7', '1', 'R107'),
('ST539', 'N8', '1', 'R107'),
('ST54', 'E6', '1', 'R10'),
('ST540', 'N9', '1', 'R107'),
('ST541', 'N10', '1', 'R107'),
('ST542', 'N11', '1', 'R107'),
('ST543', 'N12', '1', 'R107'),
('ST544', 'N13', '1', 'R107'),
('ST545', 'N14', '1', 'R107'),
('ST546', 'N15', '1', 'R107'),
('ST547', 'O1', '2', 'R107'),
('ST548', 'O2', '2', 'R107'),
('ST549', 'O3', '2', 'R107'),
('ST55', 'E7', '1', 'R10'),
('ST550', 'O4', '2', 'R107'),
('ST551', 'O5', '2', 'R107'),
('ST552', 'O6', '2', 'R107'),
('ST553', 'O7', '2', 'R107'),
('ST554', 'A1', '1', 'R108'),
('ST555', 'A2', '1', 'R108'),
('ST556', 'A3', '1', 'R108'),
('ST557', 'A4', '1', 'R108'),
('ST558', 'A5', '1', 'R108'),
('ST559', 'A6', '1', 'R108'),
('ST56', 'E8', '1', 'R10'),
('ST560', 'A7', '1', 'R108'),
('ST561', 'A8', '1', 'R108'),
('ST562', 'A9', '1', 'R108'),
('ST563', 'A10', '1', 'R108'),
('ST564', 'A11', '1', 'R108'),
('ST565', 'A12', '1', 'R108'),
('ST566', 'A13', '1', 'R108'),
('ST567', 'A14', '1', 'R108'),
('ST568', 'A15', '1', 'R108'),
('ST569', 'A16', '1', 'R108'),
('ST57', 'E9', '1', 'R10'),
('ST570', 'A17', '1', 'R108'),
('ST571', 'A18', '1', 'R108'),
('ST572', 'A19', '1', 'R108'),
('ST573', 'A20', '1', 'R108'),
('ST574', 'B1', '1', 'R108'),
('ST575', 'B2', '1', 'R108'),
('ST576', 'B3', '1', 'R108'),
('ST577', 'B4', '1', 'R108'),
('ST578', 'B5', '1', 'R108'),
('ST579', 'B6', '1', 'R108'),
('ST58', 'E10', '1', 'R10'),
('ST580', 'B7', '1', 'R108'),
('ST581', 'B8', '1', 'R108'),
('ST582', 'B9', '1', 'R108'),
('ST583', 'B10', '1', 'R108'),
('ST584', 'B11', '1', 'R108'),
('ST585', 'B12', '1', 'R108'),
('ST586', 'B13', '1', 'R108'),
('ST587', 'B14', '1', 'R108'),
('ST588', 'B15', '1', 'R108'),
('ST589', 'B16', '1', 'R108'),
('ST59', 'E11', '1', 'R10'),
('ST590', 'B17', '1', 'R108'),
('ST591', 'B18', '1', 'R108'),
('ST592', 'B19', '1', 'R108'),
('ST593', 'B20', '1', 'R108'),
('ST594', 'C1', '1', 'R108'),
('ST595', 'C2', '1', 'R108'),
('ST596', 'C3', '1', 'R108'),
('ST597', 'C4', '1', 'R108'),
('ST598', 'C5', '1', 'R108'),
('ST599', 'C6', '1', 'R108'),
('ST6', 'A6', '1', 'R10'),
('ST60', 'E12', '1', 'R10'),
('ST600', 'C7', '1', 'R108'),
('ST601', 'C8', '1', 'R108'),
('ST602', 'C9', '1', 'R108'),
('ST603', 'C10', '1', 'R108'),
('ST604', 'C11', '1', 'R108'),
('ST605', 'C12', '1', 'R108'),
('ST606', 'C13', '1', 'R108'),
('ST607', 'C14', '1', 'R108'),
('ST608', 'C15', '1', 'R108'),
('ST609', 'C16', '1', 'R108'),
('ST61', 'F1', '1', 'R10'),
('ST610', 'C17', '1', 'R108'),
('ST611', 'C18', '1', 'R108'),
('ST612', 'C19', '1', 'R108'),
('ST613', 'C20', '1', 'R108'),
('ST614', 'D1', '1', 'R108'),
('ST615', 'D2', '1', 'R108'),
('ST616', 'D3', '1', 'R108'),
('ST617', 'D4', '1', 'R108'),
('ST618', 'D5', '1', 'R108'),
('ST619', 'D6', '1', 'R108'),
('ST62', 'F2', '1', 'R10'),
('ST620', 'D7', '1', 'R108'),
('ST621', 'D8', '1', 'R108'),
('ST622', 'D9', '1', 'R108'),
('ST623', 'D10', '1', 'R108'),
('ST624', 'D11', '1', 'R108'),
('ST625', 'D12', '1', 'R108'),
('ST626', 'D13', '1', 'R108'),
('ST627', 'D14', '1', 'R108'),
('ST628', 'D15', '1', 'R108'),
('ST629', 'D16', '1', 'R108'),
('ST63', 'F3', '1', 'R10'),
('ST630', 'D17', '1', 'R108'),
('ST631', 'D18', '1', 'R108'),
('ST632', 'D19', '1', 'R108'),
('ST633', 'D20', '1', 'R108'),
('ST634', 'E1', '1', 'R108'),
('ST635', 'E2', '1', 'R108'),
('ST636', 'E3', '1', 'R108'),
('ST637', 'E4', '1', 'R108'),
('ST638', 'E5', '1', 'R108'),
('ST639', 'E6', '1', 'R108'),
('ST64', 'F4', '1', 'R10'),
('ST640', 'E7', '1', 'R108'),
('ST641', 'E8', '1', 'R108'),
('ST642', 'E9', '1', 'R108'),
('ST643', 'E10', '1', 'R108'),
('ST644', 'E11', '1', 'R108'),
('ST645', 'E12', '1', 'R108'),
('ST646', 'E13', '1', 'R108'),
('ST647', 'E14', '1', 'R108'),
('ST648', 'E15', '1', 'R108'),
('ST649', 'E16', '1', 'R108'),
('ST65', 'F5', '1', 'R10'),
('ST650', 'E17', '1', 'R108'),
('ST651', 'E18', '1', 'R108'),
('ST652', 'E19', '1', 'R108'),
('ST653', 'E20', '1', 'R108'),
('ST654', 'F1', '1', 'R108'),
('ST655', 'F2', '1', 'R108'),
('ST656', 'F3', '1', 'R108'),
('ST657', 'F4', '1', 'R108'),
('ST658', 'F5', '1', 'R108'),
('ST659', 'F6', '1', 'R108'),
('ST66', 'F6', '1', 'R10'),
('ST660', 'F7', '1', 'R108'),
('ST661', 'F8', '1', 'R108'),
('ST662', 'F9', '1', 'R108'),
('ST663', 'F10', '1', 'R108'),
('ST664', 'F11', '1', 'R108'),
('ST665', 'F12', '1', 'R108'),
('ST666', 'F13', '1', 'R108'),
('ST667', 'F14', '1', 'R108'),
('ST668', 'F15', '1', 'R108'),
('ST669', 'F16', '1', 'R108'),
('ST67', 'F7', '1', 'R10'),
('ST670', 'F17', '1', 'R108'),
('ST671', 'F18', '1', 'R108'),
('ST672', 'F19', '1', 'R108'),
('ST673', 'F20', '1', 'R108'),
('ST674', 'G1', '1', 'R108'),
('ST675', 'G2', '1', 'R108'),
('ST676', 'G3', '1', 'R108'),
('ST677', 'G4', '1', 'R108'),
('ST678', 'G5', '1', 'R108'),
('ST679', 'G6', '1', 'R108'),
('ST68', 'F8', '1', 'R10'),
('ST680', 'G7', '1', 'R108'),
('ST681', 'G8', '1', 'R108'),
('ST682', 'G9', '1', 'R108'),
('ST683', 'G10', '1', 'R108'),
('ST684', 'G11', '1', 'R108'),
('ST685', 'G12', '1', 'R108'),
('ST686', 'G13', '1', 'R108'),
('ST687', 'G14', '1', 'R108'),
('ST688', 'G15', '1', 'R108'),
('ST689', 'G16', '1', 'R108'),
('ST69', 'F9', '1', 'R10'),
('ST690', 'G17', '1', 'R108'),
('ST691', 'G18', '1', 'R108'),
('ST692', 'G19', '1', 'R108'),
('ST693', 'G20', '1', 'R108'),
('ST694', 'H1', '1', 'R108'),
('ST695', 'H2', '1', 'R108'),
('ST696', 'H3', '1', 'R108'),
('ST697', 'H4', '1', 'R108'),
('ST698', 'H5', '1', 'R108'),
('ST699', 'H6', '1', 'R108'),
('ST7', 'A7', '1', 'R10'),
('ST70', 'F10', '1', 'R10'),
('ST700', 'H7', '1', 'R108'),
('ST701', 'H8', '1', 'R108'),
('ST702', 'H9', '1', 'R108'),
('ST703', 'H10', '1', 'R108'),
('ST704', 'H11', '1', 'R108'),
('ST705', 'H12', '1', 'R108'),
('ST706', 'H13', '1', 'R108'),
('ST707', 'H14', '1', 'R108'),
('ST708', 'H15', '1', 'R108'),
('ST709', 'H16', '1', 'R108'),
('ST71', 'F11', '1', 'R10'),
('ST710', 'H17', '1', 'R108'),
('ST711', 'H18', '1', 'R108'),
('ST712', 'H19', '1', 'R108'),
('ST713', 'H20', '1', 'R108'),
('ST714', 'I1', '1', 'R108'),
('ST715', 'I2', '1', 'R108'),
('ST716', 'I3', '1', 'R108'),
('ST717', 'I4', '1', 'R108'),
('ST718', 'I5', '1', 'R108'),
('ST719', 'I6', '1', 'R108'),
('ST72', 'F12', '1', 'R10'),
('ST720', 'I7', '1', 'R108'),
('ST721', 'I8', '1', 'R108'),
('ST722', 'I9', '1', 'R108'),
('ST723', 'I10', '1', 'R108'),
('ST724', 'I11', '1', 'R108'),
('ST725', 'I12', '1', 'R108'),
('ST726', 'I13', '1', 'R108'),
('ST727', 'I14', '1', 'R108'),
('ST728', 'I15', '1', 'R108'),
('ST729', 'I16', '1', 'R108'),
('ST73', 'G1', '1', 'R10'),
('ST730', 'I17', '1', 'R108'),
('ST731', 'I18', '1', 'R108'),
('ST732', 'I19', '1', 'R108'),
('ST733', 'I20', '1', 'R108'),
('ST734', 'J1', '1', 'R108'),
('ST735', 'J2', '1', 'R108'),
('ST736', 'J3', '1', 'R108'),
('ST737', 'J4', '1', 'R108'),
('ST738', 'J5', '1', 'R108'),
('ST739', 'J6', '1', 'R108'),
('ST74', 'G2', '1', 'R10'),
('ST740', 'J7', '1', 'R108'),
('ST741', 'J8', '1', 'R108'),
('ST742', 'J9', '1', 'R108'),
('ST743', 'J10', '1', 'R108'),
('ST744', 'J11', '1', 'R108'),
('ST745', 'J12', '1', 'R108'),
('ST746', 'J13', '1', 'R108'),
('ST747', 'J14', '1', 'R108'),
('ST748', 'J15', '1', 'R108'),
('ST749', 'J16', '1', 'R108'),
('ST75', 'G3', '1', 'R10'),
('ST750', 'J17', '1', 'R108'),
('ST751', 'J18', '1', 'R108'),
('ST752', 'J19', '1', 'R108'),
('ST753', 'J20', '1', 'R108'),
('ST754', 'K1', '1', 'R108'),
('ST755', 'K2', '1', 'R108'),
('ST756', 'K3', '1', 'R108'),
('ST757', 'K4', '1', 'R108'),
('ST758', 'K5', '1', 'R108'),
('ST759', 'K6', '1', 'R108'),
('ST76', 'G4', '1', 'R10'),
('ST760', 'K7', '1', 'R108'),
('ST761', 'K8', '1', 'R108'),
('ST762', 'K9', '1', 'R108'),
('ST763', 'K10', '1', 'R108'),
('ST764', 'K11', '1', 'R108'),
('ST765', 'K12', '1', 'R108'),
('ST766', 'K13', '1', 'R108'),
('ST767', 'K14', '1', 'R108'),
('ST768', 'K15', '1', 'R108'),
('ST769', 'K16', '1', 'R108'),
('ST77', 'G5', '1', 'R10'),
('ST770', 'K17', '1', 'R108'),
('ST771', 'K18', '1', 'R108'),
('ST772', 'K19', '1', 'R108'),
('ST773', 'K20', '1', 'R108'),
('ST774', 'L1', '1', 'R108'),
('ST775', 'L2', '1', 'R108'),
('ST776', 'L3', '1', 'R108'),
('ST777', 'L4', '1', 'R108'),
('ST778', 'L5', '1', 'R108'),
('ST779', 'L6', '1', 'R108'),
('ST78', 'G6', '1', 'R10'),
('ST780', 'L7', '1', 'R108'),
('ST781', 'L8', '1', 'R108'),
('ST782', 'L9', '1', 'R108'),
('ST783', 'L10', '1', 'R108'),
('ST784', 'L11', '1', 'R108'),
('ST785', 'L12', '1', 'R108'),
('ST786', 'L13', '1', 'R108'),
('ST787', 'L14', '1', 'R108'),
('ST788', 'L15', '1', 'R108'),
('ST789', 'L16', '1', 'R108'),
('ST79', 'G7', '1', 'R10'),
('ST790', 'L17', '1', 'R108'),
('ST791', 'L18', '1', 'R108'),
('ST792', 'L19', '1', 'R108'),
('ST793', 'L20', '1', 'R108'),
('ST794', 'M1', '1', 'R108'),
('ST795', 'M2', '1', 'R108'),
('ST796', 'M3', '1', 'R108'),
('ST797', 'M4', '1', 'R108'),
('ST798', 'M5', '1', 'R108'),
('ST799', 'M6', '1', 'R108'),
('ST8', 'A8', '1', 'R10'),
('ST80', 'G8', '1', 'R10'),
('ST800', 'M7', '1', 'R108'),
('ST801', 'M8', '1', 'R108'),
('ST802', 'M9', '1', 'R108'),
('ST803', 'M10', '1', 'R108'),
('ST804', 'M11', '1', 'R108'),
('ST805', 'M12', '1', 'R108'),
('ST806', 'M13', '1', 'R108'),
('ST807', 'M14', '1', 'R108'),
('ST808', 'M15', '1', 'R108'),
('ST809', 'M16', '1', 'R108'),
('ST81', 'G9', '1', 'R10'),
('ST810', 'M17', '1', 'R108'),
('ST811', 'M18', '1', 'R108'),
('ST812', 'M19', '1', 'R108'),
('ST813', 'M20', '1', 'R108'),
('ST814', 'N1', '1', 'R108'),
('ST815', 'N2', '1', 'R108'),
('ST816', 'N3', '1', 'R108'),
('ST817', 'N4', '1', 'R108'),
('ST818', 'N5', '1', 'R108'),
('ST819', 'N6', '1', 'R108'),
('ST82', 'G10', '1', 'R10'),
('ST820', 'N7', '1', 'R108'),
('ST821', 'N8', '1', 'R108'),
('ST822', 'N9', '1', 'R108'),
('ST823', 'N10', '1', 'R108'),
('ST824', 'N11', '1', 'R108'),
('ST825', 'N12', '1', 'R108'),
('ST826', 'N13', '1', 'R108'),
('ST827', 'N14', '1', 'R108'),
('ST828', 'N15', '1', 'R108'),
('ST829', 'N16', '1', 'R108'),
('ST83', 'G11', '1', 'R10'),
('ST830', 'N17', '1', 'R108'),
('ST831', 'N18', '1', 'R108'),
('ST832', 'N19', '1', 'R108'),
('ST833', 'N20', '1', 'R108'),
('ST834', 'O1', '1', 'R108'),
('ST835', 'O2', '1', 'R108'),
('ST836', 'O3', '1', 'R108'),
('ST837', 'O4', '1', 'R108'),
('ST838', 'O5', '1', 'R108'),
('ST839', 'O6', '1', 'R108'),
('ST84', 'G12', '1', 'R10'),
('ST840', 'O7', '1', 'R108'),
('ST841', 'O8', '1', 'R108'),
('ST842', 'O9', '1', 'R108'),
('ST843', 'O10', '1', 'R108'),
('ST844', 'O11', '1', 'R108'),
('ST845', 'O12', '1', 'R108'),
('ST846', 'O13', '1', 'R108'),
('ST847', 'O14', '1', 'R108'),
('ST848', 'O15', '1', 'R108'),
('ST849', 'O16', '1', 'R108'),
('ST85', 'H1', '1', 'R10'),
('ST850', 'O17', '1', 'R108'),
('ST851', 'O18', '1', 'R108'),
('ST852', 'O19', '1', 'R108'),
('ST853', 'O20', '1', 'R108'),
('ST854', 'P1', '1', 'R108'),
('ST855', 'P2', '1', 'R108'),
('ST856', 'P3', '1', 'R108'),
('ST857', 'P4', '1', 'R108'),
('ST858', 'P5', '1', 'R108'),
('ST859', 'P6', '1', 'R108'),
('ST86', 'H2', '1', 'R10'),
('ST860', 'P7', '1', 'R108'),
('ST861', 'P8', '1', 'R108'),
('ST862', 'P9', '1', 'R108'),
('ST863', 'P10', '1', 'R108'),
('ST864', 'P11', '1', 'R108'),
('ST865', 'P12', '1', 'R108'),
('ST866', 'P13', '1', 'R108'),
('ST867', 'P14', '1', 'R108'),
('ST868', 'P15', '1', 'R108'),
('ST869', 'P16', '1', 'R108'),
('ST87', 'H3', '1', 'R10'),
('ST870', 'P17', '1', 'R108'),
('ST871', 'P18', '1', 'R108'),
('ST872', 'P19', '1', 'R108'),
('ST873', 'P20', '1', 'R108'),
('ST874', 'Q1', '1', 'R108'),
('ST875', 'Q2', '1', 'R108'),
('ST876', 'Q3', '1', 'R108'),
('ST877', 'Q4', '1', 'R108'),
('ST878', 'Q5', '1', 'R108'),
('ST879', 'Q6', '1', 'R108'),
('ST88', 'H4', '1', 'R10'),
('ST880', 'Q7', '1', 'R108'),
('ST881', 'Q8', '1', 'R108'),
('ST882', 'Q9', '1', 'R108'),
('ST883', 'Q10', '1', 'R108'),
('ST884', 'Q11', '1', 'R108'),
('ST885', 'Q12', '1', 'R108'),
('ST886', 'Q13', '1', 'R108'),
('ST887', 'Q14', '1', 'R108'),
('ST888', 'Q15', '1', 'R108'),
('ST889', 'Q16', '1', 'R108'),
('ST89', 'H5', '1', 'R10'),
('ST890', 'Q17', '1', 'R108'),
('ST891', 'Q18', '1', 'R108'),
('ST892', 'Q19', '1', 'R108'),
('ST893', 'Q20', '1', 'R108'),
('ST894', 'R1', '1', 'R108'),
('ST895', 'R2', '1', 'R108'),
('ST896', 'R3', '1', 'R108'),
('ST897', 'R4', '1', 'R108'),
('ST898', 'R5', '1', 'R108'),
('ST899', 'R6', '1', 'R108'),
('ST9', 'A9', '1', 'R10'),
('ST90', 'H6', '1', 'R10'),
('ST900', 'R7', '1', 'R108'),
('ST901', 'R8', '1', 'R108'),
('ST902', 'R9', '1', 'R108'),
('ST903', 'R10', '1', 'R108'),
('ST904', 'R11', '1', 'R108'),
('ST905', 'R12', '1', 'R108'),
('ST906', 'R13', '1', 'R108'),
('ST907', 'R14', '1', 'R108'),
('ST908', 'R15', '1', 'R108'),
('ST909', 'R16', '1', 'R108'),
('ST91', 'H7', '1', 'R10'),
('ST910', 'R17', '1', 'R108'),
('ST911', 'R18', '1', 'R108'),
('ST912', 'R19', '1', 'R108'),
('ST913', 'R20', '1', 'R108'),
('ST914', 'S1', '1', 'R108'),
('ST915', 'S2', '1', 'R108'),
('ST916', 'S3', '1', 'R108'),
('ST917', 'S4', '1', 'R108'),
('ST918', 'S5', '1', 'R108'),
('ST919', 'S6', '1', 'R108'),
('ST92', 'H8', '1', 'R10'),
('ST920', 'S7', '1', 'R108'),
('ST921', 'S8', '1', 'R108'),
('ST922', 'S9', '1', 'R108'),
('ST923', 'S10', '1', 'R108'),
('ST924', 'S11', '1', 'R108'),
('ST925', 'S12', '1', 'R108'),
('ST926', 'S13', '1', 'R108'),
('ST927', 'S14', '1', 'R108'),
('ST928', 'S15', '1', 'R108'),
('ST929', 'S16', '1', 'R108'),
('ST93', 'H9', '1', 'R10'),
('ST930', 'S17', '1', 'R108'),
('ST931', 'S18', '1', 'R108'),
('ST932', 'S19', '1', 'R108'),
('ST933', 'S20', '1', 'R108'),
('ST934', 'T1', '2', 'R108'),
('ST935', 'T2', '2', 'R108'),
('ST936', 'T3', '2', 'R108'),
('ST937', 'T4', '2', 'R108'),
('ST938', 'T5', '2', 'R108'),
('ST939', 'T6', '2', 'R108'),
('ST94', 'H10', '1', 'R10'),
('ST940', 'T7', '2', 'R108'),
('ST941', 'T8', '2', 'R108'),
('ST942', 'T9', '2', 'R108'),
('ST943', 'T10', '2', 'R108'),
('ST944', 'A1', '1', 'R109'),
('ST945', 'A2', '1', 'R109'),
('ST946', 'A3', '1', 'R109'),
('ST947', 'A4', '1', 'R109'),
('ST948', 'A5', '1', 'R109'),
('ST949', 'A6', '1', 'R109'),
('ST95', 'H11', '1', 'R10'),
('ST950', 'A7', '1', 'R109'),
('ST951', 'A8', '1', 'R109'),
('ST952', 'B1', '1', 'R109'),
('ST953', 'B2', '1', 'R109'),
('ST954', 'B3', '1', 'R109'),
('ST955', 'B4', '1', 'R109'),
('ST956', 'B5', '1', 'R109'),
('ST957', 'B6', '1', 'R109'),
('ST958', 'B7', '1', 'R109'),
('ST959', 'B8', '1', 'R109'),
('ST96', 'H12', '1', 'R10'),
('ST960', 'C1', '1', 'R109'),
('ST961', 'C2', '1', 'R109'),
('ST962', 'C3', '1', 'R109'),
('ST963', 'C4', '1', 'R109'),
('ST964', 'C5', '1', 'R109'),
('ST965', 'C6', '1', 'R109'),
('ST966', 'C7', '1', 'R109'),
('ST967', 'C8', '1', 'R109'),
('ST968', 'D1', '1', 'R109'),
('ST969', 'D2', '1', 'R109'),
('ST97', 'I1', '1', 'R10'),
('ST970', 'D3', '1', 'R109'),
('ST971', 'D4', '1', 'R109'),
('ST972', 'D5', '1', 'R109'),
('ST973', 'D6', '1', 'R109'),
('ST974', 'D7', '1', 'R109'),
('ST975', 'D8', '1', 'R109'),
('ST976', 'E1', '1', 'R109'),
('ST977', 'E2', '1', 'R109'),
('ST978', 'E3', '1', 'R109'),
('ST979', 'E4', '1', 'R109'),
('ST98', 'I2', '1', 'R10'),
('ST980', 'E5', '1', 'R109'),
('ST981', 'E6', '1', 'R109'),
('ST982', 'E7', '1', 'R109'),
('ST983', 'E8', '1', 'R109'),
('ST984', 'F1', '1', 'R109'),
('ST985', 'F2', '1', 'R109'),
('ST986', 'F3', '1', 'R109'),
('ST987', 'F4', '1', 'R109'),
('ST988', 'F5', '1', 'R109'),
('ST989', 'F6', '1', 'R109'),
('ST99', 'I3', '1', 'R10'),
('ST990', 'F7', '1', 'R109'),
('ST991', 'F8', '1', 'R109'),
('ST992', 'G1', '1', 'R109'),
('ST993', 'G2', '1', 'R109'),
('ST994', 'G3', '1', 'R109'),
('ST995', 'G4', '1', 'R109'),
('ST996', 'G5', '1', 'R109'),
('ST997', 'G6', '1', 'R109'),
('ST998', 'G7', '1', 'R109'),
('ST999', 'G8', '1', 'R109');

-- --------------------------------------------------------

--
-- Cấu trúc bảng cho bảng `showtime`
--

CREATE TABLE `showtime` (
  `ShowtimeID` char(11) NOT NULL,
  `StartTime` datetime NOT NULL,
  `EndTime` datetime NOT NULL,
  `Price` float NOT NULL,
  `MovieID` char(11) NOT NULL,
  `RoomID` char(11) NOT NULL,
  `FormatID` char(11) NOT NULL
) ENGINE=InnoDB DEFAULT CHARSET=utf8mb4 COLLATE=utf8mb4_general_ci;

--
-- Đang đổ dữ liệu cho bảng `showtime`
--

INSERT INTO `showtime` (`ShowtimeID`, `StartTime`, `EndTime`, `Price`, `MovieID`, `RoomID`, `FormatID`) VALUES
('SH10', '2022-12-15 09:08:00', '2023-02-14 10:47:00', 90000, 'M10', 'R10', 'F001'),
('SH105', '2022-10-25 20:17:00', '2022-10-25 22:17:00', 110000, 'M3', 'R105', 'F001'),
('SH106', '2023-02-20 17:34:00', '2023-02-20 19:34:00', 90000, 'M4', 'R106', 'F001'),
('SH107', '2022-12-28 23:46:00', '2022-12-29 01:46:00', 80000, 'M5', 'R107', 'F001'),
('SH108', '2022-11-29 11:13:00', '2022-11-29 13:13:00', 100000, 'M6', 'R108', 'F001'),
('SH109', '2023-01-08 09:33:00', '2023-01-08 11:33:00', 110000, 'M7', 'R109', 'F001'),
('SH11', '2022-10-14 22:06:00', '2022-10-15 00:06:00', 80000, 'M11', 'R11', 'F001'),
('SH110', '2022-11-26 08:11:00', '2022-11-26 10:11:00', 90000, 'M8', 'R110', 'F001'),
('SH111', '2023-03-15 18:10:00', '2023-03-15 20:10:00', 80000, 'M9', 'R111', 'F001'),
('SH112', '2022-11-22 21:06:00', '2022-11-22 23:06:00', 100000, 'M10', 'R112', 'F001'),
('SH113', '2023-02-11 12:57:00', '2023-02-11 14:57:00', 110000, 'M11', 'R113', 'F001'),
('SH114', '2022-10-09 10:43:00', '2022-10-09 12:43:00', 90000, 'M12', 'R114', 'F001'),
('SH115', '2022-10-26 10:49:00', '2022-10-26 12:49:00', 80000, 'M13', 'R115', 'F001'),
('SH116', '2023-02-28 09:33:00', '2023-02-28 11:33:00', 100000, 'M14', 'R116', 'F001'),
('SH117', '2022-12-03 22:57:00', '2022-12-04 00:57:00', 110000, 'M15', 'R117', 'F001'),
('SH118', '2022-11-16 19:59:00', '2022-11-16 21:59:00', 90000, 'M16', 'R118', 'F001'),
('SH119', '2022-10-04 14:05:00', '2022-10-04 16:05:00', 80000, 'M17', 'R119', 'F001'),
('SH12', '2023-01-01 13:13:00', '2023-01-01 15:13:00', 100000, 'M12', 'R12', 'F001'),
('SH120', '2023-03-04 22:23:00', '2023-03-05 00:23:00', 100000, 'M18', 'R120', 'F001'),
('SH13', '2022-12-27 16:28:00', '2022-12-27 18:28:00', 110000, 'M13', 'R13', 'F001'),
('SH130', '2023-02-22 15:42:00', '2023-02-22 17:42:00', 90000, 'M28', 'R10', 'F002'),
('SH131', '2023-01-02 20:32:00', '2023-01-02 22:32:00', 80000, 'M29', 'R11', 'F002'),
('SH132', '2022-10-03 23:10:00', '2022-10-04 01:10:00', 100000, 'M30', 'R12', 'F002'),
('SH133', '2023-01-06 15:10:00', '2023-01-06 17:10:00', 110000, 'M31', 'R13', 'F002'),
('SH134', '2023-02-24 14:24:00', '2023-02-24 16:24:00', 90000, 'M32', 'R14', 'F002'),
('SH135', '2023-02-20 20:06:00', '2023-02-20 22:06:00', 80000, 'M33', 'R15', 'F001'),
('SH136', '2022-11-18 12:55:00', '2022-11-18 14:55:00', 100000, 'M34', 'R16', 'F002'),
('SH137', '2023-01-04 09:35:00', '2023-01-04 11:35:00', 110000, 'M1', 'R17', 'F002'),
('SH138', '2023-01-25 12:57:00', '2023-01-25 14:57:00', 90000, 'M2', 'R18', 'F001'),
('SH139', '2023-02-09 20:13:00', '2023-02-09 22:13:00', 80000, 'M3', 'R19', 'F002'),
('SH14', '2022-11-29 14:37:00', '2022-11-29 16:37:00', 90000, 'M14', 'R14', 'F001'),
('SH140', '2023-01-07 12:34:00', '2023-01-07 14:34:00', 100000, 'M4', 'R20', 'F001'),
('SH141', '2022-12-17 19:07:00', '2022-12-17 21:07:00', 110000, 'M5', 'R21', 'F001'),
('SH142', '2022-11-27 14:46:00', '2022-11-27 16:46:00', 90000, 'M6', 'R22', 'F002'),
('SH143', '2022-12-10 13:02:00', '2022-12-10 15:02:00', 80000, 'M7', 'R23', 'F002'),
('SH144', '2022-10-21 15:27:00', '2022-10-21 17:27:00', 100000, 'M8', 'R24', 'F001'),
('SH145', '2022-12-11 21:49:00', '2022-12-11 23:49:00', 110000, 'M9', 'R25', 'F002'),
('SH146', '2023-02-07 23:26:00', '2023-02-08 01:26:00', 90000, 'M10', 'R26', 'F002'),
('SH147', '2022-12-25 12:31:00', '2022-12-25 14:31:00', 80000, 'M11', 'R27', 'F001'),
('SH148', '2023-01-28 14:59:00', '2023-01-28 16:59:00', 100000, 'M12', 'R28', 'F002'),
('SH149', '2022-12-21 16:17:00', '2022-12-21 18:17:00', 110000, 'M13', 'R29', 'F001'),
('SH15', '2022-10-10 19:23:00', '2022-10-10 21:23:00', 80000, 'M15', 'R15', 'F001'),
('SH150', '2023-03-13 21:09:00', '2023-03-13 23:09:00', 90000, 'M14', 'R30', 'F001'),
('SH151', '2023-02-19 12:10:00', '2023-02-19 14:10:00', 80000, 'M15', 'R31', 'F002'),
('SH152', '2023-02-16 12:00:00', '2023-02-16 14:00:00', 100000, 'M16', 'R32', 'F002'),
('SH153', '2023-01-02 13:15:00', '2023-01-02 15:15:00', 110000, 'M17', 'R33', 'F001'),
('SH154', '2022-10-20 15:54:00', '2022-10-20 17:54:00', 90000, 'M18', 'R34', 'F002'),
('SH155', '2023-03-12 23:53:00', '2023-03-13 01:53:00', 80000, 'M19', 'R35', 'F002'),
('SH156', '2023-02-11 17:25:00', '2023-02-11 19:25:00', 100000, 'M20', 'R36', 'F001'),
('SH157', '2022-10-06 11:42:00', '2022-10-06 13:42:00', 110000, 'M21', 'R37', 'F002'),
('SH158', '2022-10-11 14:46:00', '2022-10-11 16:46:00', 90000, 'M22', 'R38', 'F001'),
('SH159', '2022-10-04 16:35:00', '2022-10-04 18:35:00', 80000, 'M23', 'R39', 'F001'),
('SH16', '2022-10-04 09:43:00', '2022-10-04 11:43:00', 100000, 'M16', 'R16', 'F001'),
('SH160', '2022-10-01 15:01:00', '2022-10-01 17:01:00', 100000, 'M24', 'R40', 'F001'),
('SH161', '2023-03-13 18:24:00', '2023-03-13 20:24:00', 110000, 'M25', 'R41', 'F001'),
('SH162', '2022-12-29 10:33:00', '2022-12-29 12:33:00', 90000, 'M26', 'R42', 'F001'),
('SH163', '2023-03-09 16:31:00', '2023-03-09 18:31:00', 80000, 'M27', 'R43', 'F001'),
('SH164', '2023-01-02 10:31:00', '2023-01-02 12:31:00', 100000, 'M28', 'R44', 'F001'),
('SH165', '2023-01-29 09:06:00', '2023-01-29 11:06:00', 110000, 'M29', 'R45', 'F001'),
('SH166', '2023-01-03 14:28:00', '2023-01-03 16:28:00', 90000, 'M30', 'R46', 'F001'),
('SH167', '2023-01-16 18:31:00', '2023-01-16 20:31:00', 80000, 'M31', 'R47', 'F001'),
('SH168', '2023-01-13 13:40:00', '2023-01-13 15:40:00', 100000, 'M32', 'R48', 'F001'),
('SH169', '2023-02-20 17:10:00', '2023-02-20 19:10:00', 110000, 'M33', 'R49', 'F001'),
('SH17', '2023-01-18 17:56:00', '2023-01-18 19:56:00', 110000, 'M17', 'R17', 'F001'),
('SH170', '2022-10-26 18:19:00', '2022-10-26 20:19:00', 90000, 'M34', 'R50', 'F001'),
('SH171', '2023-03-04 09:34:00', '2023-03-04 11:34:00', 80000, 'M1', 'R51', 'F001'),
('SH172', '2022-10-25 23:52:00', '2022-10-26 01:52:00', 100000, 'M2', 'R52', 'F001'),
('SH173', '2022-10-26 21:34:00', '2022-10-26 23:34:00', 110000, 'M3', 'R53', 'F001'),
('SH174', '2022-12-12 22:33:00', '2022-12-13 00:33:00', 90000, 'M4', 'R54', 'F001'),
('SH175', '2023-01-31 11:41:00', '2023-01-31 13:41:00', 80000, 'M5', 'R55', 'F001'),
('SH176', '2023-01-15 16:38:00', '2023-01-15 18:38:00', 100000, 'M6', 'R56', 'F001'),
('SH177', '2023-02-18 15:50:00', '2023-02-18 17:50:00', 110000, 'M7', 'R57', 'F002'),
('SH178', '2022-12-14 08:58:00', '2022-12-14 10:58:00', 90000, 'M8', 'R58', 'F002'),
('SH179', '2023-02-01 15:45:00', '2023-02-01 17:45:00', 80000, 'M9', 'R59', 'F002'),
('SH18', '2023-02-25 18:29:00', '2023-02-25 20:29:00', 90000, 'M18', 'R18', 'F002'),
('SH180', '2022-11-13 23:04:00', '2022-11-14 01:04:00', 100000, 'M10', 'R60', 'F002'),
('SH181', '2022-11-24 08:36:00', '2022-11-24 10:36:00', 110000, 'M11', 'R61', 'F002'),
('SH182', '2022-12-04 11:51:00', '2022-12-04 13:51:00', 90000, 'M12', 'R62', 'F002'),
('SH183', '2022-10-24 17:35:00', '2022-10-24 19:35:00', 80000, 'M13', 'R63', 'F002'),
('SH184', '2022-11-07 18:20:00', '2022-11-07 20:20:00', 100000, 'M14', 'R64', 'F002'),
('SH185', '2023-02-14 18:14:00', '2023-02-14 20:14:00', 110000, 'M15', 'R65', 'F002'),
('SH186', '2023-02-26 12:21:00', '2023-02-26 14:21:00', 90000, 'M16', 'R66', 'F002'),
('SH187', '2023-01-01 08:52:00', '2023-01-01 10:52:00', 80000, 'M17', 'R67', 'F002'),
('SH188', '2023-01-19 13:41:00', '2023-01-19 15:41:00', 100000, 'M18', 'R68', 'F001'),
('SH189', '2022-10-03 11:17:00', '2022-10-03 13:17:00', 110000, 'M19', 'R69', 'F002'),
('SH19', '2023-03-19 22:39:00', '2023-03-20 00:39:00', 80000, 'M19', 'R19', 'F002'),
('SH190', '2022-11-03 08:00:00', '2022-11-03 10:00:00', 90000, 'M20', 'R70', 'F002'),
('SH191', '2023-03-09 23:43:00', '2023-03-10 01:43:00', 80000, 'M21', 'R71', 'F001'),
('SH192', '2023-02-25 17:00:00', '2023-02-25 19:00:00', 100000, 'M22', 'R72', 'F002'),
('SH193', '2022-11-25 18:36:00', '2022-11-25 20:36:00', 110000, 'M23', 'R73', 'F001'),
('SH194', '2023-01-27 19:35:00', '2023-01-27 21:35:00', 90000, 'M24', 'R74', 'F001'),
('SH195', '2022-10-09 11:24:00', '2022-10-09 13:24:00', 80000, 'M25', 'R75', 'F002'),
('SH196', '2022-11-02 17:58:00', '2022-11-02 19:58:00', 100000, 'M26', 'R76', 'F002'),
('SH197', '2022-10-19 19:38:00', '2022-10-19 21:38:00', 110000, 'M27', 'R77', 'F001'),
('SH198', '2022-10-15 23:10:00', '2022-10-16 01:10:00', 90000, 'M28', 'R78', 'F002'),
('SH199', '2022-10-24 16:58:00', '2022-10-24 18:58:00', 80000, 'M29', 'R79', 'F002'),
('SH20', '2022-12-04 19:45:00', '2022-12-04 21:45:00', 100000, 'M20', 'R20', 'F002'),
('SH200', '2023-02-19 08:07:00', '2023-02-19 10:07:00', 100000, 'M30', 'R80', 'F001'),
('SH201', '2022-11-21 20:10:00', '2022-11-21 22:10:00', 110000, 'M31', 'R81', 'F002'),
('SH202', '2023-02-22 19:47:00', '2023-02-22 21:47:00', 90000, 'M32', 'R82', 'F001'),
('SH203', '2022-12-15 22:27:00', '2022-12-16 00:27:00', 80000, 'M33', 'R83', 'F001'),
('SH204', '2022-12-27 12:29:00', '2022-12-27 14:29:00', 100000, 'M34', 'R84', 'F002'),
('SH205', '2022-12-03 11:26:00', '2022-12-03 13:26:00', 110000, 'M1', 'R85', 'F002'),
('SH206', '2023-01-30 12:50:00', '2023-01-30 14:50:00', 90000, 'M2', 'R86', 'F001'),
('SH207', '2022-11-19 18:55:00', '2022-11-19 20:55:00', 80000, 'M3', 'R87', 'F002'),
('SH208', '2023-03-05 14:44:00', '2023-03-05 16:44:00', 100000, 'M4', 'R88', 'F002'),
('SH209', '2022-11-30 23:41:00', '2022-12-01 01:41:00', 110000, 'M5', 'R89', 'F001'),
('SH21', '2022-11-07 08:04:00', '2022-11-07 10:04:00', 110000, 'M21', 'R21', 'F002'),
('SH210', '2022-11-03 20:32:00', '2022-11-03 22:32:00', 90000, 'M6', 'R90', 'F002'),
('SH211', '2022-10-26 13:27:00', '2022-10-26 15:27:00', 80000, 'M7', 'R91', 'F001'),
('SH212', '2023-01-27 15:24:00', '2023-01-27 17:24:00', 100000, 'M8', 'R92', 'F001'),
('SH213', '2022-12-22 14:08:00', '2022-12-22 16:08:00', 110000, 'M9', 'R93', 'F001'),
('SH214', '2022-11-24 09:45:00', '2022-11-24 11:45:00', 90000, 'M10', 'R94', 'F001'),
('SH215', '2023-02-02 19:46:00', '2023-02-02 21:46:00', 80000, 'M11', 'R95', 'F001'),
('SH216', '2022-11-19 16:49:00', '2022-11-19 18:49:00', 100000, 'M12', 'R96', 'F001'),
('SH217', '2023-02-10 21:32:00', '2023-02-10 23:32:00', 110000, 'M13', 'R97', 'F001'),
('SH218', '2022-12-06 19:53:00', '2022-12-06 21:53:00', 90000, 'M14', 'R98', 'F001'),
('SH219', '2023-01-09 19:16:00', '2023-01-09 21:16:00', 80000, 'M15', 'R99', 'F001'),
('SH22', '2023-02-27 12:29:00', '2023-02-27 14:29:00', 90000, 'M22', 'R22', 'F002'),
('SH225', '2022-12-10 13:30:00', '2022-12-10 15:30:00', 110000, 'M21', 'R105', 'F001'),
('SH226', '2022-12-07 22:54:00', '2022-12-08 00:54:00', 90000, 'M22', 'R106', 'F001'),
('SH227', '2023-03-06 14:02:00', '2023-03-06 16:02:00', 80000, 'M23', 'R107', 'F001'),
('SH228', '2023-01-15 14:21:00', '2023-01-15 16:21:00', 100000, 'M24', 'R108', 'F001'),
('SH229', '2022-10-08 21:04:00', '2022-10-08 23:04:00', 110000, 'M25', 'R109', 'F001'),
('SH23', '2022-12-20 19:52:00', '2022-12-20 21:52:00', 80000, 'M23', 'R23', 'F002'),
('SH230', '2022-10-29 18:53:00', '2022-10-29 20:53:00', 90000, 'M26', 'R110', 'F002'),
('SH231', '2023-02-07 22:05:00', '2023-02-08 00:05:00', 80000, 'M27', 'R111', 'F002'),
('SH232', '2022-11-30 15:53:00', '2022-11-30 17:53:00', 100000, 'M28', 'R112', 'F002'),
('SH233', '2022-12-02 20:42:00', '2022-12-02 22:42:00', 110000, 'M29', 'R113', 'F002'),
('SH234', '2022-10-10 08:41:00', '2022-10-10 10:41:00', 90000, 'M30', 'R114', 'F002'),
('SH235', '2022-11-29 14:36:00', '2022-11-29 16:36:00', 80000, 'M31', 'R115', 'F002'),
('SH236', '2023-02-02 16:49:00', '2023-02-02 18:49:00', 100000, 'M32', 'R116', 'F002'),
('SH237', '2022-11-07 22:18:00', '2022-11-08 00:18:00', 110000, 'M33', 'R117', 'F002'),
('SH238', '2023-03-06 20:45:00', '2023-03-06 22:45:00', 90000, 'M34', 'R118', 'F002'),
('SH239', '2022-12-02 19:49:00', '2022-12-02 21:49:00', 80000, 'M1', 'R119', 'F002'),
('SH24', '2023-03-22 18:40:00', '2023-03-22 20:40:00', 100000, 'M24', 'R24', 'F002'),
('SH240', '2023-01-30 20:08:00', '2023-01-30 22:08:00', 100000, 'M2', 'R120', 'F002'),
('SH25', '2023-03-05 12:10:00', '2023-03-05 14:10:00', 110000, 'M25', 'R25', 'F002'),
('SH250', '2023-03-03 09:01:00', '2023-03-03 11:01:00', 90000, 'M12', 'R10', 'F001'),
('SH251', '2022-12-16 15:06:00', '2022-12-16 17:06:00', 80000, 'M13', 'R11', 'F002'),
('SH252', '2022-11-28 09:10:00', '2022-11-28 11:10:00', 100000, 'M14', 'R12', 'F002'),
('SH253', '2023-03-02 12:03:00', '2023-03-02 14:03:00', 110000, 'M15', 'R13', 'F001'),
('SH254', '2022-11-30 16:45:00', '2022-11-30 18:45:00', 90000, 'M16', 'R14', 'F002'),
('SH255', '2022-12-18 22:54:00', '2022-12-19 00:54:00', 80000, 'M17', 'R15', 'F001'),
('SH256', '2022-10-29 10:48:00', '2022-10-29 12:48:00', 100000, 'M18', 'R16', 'F001'),
('SH257', '2022-10-23 19:34:00', '2022-10-23 21:34:00', 110000, 'M19', 'R17', 'F002'),
('SH258', '2023-01-10 10:22:00', '2023-01-10 12:22:00', 90000, 'M20', 'R18', 'F002'),
('SH259', '2022-11-25 15:22:00', '2022-11-25 17:22:00', 80000, 'M21', 'R19', 'F001'),
('SH26', '2023-02-16 16:59:00', '2023-02-16 18:59:00', 90000, 'M26', 'R26', 'F002'),
('SH260', '2023-05-16 21:28:00', '2023-05-16 23:28:00', 100000, 'M22', 'R20', 'F002'),
('SH261', '2023-06-13 21:04:00', '2023-06-13 23:04:00', 110000, 'M23', 'R21', 'F002'),
('SH262', '2023-04-20 11:14:00', '2023-04-20 13:14:00', 90000, 'M24', 'R22', 'F001'),
('SH263', '2023-05-27 12:22:00', '2023-05-27 14:22:00', 80000, 'M25', 'R23', 'F002'),
('SH264', '2023-04-23 23:11:00', '2023-04-24 01:11:00', 100000, 'M26', 'R24', 'F001'),
('SH265', '2023-03-31 11:07:00', '2023-03-31 13:07:00', 110000, 'M27', 'R25', 'F001'),
('SH266', '2023-06-11 23:40:00', '2023-06-12 01:40:00', 90000, 'M28', 'R26', 'F001'),
('SH267', '2023-04-28 23:05:00', '2023-04-29 01:05:00', 80000, 'M29', 'R27', 'F001'),
('SH268', '2023-05-27 17:27:00', '2023-05-27 19:27:00', 100000, 'M30', 'R28', 'F001'),
('SH269', '2023-05-05 17:15:00', '2023-05-05 19:15:00', 110000, 'M31', 'R29', 'F001'),
('SH27', '2023-04-18 22:30:00', '2023-04-19 00:30:00', 80000, 'M27', 'R27', 'F002'),
('SH270', '2023-04-03 11:27:00', '2023-04-03 13:27:00', 90000, 'M32', 'R30', 'F001'),
('SH271', '2023-05-31 10:11:00', '2023-05-31 12:11:00', 80000, 'M33', 'R31', 'F001'),
('SH272', '2023-04-11 13:38:00', '2023-04-11 15:38:00', 100000, 'M34', 'R32', 'F001'),
('SH273', '2023-05-21 22:46:00', '2023-05-22 00:46:00', 110000, 'M1', 'R33', 'F001'),
('SH274', '2023-04-01 08:12:00', '2023-04-01 10:12:00', 90000, 'M2', 'R34', 'F001'),
('SH275', '2023-06-15 17:43:00', '2023-06-15 19:43:00', 80000, 'M3', 'R35', 'F001'),
('SH276', '2023-04-08 16:23:00', '2023-04-08 18:23:00', 100000, 'M4', 'R36', 'F001'),
('SH277', '2023-05-29 16:05:00', '2023-05-29 18:05:00', 110000, 'M5', 'R37', 'F001'),
('SH278', '2023-03-22 20:39:00', '2023-03-22 22:39:00', 90000, 'M6', 'R38', 'F001'),
('SH279', '2023-05-08 10:36:00', '2023-05-08 12:36:00', 80000, 'M7', 'R39', 'F001'),
('SH28', '2023-06-11 12:42:00', '2023-06-11 14:42:00', 100000, 'M28', 'R28', 'F002'),
('SH280', '2023-03-26 12:20:00', '2023-03-26 14:20:00', 100000, 'M8', 'R40', 'F001'),
('SH281', '2023-03-24 17:04:00', '2023-03-24 19:04:00', 110000, 'M9', 'R41', 'F001'),
('SH282', '2023-06-20 19:44:00', '2023-06-20 21:44:00', 90000, 'M10', 'R42', 'F001'),
('SH283', '2023-05-03 17:56:00', '2023-05-03 19:56:00', 80000, 'M11', 'R43', 'F002'),
('SH284', '2023-05-15 19:16:00', '2023-05-15 21:16:00', 100000, 'M12', 'R44', 'F002'),
('SH285', '2023-04-12 15:31:00', '2023-04-12 17:31:00', 110000, 'M13', 'R45', 'F002'),
('SH286', '2023-06-01 12:14:00', '2023-06-01 14:14:00', 90000, 'M14', 'R46', 'F002'),
('SH287', '2023-05-01 20:19:00', '2023-05-01 22:19:00', 80000, 'M15', 'R47', 'F002'),
('SH288', '2023-06-13 12:21:00', '2023-06-13 14:21:00', 100000, 'M16', 'R48', 'F002'),
('SH289', '2023-03-31 11:49:00', '2023-03-31 13:49:00', 110000, 'M17', 'R49', 'F002'),
('SH29', '2023-04-09 11:22:00', '2023-04-09 13:22:00', 110000, 'M29', 'R29', 'F001'),
('SH290', '2023-05-01 14:38:00', '2023-05-01 16:38:00', 90000, 'M18', 'R50', 'F002'),
('SH291', '2023-05-21 19:35:00', '2023-05-21 21:35:00', 80000, 'M19', 'R51', 'F002'),
('SH292', '2023-03-23 12:30:00', '2023-03-23 14:30:00', 100000, 'M20', 'R52', 'F002'),
('SH293', '2023-06-18 09:40:00', '2023-06-18 11:40:00', 110000, 'M21', 'R53', 'F002'),
('SH294', '2023-05-07 22:41:00', '2023-05-08 00:41:00', 90000, 'M22', 'R54', 'F001'),
('SH295', '2023-06-14 11:51:00', '2023-06-14 13:51:00', 80000, 'M23', 'R55', 'F002'),
('SH296', '2023-06-15 19:36:00', '2023-06-15 21:36:00', 100000, 'M24', 'R56', 'F002'),
('SH297', '2023-06-16 16:51:00', '2023-06-16 18:51:00', 110000, 'M25', 'R57', 'F001'),
('SH298', '2023-05-01 09:57:00', '2023-05-01 11:57:00', 90000, 'M26', 'R58', 'F002'),
('SH299', '2023-04-12 21:39:00', '2023-04-12 23:39:00', 80000, 'M27', 'R59', 'F001'),
('SH30', '2023-04-03 09:59:00', '2023-04-03 11:59:00', 90000, 'M30', 'R30', 'F002'),
('SH300', '2023-06-04 22:12:00', '2023-06-05 00:12:00', 100000, 'M28', 'R60', 'F001'),
('SH301', '2023-06-10 17:00:00', '2023-06-10 19:00:00', 110000, 'M29', 'R61', 'F002'),
('SH302', '2023-03-27 20:45:00', '2023-03-27 22:45:00', 90000, 'M30', 'R62', 'F002'),
('SH303', '2023-04-15 11:32:00', '2023-04-15 13:32:00', 80000, 'M31', 'R63', 'F001'),
('SH304', '2023-05-13 22:49:00', '2023-05-14 00:49:00', 100000, 'M32', 'R64', 'F002'),
('SH305', '2023-03-22 14:19:00', '2023-03-22 16:19:00', 110000, 'M33', 'R65', 'F002'),
('SH306', '2023-04-29 10:52:00', '2023-04-29 12:52:00', 90000, 'M34', 'R66', 'F001'),
('SH307', '2023-06-17 19:20:00', '2023-06-17 21:20:00', 80000, 'M1', 'R67', 'F002'),
('SH308', '2023-03-29 16:57:00', '2023-03-29 18:57:00', 100000, 'M2', 'R68', 'F001'),
('SH309', '2023-04-16 08:22:00', '2023-04-16 10:22:00', 110000, 'M3', 'R69', 'F001'),
('SH31', '2023-04-28 21:17:00', '2023-04-28 23:17:00', 80000, 'M31', 'R31', 'F002'),
('SH310', '2023-04-05 14:55:00', '2023-04-05 16:55:00', 90000, 'M4', 'R70', 'F002'),
('SH311', '2023-05-04 17:07:00', '2023-05-04 19:07:00', 80000, 'M5', 'R71', 'F002'),
('SH312', '2023-05-25 14:15:00', '2023-05-25 16:15:00', 100000, 'M6', 'R72', 'F001'),
('SH313', '2023-05-18 23:20:00', '2023-05-19 01:20:00', 110000, 'M7', 'R73', 'F002'),
('SH314', '2023-04-14 14:19:00', '2023-04-14 16:19:00', 90000, 'M8', 'R74', 'F002'),
('SH315', '2023-03-30 19:19:00', '2023-03-30 21:19:00', 80000, 'M9', 'R75', 'F001'),
('SH316', '2023-04-05 08:03:00', '2023-04-05 10:03:00', 100000, 'M10', 'R76', 'F002'),
('SH317', '2023-04-03 15:15:00', '2023-04-03 17:15:00', 110000, 'M11', 'R77', 'F001'),
('SH318', '2023-05-14 18:24:00', '2023-05-14 20:24:00', 90000, 'M12', 'R78', 'F001'),
('SH319', '2023-06-02 19:32:00', '2023-06-02 21:32:00', 80000, 'M13', 'R79', 'F001'),
('SH32', '2023-05-16 20:51:00', '2023-05-16 22:51:00', 100000, 'M32', 'R32', 'F001'),
('SH320', '2023-04-10 10:30:00', '2023-04-10 12:30:00', 100000, 'M14', 'R80', 'F001'),
('SH321', '2023-04-17 22:18:00', '2023-04-18 00:18:00', 110000, 'M15', 'R81', 'F001'),
('SH322', '2023-04-30 13:07:00', '2023-04-30 15:07:00', 90000, 'M16', 'R82', 'F001'),
('SH323', '2023-05-16 17:42:00', '2023-05-16 19:42:00', 80000, 'M17', 'R83', 'F001'),
('SH324', '2023-05-11 14:05:00', '2023-05-11 16:05:00', 100000, 'M18', 'R84', 'F001'),
('SH325', '2023-04-14 13:35:00', '2023-04-14 15:35:00', 110000, 'M19', 'R85', 'F001'),
('SH326', '2023-05-22 17:42:00', '2023-05-22 19:42:00', 90000, 'M20', 'R86', 'F001'),
('SH327', '2023-03-26 18:34:00', '2023-03-26 20:34:00', 80000, 'M21', 'R87', 'F001'),
('SH328', '2023-04-25 10:36:00', '2023-04-25 12:36:00', 100000, 'M22', 'R88', 'F001'),
('SH329', '2023-04-04 18:13:00', '2023-04-04 20:13:00', 110000, 'M23', 'R89', 'F001'),
('SH33', '2023-05-05 08:25:00', '2023-05-05 10:25:00', 110000, 'M33', 'R33', 'F002'),
('SH330', '2023-03-23 12:27:00', '2023-03-23 14:27:00', 90000, 'M24', 'R90', 'F001'),
('SH331', '2023-05-01 22:42:00', '2023-05-02 00:42:00', 80000, 'M25', 'R91', 'F001'),
('SH332', '2023-03-23 23:00:00', '2023-03-24 01:00:00', 100000, 'M26', 'R92', 'F001'),
('SH333', '2023-06-13 19:49:00', '2023-06-13 21:49:00', 110000, 'M27', 'R93', 'F001'),
('SH334', '2023-04-22 12:50:00', '2023-04-22 14:50:00', 90000, 'M28', 'R94', 'F001'),
('SH335', '2023-04-16 08:56:00', '2023-04-16 10:56:00', 80000, 'M29', 'R95', 'F001'),
('SH336', '2023-05-12 21:11:00', '2023-05-12 23:11:00', 100000, 'M30', 'R96', 'F002'),
('SH337', '2023-06-05 21:16:00', '2023-06-05 23:16:00', 110000, 'M31', 'R97', 'F002'),
('SH338', '2023-05-02 16:53:00', '2023-05-02 18:53:00', 90000, 'M32', 'R98', 'F002'),
('SH339', '2023-04-10 20:14:00', '2023-04-10 22:14:00', 80000, 'M33', 'R99', 'F002'),
('SH34', '2023-05-26 13:42:00', '2023-05-26 15:42:00', 90000, 'M34', 'R34', 'F001'),
('SH345', '2023-05-29 21:59:00', '2023-05-29 23:59:00', 110000, 'M5', 'R105', 'F002'),
('SH346', '2023-03-22 12:15:00', '2023-03-22 14:15:00', 90000, 'M6', 'R106', 'F002'),
('SH347', '2023-05-04 19:18:00', '2023-05-04 21:18:00', 80000, 'M7', 'R107', 'F001'),
('SH348', '2023-06-07 22:08:00', '2023-06-08 00:08:00', 100000, 'M8', 'R108', 'F002'),
('SH349', '2023-04-15 10:59:00', '2023-04-15 12:59:00', 110000, 'M9', 'R109', 'F002'),
('SH35', '2023-04-27 10:26:00', '2023-04-27 12:26:00', 80000, 'M1', 'R35', 'F001'),
('SH350', '2023-04-22 08:24:00', '2023-04-22 10:24:00', 90000, 'M10', 'R110', 'F001'),
('SH351', '2023-05-10 11:47:00', '2023-05-10 13:47:00', 80000, 'M11', 'R111', 'F002'),
('SH352', '2023-04-02 23:13:00', '2023-04-03 01:13:00', 100000, 'M12', 'R112', 'F001'),
('SH353', '2023-04-22 18:33:00', '2023-04-22 20:33:00', 110000, 'M13', 'R113', 'F001'),
('SH354', '2023-03-27 12:25:00', '2023-03-27 14:25:00', 90000, 'M14', 'R114', 'F002'),
('SH355', '2023-05-03 12:00:00', '2023-05-03 14:00:00', 80000, 'M15', 'R115', 'F002'),
('SH356', '2023-04-22 19:09:00', '2023-04-22 21:09:00', 100000, 'M16', 'R116', 'F001'),
('SH357', '2023-05-16 23:34:00', '2023-05-17 01:34:00', 110000, 'M17', 'R117', 'F002'),
('SH358', '2023-04-21 12:09:00', '2023-04-21 14:09:00', 90000, 'M18', 'R118', 'F002'),
('SH359', '2023-05-13 15:44:00', '2023-05-13 17:44:00', 80000, 'M19', 'R119', 'F001'),
('SH36', '2023-04-08 17:26:00', '2023-04-08 19:26:00', 100000, 'M2', 'R36', 'F002'),
('SH360', '2023-03-26 19:01:00', '2023-03-26 21:01:00', 100000, 'M20', 'R120', 'F002'),
('SH37', '2023-06-10 16:58:00', '2023-06-10 18:58:00', 110000, 'M3', 'R37', 'F002'),
('SH370', '2023-04-30 19:13:00', '2023-04-30 21:13:00', 90000, 'M30', 'R10', 'F001'),
('SH371', '2023-05-10 19:05:00', '2023-05-10 21:05:00', 80000, 'M31', 'R11', 'F001'),
('SH372', '2023-04-10 13:46:00', '2023-04-10 15:46:00', 100000, 'M32', 'R12', 'F001'),
('SH373', '2023-04-04 08:27:00', '2023-04-04 10:27:00', 110000, 'M33', 'R13', 'F001'),
('SH374', '2023-05-16 17:07:00', '2023-05-16 19:07:00', 90000, 'M34', 'R14', 'F001'),
('SH375', '2023-04-20 18:05:00', '2023-04-20 20:05:00', 80000, 'M1', 'R15', 'F001'),
('SH376', '2023-04-04 12:32:00', '2023-04-04 14:32:00', 100000, 'M2', 'R16', 'F001'),
('SH377', '2023-06-07 12:40:00', '2023-06-07 14:40:00', 110000, 'M3', 'R17', 'F001'),
('SH378', '2023-05-02 18:35:00', '2023-05-02 20:35:00', 90000, 'M4', 'R18', 'F001'),
('SH379', '2023-04-20 15:03:00', '2023-04-20 17:03:00', 80000, 'M5', 'R19', 'F001'),
('SH38', '2023-04-13 14:26:00', '2023-04-13 16:26:00', 90000, 'M4', 'R38', 'F001'),
('SH380', '2023-06-01 19:53:00', '2023-06-01 21:53:00', 100000, 'M6', 'R20', 'F001'),
('SH381', '2023-05-07 22:10:00', '2023-05-08 00:10:00', 110000, 'M7', 'R21', 'F001'),
('SH382', '2023-04-09 08:13:00', '2023-04-09 10:13:00', 90000, 'M8', 'R22', 'F001'),
('SH383', '2023-05-24 14:25:00', '2023-05-24 16:25:00', 80000, 'M9', 'R23', 'F001'),
('SH384', '2023-04-23 10:28:00', '2023-04-23 12:28:00', 100000, 'M10', 'R24', 'F001'),
('SH385', '2023-05-27 14:53:00', '2023-05-27 16:53:00', 110000, 'M11', 'R25', 'F001'),
('SH386', '2023-04-08 13:34:00', '2023-04-08 15:34:00', 90000, 'M12', 'R26', 'F001'),
('SH387', '2023-04-07 15:57:00', '2023-04-07 17:57:00', 80000, 'M13', 'R27', 'F001'),
('SH388', '2023-04-29 18:01:00', '2023-04-29 20:01:00', 100000, 'M14', 'R28', 'F001'),
('SH389', '2023-03-31 10:31:00', '2023-03-31 12:31:00', 110000, 'M15', 'R29', 'F002'),
('SH39', '2023-06-07 08:51:00', '2023-06-07 10:51:00', 80000, 'M5', 'R39', 'F002'),
('SH390', '2023-05-25 17:21:00', '2023-05-25 19:21:00', 90000, 'M16', 'R30', 'F002'),
('SH391', '2023-04-04 20:51:00', '2023-04-04 22:51:00', 80000, 'M17', 'R31', 'F002'),
('SH392', '2023-05-23 23:39:00', '2023-05-24 01:39:00', 100000, 'M18', 'R32', 'F002'),
('SH393', '2023-06-07 13:40:00', '2023-06-07 15:40:00', 110000, 'M19', 'R33', 'F002'),
('SH394', '2023-04-22 18:33:00', '2023-04-22 20:33:00', 90000, 'M20', 'R34', 'F002'),
('SH395', '2023-05-06 20:54:00', '2023-05-06 22:54:00', 80000, 'M21', 'R35', 'F002'),
('SH396', '2023-06-08 11:46:00', '2023-06-08 13:46:00', 100000, 'M22', 'R36', 'F002'),
('SH397', '2023-04-06 09:24:00', '2023-04-06 11:24:00', 110000, 'M23', 'R37', 'F002'),
('SH398', '2023-05-21 21:29:00', '2023-05-21 23:29:00', 90000, 'M24', 'R38', 'F002'),
('SH399', '2023-03-25 16:45:00', '2023-03-25 18:45:00', 80000, 'M25', 'R39', 'F002'),
('SH40', '2023-03-29 13:54:00', '2023-03-29 15:54:00', 100000, 'M6', 'R40', 'F002'),
('SH400', '2023-04-28 08:55:00', '2023-04-28 10:55:00', 100000, 'M26', 'R40', 'F001'),
('SH401', '2023-04-02 16:58:00', '2023-04-02 18:58:00', 100000, 'M27', 'R41', 'F002'),
('SH402', '2023-04-27 17:09:00', '2023-04-27 19:09:00', 110000, 'M28', 'R42', 'F002'),
('SH403', '2023-03-23 19:40:00', '2023-03-23 21:40:00', 90000, 'M29', 'R43', 'F001'),
('SH404', '2023-03-25 22:18:00', '2023-03-26 00:18:00', 80000, 'M30', 'R44', 'F002'),
('SH405', '2023-04-05 19:19:00', '2023-04-05 21:19:00', 100000, 'M31', 'R45', 'F001'),
('SH406', '2023-05-26 11:34:00', '2023-05-26 13:34:00', 110000, 'M32', 'R46', 'F001'),
('SH407', '2023-04-12 09:06:00', '2023-04-12 11:06:00', 90000, 'M33', 'R47', 'F002'),
('SH408', '2023-05-02 15:30:00', '2023-05-02 17:30:00', 80000, 'M34', 'R48', 'F002'),
('SH409', '2023-04-24 19:48:00', '2023-04-24 21:48:00', 100000, 'M1', 'R49', 'F001'),
('SH41', '2023-05-17 14:15:00', '2023-05-17 16:15:00', 110000, 'M7', 'R41', 'F001'),
('SH410', '2023-04-09 12:30:00', '2023-04-09 14:30:00', 110000, 'M2', 'R50', 'F002'),
('SH411', '2023-05-11 13:56:00', '2023-05-11 15:56:00', 90000, 'M3', 'R51', 'F002'),
('SH412', '2023-06-02 17:54:00', '2023-06-02 19:54:00', 80000, 'M4', 'R52', 'F001'),
('SH413', '2023-03-27 16:20:00', '2023-03-27 18:20:00', 100000, 'M5', 'R53', 'F002'),
('SH414', '2023-04-18 12:10:00', '2023-04-18 14:10:00', 110000, 'M6', 'R54', 'F001'),
('SH415', '2023-06-16 18:37:00', '2023-06-16 20:37:00', 90000, 'M7', 'R55', 'F001'),
('SH416', '2023-05-01 18:02:00', '2023-05-01 20:02:00', 80000, 'M8', 'R56', 'F002'),
('SH417', '2023-06-16 11:31:00', '2023-06-16 13:31:00', 100000, 'M9', 'R57', 'F002'),
('SH418', '2023-04-14 22:27:00', '2023-04-15 00:27:00', 110000, 'M10', 'R58', 'F001'),
('SH419', '2023-06-20 20:46:00', '2023-06-20 22:46:00', 90000, 'M11', 'R59', 'F002'),
('SH42', '2023-04-11 13:37:00', '2023-04-11 15:37:00', 90000, 'M8', 'R42', 'F002'),
('SH420', '2023-04-10 21:01:00', '2023-04-10 23:01:00', 80000, 'M12', 'R60', 'F002'),
('SH421', '2023-06-15 08:46:00', '2023-06-15 10:46:00', 100000, 'M13', 'R61', 'F001'),
('SH422', '2023-05-05 19:19:00', '2023-05-05 21:19:00', 110000, 'M14', 'R62', 'F002'),
('SH423', '2023-06-01 17:18:00', '2023-06-01 19:18:00', 90000, 'M15', 'R63', 'F001'),
('SH424', '2023-05-14 10:19:00', '2023-05-14 12:19:00', 80000, 'M16', 'R64', 'F001'),
('SH425', '2023-06-21 23:18:00', '2023-06-22 01:18:00', 100000, 'M17', 'R65', 'F001'),
('SH426', '2023-06-08 14:08:00', '2023-06-08 16:08:00', 110000, 'M18', 'R66', 'F001'),
('SH427', '2023-04-03 15:23:00', '2023-04-03 17:23:00', 90000, 'M19', 'R67', 'F001'),
('SH428', '2023-06-09 21:37:00', '2023-06-09 23:37:00', 80000, 'M20', 'R68', 'F001'),
('SH429', '2023-05-28 16:51:00', '2023-05-28 18:51:00', 100000, 'M21', 'R69', 'F001'),
('SH43', '2023-05-26 18:07:00', '2023-05-26 20:07:00', 80000, 'M9', 'R43', 'F001'),
('SH430', '2023-03-26 12:48:00', '2023-03-26 14:48:00', 110000, 'M22', 'R70', 'F001'),
('SH431', '2023-05-06 11:43:00', '2023-05-06 13:43:00', 90000, 'M23', 'R71', 'F001'),
('SH432', '2023-04-18 22:47:00', '2023-04-19 00:47:00', 80000, 'M24', 'R72', 'F001'),
('SH433', '2023-06-13 13:12:00', '2023-06-13 15:12:00', 100000, 'M25', 'R73', 'F001'),
('SH434', '2023-04-28 20:17:00', '2023-04-28 22:17:00', 110000, 'M26', 'R74', 'F001'),
('SH435', '2023-05-14 13:08:00', '2023-05-14 15:08:00', 90000, 'M27', 'R75', 'F001'),
('SH436', '2023-04-11 09:17:00', '2023-04-11 11:17:00', 80000, 'M28', 'R76', 'F001'),
('SH437', '2023-04-22 22:10:00', '2023-04-23 00:10:00', 100000, 'M29', 'R77', 'F001'),
('SH438', '2023-06-16 09:53:00', '2023-06-16 11:53:00', 110000, 'M30', 'R78', 'F001'),
('SH439', '2023-04-18 10:50:00', '2023-04-18 12:50:00', 90000, 'M31', 'R79', 'F001'),
('SH44', '2023-05-08 13:16:00', '2023-05-08 15:16:00', 100000, 'M10', 'R44', 'F001'),
('SH440', '2023-06-18 10:58:00', '2023-06-18 12:58:00', 80000, 'M32', 'R80', 'F001'),
('SH441', '2023-05-28 15:40:00', '2023-05-28 17:40:00', 100000, 'M33', 'R81', 'F001'),
('SH442', '2023-05-22 23:06:00', '2023-05-23 01:06:00', 110000, 'M34', 'R82', 'F002'),
('SH443', '2023-04-26 12:17:00', '2023-04-26 14:17:00', 90000, 'M1', 'R83', 'F002'),
('SH444', '2023-04-23 17:06:00', '2023-04-23 19:06:00', 80000, 'M2', 'R84', 'F002'),
('SH445', '2023-05-10 19:41:00', '2023-05-10 21:41:00', 100000, 'M3', 'R85', 'F002'),
('SH446', '2023-05-15 21:20:00', '2023-05-15 23:20:00', 110000, 'M4', 'R86', 'F002'),
('SH447', '2023-04-02 09:41:00', '2023-04-02 11:41:00', 90000, 'M5', 'R87', 'F002'),
('SH448', '2023-06-15 19:11:00', '2023-06-15 21:11:00', 80000, 'M6', 'R88', 'F002'),
('SH449', '2023-05-21 14:32:00', '2023-05-21 16:32:00', 100000, 'M7', 'R89', 'F002'),
('SH45', '2023-03-23 17:58:00', '2023-03-23 19:58:00', 110000, 'M11', 'R45', 'F002'),
('SH450', '2023-06-07 08:30:00', '2023-06-07 10:30:00', 110000, 'M8', 'R90', 'F002'),
('SH451', '2023-05-09 11:20:00', '2023-05-09 13:20:00', 90000, 'M9', 'R91', 'F002'),
('SH452', '2023-05-24 13:28:00', '2023-05-24 15:28:00', 80000, 'M10', 'R92', 'F002'),
('SH453', '2023-04-30 15:44:00', '2023-04-30 17:44:00', 100000, 'M11', 'R93', 'F001'),
('SH454', '2023-04-02 10:54:00', '2023-04-02 12:54:00', 110000, 'M12', 'R94', 'F002'),
('SH455', '2023-05-08 08:54:00', '2023-05-08 10:54:00', 90000, 'M13', 'R95', 'F002'),
('SH456', '2023-05-10 11:34:00', '2023-05-10 13:34:00', 80000, 'M14', 'R96', 'F001'),
('SH457', '2023-05-21 18:27:00', '2023-05-21 20:27:00', 100000, 'M15', 'R97', 'F002'),
('SH458', '2023-04-25 19:21:00', '2023-04-25 21:21:00', 110000, 'M16', 'R98', 'F001'),
('SH459', '2023-06-21 17:42:00', '2023-06-21 19:42:00', 90000, 'M17', 'R99', 'F001'),
('SH46', '2023-05-26 16:30:00', '2023-05-26 18:30:00', 90000, 'M12', 'R46', 'F002'),
('SH465', '2023-04-27 13:47:00', '2023-04-27 15:47:00', 100000, 'M23', 'R105', 'F001'),
('SH466', '2023-06-07 17:55:00', '2023-06-07 19:55:00', 110000, 'M24', 'R106', 'F002'),
('SH467', '2023-04-27 10:48:00', '2023-04-27 12:48:00', 90000, 'M25', 'R107', 'F001'),
('SH468', '2023-03-26 22:04:00', '2023-03-27 00:04:00', 80000, 'M26', 'R108', 'F001'),
('SH469', '2023-05-17 15:58:00', '2023-05-17 17:58:00', 100000, 'M27', 'R109', 'F002'),
('SH47', '2023-04-26 23:55:00', '2023-04-27 01:55:00', 80000, 'M13', 'R47', 'F001'),
('SH470', '2023-05-24 16:56:00', '2023-05-24 18:56:00', 110000, 'M28', 'R110', 'F002'),
('SH471', '2023-04-26 14:33:00', '2023-04-26 16:33:00', 90000, 'M29', 'R111', 'F001'),
('SH472', '2023-05-07 16:00:00', '2023-05-07 18:00:00', 80000, 'M30', 'R112', 'F002'),
('SH473', '2023-05-26 14:37:00', '2023-05-26 16:37:00', 100000, 'M31', 'R113', 'F002'),
('SH474', '2023-05-30 09:29:00', '2023-05-30 11:29:00', 110000, 'M32', 'R114', 'F001'),
('SH475', '2023-04-07 17:48:00', '2023-04-07 19:48:00', 90000, 'M33', 'R115', 'F002'),
('SH476', '2023-04-16 17:20:00', '2023-04-16 19:20:00', 80000, 'M34', 'R116', 'F001'),
('SH477', '2023-04-12 11:24:00', '2023-04-12 13:24:00', 100000, 'M1', 'R117', 'F001'),
('SH478', '2023-06-16 09:47:00', '2023-06-16 11:47:00', 110000, 'M2', 'R118', 'F001'),
('SH479', '2023-04-18 09:20:00', '2023-04-18 11:20:00', 90000, 'M3', 'R119', 'F001'),
('SH48', '2023-06-02 23:50:00', '2023-06-03 01:50:00', 100000, 'M14', 'R48', 'F002'),
('SH480', '2023-05-13 16:54:00', '2023-05-13 18:54:00', 80000, 'M4', 'R120', 'F001'),
('SH49', '2023-05-15 14:27:00', '2023-05-15 16:27:00', 110000, 'M15', 'R49', 'F002'),
('SH490', '2023-06-08 10:34:00', '2023-06-08 12:34:00', 100000, 'M14', 'R10', 'F001'),
('SH491', '2023-05-27 19:41:00', '2023-05-27 21:41:00', 110000, 'M15', 'R11', 'F001'),
('SH492', '2023-06-01 11:50:00', '2023-06-01 13:50:00', 90000, 'M16', 'R12', 'F001'),
('SH493', '2023-04-18 16:28:00', '2023-04-18 18:28:00', 80000, 'M17', 'R13', 'F001'),
('SH494', '2023-05-21 18:37:00', '2023-05-21 20:37:00', 100000, 'M18', 'R14', 'F001'),
('SH495', '2023-04-24 15:26:00', '2023-04-24 17:26:00', 110000, 'M19', 'R15', 'F002'),
('SH496', '2023-04-21 13:23:00', '2023-04-21 15:23:00', 90000, 'M20', 'R16', 'F002'),
('SH497', '2023-04-14 15:29:00', '2023-04-14 17:29:00', 80000, 'M21', 'R17', 'F002'),
('SH498', '2023-05-25 22:46:00', '2023-05-26 00:46:00', 100000, 'M22', 'R18', 'F002'),
('SH499', '2023-04-04 22:13:00', '2023-04-05 00:13:00', 100000, 'M23', 'R19', 'F002'),
('SH50', '2023-05-16 18:49:00', '2023-05-16 20:49:00', 90000, 'M16', 'R50', 'F001'),
('SH500', '2023-05-26 20:09:00', '2023-05-26 22:09:00', 110000, 'M24', 'R20', 'F002'),
('SH51', '2023-04-16 22:43:00', '2023-04-17 00:43:00', 80000, 'M17', 'R51', 'F002'),
('SH52', '2023-05-01 08:47:00', '2023-05-01 10:47:00', 100000, 'M18', 'R52', 'F001'),
('SH53', '2023-04-02 12:17:00', '2023-04-02 14:17:00', 110000, 'M19', 'R53', 'F001'),
('SH54', '2023-06-18 16:38:00', '2023-06-18 18:38:00', 90000, 'M20', 'R54', 'F001'),
('SH55', '2023-05-05 09:20:00', '2023-05-05 11:20:00', 80000, 'M21', 'R55', 'F001'),
('SH56', '2023-06-10 21:08:00', '2023-06-10 23:08:00', 100000, 'M22', 'R56', 'F001'),
('SH57', '2023-05-14 08:22:00', '2023-05-14 10:22:00', 110000, 'M23', 'R57', 'F001'),
('SH58', '2023-04-25 10:00:00', '2023-04-25 12:00:00', 90000, 'M24', 'R58', 'F001'),
('SH59', '2023-05-08 11:38:00', '2023-05-08 13:38:00', 80000, 'M25', 'R59', 'F001'),
('SH60', '2023-04-20 08:36:00', '2023-04-20 10:36:00', 100000, 'M26', 'R60', 'F001'),
('SH61', '2023-04-21 22:41:00', '2023-04-22 00:41:00', 110000, 'M27', 'R61', 'F001'),
('SH62', '2023-04-13 12:53:00', '2023-04-13 14:53:00', 90000, 'M28', 'R62', 'F001'),
('SH63', '2023-04-08 23:06:00', '2023-04-09 01:06:00', 80000, 'M29', 'R63', 'F001'),
('SH64', '2023-04-12 08:53:00', '2023-04-12 10:53:00', 100000, 'M30', 'R64', 'F001'),
('SH65', '2023-06-05 11:05:00', '2023-06-05 13:05:00', 110000, 'M31', 'R65', 'F001'),
('SH66', '2023-06-15 18:00:00', '2023-06-15 20:00:00', 90000, 'M32', 'R66', 'F001'),
('SH67', '2023-04-01 21:58:00', '2023-04-01 23:58:00', 80000, 'M33', 'R67', 'F001'),
('SH68', '2023-05-09 23:33:00', '2023-05-10 01:33:00', 100000, 'M34', 'R68', 'F001'),
('SH69', '2023-06-17 17:46:00', '2023-06-17 19:46:00', 110000, 'M1', 'R69', 'F001'),
('SH70', '2023-06-02 13:29:00', '2023-06-02 15:29:00', 90000, 'M2', 'R70', 'F001'),
('SH71', '2023-03-23 15:03:00', '2023-03-23 17:03:00', 80000, 'M3', 'R71', 'F002'),
('SH72', '2023-05-08 15:42:00', '2023-05-08 17:42:00', 100000, 'M4', 'R72', 'F002'),
('SH73', '2023-04-06 13:11:00', '2023-04-06 15:11:00', 110000, 'M5', 'R73', 'F002'),
('SH74', '2023-06-13 16:17:00', '2023-06-13 18:17:00', 90000, 'M6', 'R74', 'F002'),
('SH75', '2023-04-17 12:27:00', '2023-04-17 14:27:00', 80000, 'M7', 'R75', 'F002'),
('SH76', '2023-05-21 13:24:00', '2023-05-21 15:24:00', 100000, 'M8', 'R76', 'F002'),
('SH77', '2023-04-28 19:26:00', '2023-04-28 21:26:00', 110000, 'M9', 'R77', 'F002'),
('SH78', '2023-06-09 22:15:00', '2023-06-10 00:15:00', 90000, 'M10', 'R78', 'F002'),
('SH79', '2023-05-06 19:17:00', '2023-05-06 21:17:00', 80000, 'M11', 'R79', 'F002'),
('SH80', '2023-05-18 21:58:00', '2023-05-18 23:58:00', 100000, 'M12', 'R80', 'F002'),
('SH81', '2023-06-12 20:23:00', '2023-06-12 22:23:00', 110000, 'M13', 'R81', 'F002'),
('SH82', '2023-05-06 10:08:00', '2023-05-06 12:08:00', 90000, 'M14', 'R82', 'F001'),
('SH83', '2023-05-25 10:51:00', '2023-05-25 12:51:00', 80000, 'M15', 'R83', 'F002'),
('SH84', '2023-04-23 22:14:00', '2023-04-24 00:14:00', 100000, 'M16', 'R84', 'F002'),
('SH85', '2023-05-23 08:29:00', '2023-05-23 10:29:00', 110000, 'M17', 'R85', 'F001'),
('SH86', '2023-05-01 14:27:00', '2023-05-01 16:27:00', 90000, 'M18', 'R86', 'F002'),
('SH87', '2023-05-14 19:35:00', '2023-05-14 21:35:00', 80000, 'M19', 'R87', 'F001'),
('SH88', '2023-04-08 08:47:00', '2023-04-08 10:47:00', 100000, 'M20', 'R88', 'F001'),
('SH89', '2023-06-17 23:15:00', '2023-06-18 01:15:00', 110000, 'M21', 'R89', 'F002'),
('SH90', '2023-04-10 09:26:00', '2023-04-10 11:26:00', 90000, 'M22', 'R90', 'F002'),
('SH91', '2023-06-09 09:18:00', '2023-06-09 11:18:00', 80000, 'M23', 'R91', 'F001'),
('SH92', '2023-06-08 17:58:00', '2023-06-08 19:58:00', 100000, 'M24', 'R92', 'F002'),
('SH93', '2023-04-10 11:21:00', '2023-04-10 13:21:00', 110000, 'M25', 'R93', 'F002'),
('SH94', '2023-06-03 10:03:00', '2023-06-03 12:03:00', 90000, 'M26', 'R94', 'F001'),
('SH95', '2023-05-16 21:53:00', '2023-05-16 23:53:00', 80000, 'M27', 'R95', 'F002'),
('SH96', '2023-04-29 23:05:00', '2023-04-30 01:05:00', 100000, 'M28', 'R96', 'F001'),
('SH97', '2023-04-20 21:56:00', '2023-04-20 23:56:00', 110000, 'M29', 'R97', 'F001'),
('SH98', '2023-05-26 08:31:00', '2023-05-26 10:31:00', 90000, 'M30', 'R98', 'F002'),
('SH99', '2023-04-20 09:28:00', '2023-04-20 11:28:00', 80000, 'M31', 'R99', 'F002');

-- --------------------------------------------------------

--
-- Cấu trúc bảng cho bảng `status_of_ticket`
--

CREATE TABLE `status_of_ticket` (
  `id` char(11) NOT NULL,
  `name` varchar(45) NOT NULL
) ENGINE=InnoDB DEFAULT CHARSET=utf8mb4 COLLATE=utf8mb4_general_ci;

--
-- Đang đổ dữ liệu cho bảng `status_of_ticket`
--

INSERT INTO `status_of_ticket` (`id`, `name`) VALUES
('S1', 'Đang thanh toán'),
('S2', 'Đã bán'),
('S3', 'Ghế trống');

-- --------------------------------------------------------

--
-- Cấu trúc bảng cho bảng `studio`
--

CREATE TABLE `studio` (
  `StudioID` char(11) NOT NULL,
  `StudioName` varchar(50) NOT NULL,
  `Address` varchar(50) NOT NULL,
  `Phone` char(10) NOT NULL,
  `Email` varchar(50) NOT NULL
) ENGINE=InnoDB DEFAULT CHARSET=utf8mb4 COLLATE=utf8mb4_general_ci;

--
-- Đang đổ dữ liệu cho bảng `studio`
--

INSERT INTO `studio` (`StudioID`, `StudioName`, `Address`, `Phone`, `Email`) VALUES
('ST001', 'StudioName 1', 'Address studio 1', 'P001', 'studio1@gmail.com'),
('ST002', 'StudioName 2', 'Address studio 2', 'P002', 'studio2@gmail.com'),
('ST1', 'Screen Gems', 'USA', '1900 1011', 'ScreenGems@studio.com'),
('ST10', 'Live On', 'Việt Nam', '1900 1020', 'LiveOn@studio.com'),
('ST11', 'Pulau', 'Malaysia', '1900 1021', 'Pulau@studio.com'),
('ST12', 'Warner Bros', 'Mỹ', '1900 1022', 'WarnerBros@studio.com'),
('ST13', 'Habadicap', 'Thái lan', '1900 1023', 'Habadicap@studio.com'),
('ST14', 'Film Bridge International', 'Mỹ', '1900 1024', 'FilmBridgeInternational@studio.com'),
('ST15', 'Võ Thanh Hòa', 'Việt Nam', '1900 1025', 'VoThanhHoa@studio.com'),
('ST16', 'Sakaimai', 'Nhật Bản', '1900 1026', 'Sakaimai@studio.com'),
('ST17', 'Fowler Media', 'Anh', '1900 1027', 'FowlerMedia@studio.com'),
('ST18', 'Toei Company', 'Nhật Bản', '1900 1028', 'ToeiCompany@studio.com'),
('ST19', 'Paramount Pictures', 'Mỹ', '1900 1029', 'ParamountPictures@studio.com'),
('ST2', '89s Group', 'Đài Loan', '1900 1012', 'Cherry@studio.com'),
('ST20', 'DreamWorks', 'Mỹ', '1900 1030', 'DreamWorks@studio.com'),
('ST21', 'Benjamin Renner', 'Mỹ', '1900 1031', 'BenjaminRenner@studio.com'),
('ST22', 'DC Entertainment', 'Mỹ', '1900 1032', 'DCEntertainment@studio.com'),
('ST23', 'Walt Disney Pictures', 'Mỹ', '1900 1033', 'WaltDisneyPictures@studio.com'),
('ST24', 'PIXAR', 'Mỹ', '1900 1034', 'PIXAR@studio.com'),
('ST25', 'Sony Pictures', 'Mỹ', '1900 1035', 'SonyPicturesDreamWorks@studio.com'),
('ST26', 'Conglomerate Media', 'Mỹ', '1900 1036', 'ConglomerateMedia@studio.com'),
('ST27', 'Cryptoscope Films', 'Mỹ', '1900 1037', 'CryptoscopeFilms@studio.com'),
('ST28', 'Columbia Pictures', 'Mỹ', '1900 1038', 'ColumbiaPictures@studio.com'),
('ST29', 'Nam Long Phim', 'Việt Nam', '1900 1039', 'NamLongPhim@studio.com'),
('ST3', 'Nintendo', 'Nhật Bản', '1900 1013', 'Nintendo@studio.com'),
('ST30', 'Galaxy Studio', 'Việt Nam', '1900 1040', 'GalaxyStudio@studio.com'),
('ST31', 'Thu Trang Entertainment', 'Việt Nam', '1900 1041', 'ThuTrangEntertainment@studio.com'),
('ST32', 'Galaxy Play', 'Việt Nam', '1900 1042', 'GalaxyPlay@studio.com'),
('ST33', 'Licensing Brands', 'Nga', '1900 1043', 'LicensingBrands@studio.com'),
('ST34', 'STX Films', 'Mỹ', '1900 1044', 'STXFilms@studio.com'),
('ST35', 'CJ HK Entertainment', 'Việt Nam', '1900 1045', 'CJHKEntertainment@studio.com'),
('ST36', 'Eryde Produzioni', 'ý', '1900 1046', 'ErydeProduzioni@studio.com'),
('ST4', 'Illumination Entertainment', 'Mỹ', '1900 1014', '@studio.com'),
('ST5', 'Univeral Pictures', 'Mỹ', '1900 1015', 'UniveralPictures@studio.com'),
('ST6', 'Marvel Studio', 'USA', '1900 1016', 'MarvelStudio@studio.com'),
('ST7', 'Mỹ Tâm', 'Việt Nam', '1900 1017', 'Mỹ Tâm@studio.com'),
('ST8', 'CoMix Wave Films', 'Nhật Bản', '1900 1018', 'CoMixWaveFilms@studio.com'),
('ST9', 'Cimax Studio', 'Hàn Quốc', '1900 1019', 'CimaxStudio@studio.com');

-- --------------------------------------------------------

--
-- Cấu trúc bảng cho bảng `theater`
--

CREATE TABLE `theater` (
  `TheaterID` char(11) NOT NULL,
  `TheaterName` varchar(50) NOT NULL,
  `Address` varchar(50) NOT NULL,
  `Phone` char(10) NOT NULL,
  `NumberOfRooms` int(11) NOT NULL
) ENGINE=InnoDB DEFAULT CHARSET=utf8mb4 COLLATE=utf8mb4_general_ci;

--
-- Đang đổ dữ liệu cho bảng `theater`
--

INSERT INTO `theater` (`TheaterID`, `TheaterName`, `Address`, `Phone`, `NumberOfRooms`) VALUES
('TH001', 'TheaterName 1', 'Address thearter 1', 'P001', 1),
('TH002', 'TheaterName 2', 'Address thearter 2', 'P002', 2),
('TH1', '5CT Vincom Bà Triệu', 'Tầng 6, VinCom Center Hà Nội, 191 Bà Triệu, Q. Hai', '1800 1001', 4),
('TH10', '5CT Trương Định Plaza', 'Tầng 5 Trương Định Plaza, 461 Trương Định, Hoàng M', '1800 1010', 4),
('TH11', '5CT CT Plaza', 'Tầng 10, CT Plaza, 60A Trường Sơn, P.2, Q. Tân Bìn', '1800 1011', 4),
('TH12', '5CT Hùng Vương Plaza', 'Tầng 7, Hùng Vương Plaza, 126 Hùng Vương, Q.5, Tp.', '1800 1012', 4),
('TH13', '5CT Crescent Mall', 'Lầu 5, Crescent Mall Đại lộ Nguyễn Văn Linh, Phú M', '1800 1013', 4),
('TH14', '5CT Pandora City', 'Lầu 3, Pandora City 1/1 Trường Chinh, Q. Tân Phú, ', '1800 1014', 4),
('TH15', '5CT Aeon Tân Phú', 'Lầu 3, Aeon Mall 30 Bờ Bao Tân Thắng, P. Sơn Kỳ, Q', '1800 1015', 4),
('TH16', '5CT Thảo Điền Pearl', 'Tầng 2, Thảo Điền Mall, 12 Quốc Hương, P. Thảo Điề', '1800 1016', 4),
('TH17', '5CT Liberty Citypoint', 'Tầng M - 1, Liberty Center Saigon Citypoint, 59 - ', '1800 1017', 4),
('TH18', '5CT Vincom Thủ Đức', 'Tầng 5, TTTM Vincom Thủ Đức, 216 Võ Văn Ngân, P. B', '1800 1018', 4),
('TH19', '5CT Vivo City', 'Lầu 5, TTTM SC VivoCity, 1058 Nguyễn Văn Linh, Q.7', '1800 1019', 4),
('TH2', '5CT Mipec Tower', 'Tầng 5, MIPEC Tower, 229 Tây Sơn, Q. Đống Đa, Tp. ', '1800 1002', 4),
('TH20', '5CT Vincom Gò Vấp', 'Tầng 5 TTTM Vincom Plaza Gò Vấp, 12 Phan Văn Trị, ', '1800 1020', 4),
('TH21', '5CT Sense City', 'Lầu 3, Sense City 1, Đại Lộ Hòa Bình, Q. Ninh Kiều', '1800 1021', 4),
('TH22', '5CT Vincom Hùng Vương', 'Vincom Hùng Vương, 02 Hùng Vương, Q. Ninh Kiều, Tp', '1800 1022', 4),
('TH23', '5CT Vincom Xuân Khánh', 'Tầng 5, Tòa nhà 209, Đường 30/04, Phường Xuân Khán', '1800 1023', 4),
('TH24', '5CT Vincom Hạ Long', 'Tầng 4, TTTM Vincom Center Hạ Long, Khu Cột Đồng H', '1800 1024', 4),
('TH25', '5CT Vincom Móng Cái', 'Tầng 3 & 4, Vincom Plaza Móng Cái, 10 Hoà Bình, P.', '1800 1025', 4),
('TH26', '5CT Vincom Cẩm Phả', 'Vincom Shophouse Cẩm Phả - Quốc lộ 18, Phường Cẩm ', '1800 1026', 4),
('TH27', '5CT Coopmart Biên Hòa', 'Tầng 3, Khu Siêu thị Co-op Mart 121 Phạm Văn Thuận', '1800 1027', 4),
('TH28', '5CT BigC Đồng Nai', 'Siêu thị BigC Đồng Nai, Khu phố 1, P. Long Bình Tâ', '1800 1028', 4),
('TH29', '5CT Vĩnh Trung Plaza', '255-257 đường Hùng Vương, Q. Thanh Khê, Tp. Đà Nẵn', '1800 1029', 4),
('TH3', '5CT Hồ Gươm Plaza', 'Tầng 3, TTTM Hồ Gươm Plaza, 110 Trần Phú, P. Mỗ La', '1800 1003', 4),
('TH30', '5CT Vincom Đà Nẵng', 'Tầng 4, TTTM Vincom Đà Nẵng, Ngô Quyền, P. An Hải ', '1800 1030', 4),
('TH4', '5CT IPH Hà Nội', 'Tầng 4, Indochina Plaza Hà Nội, 241 Xuân Thủy, Q. ', '1800 1004', 4),
('TH5', '5CT Aeon Long Biên', 'Tầng 4 - TTTM AEON Long Biên, Số 27 Cổ Linh, Q. Lo', '1800 1005', 4),
('TH6', '5CT Vincom Nguyễn Chí Thanh', 'Số 54A Nguyễn Chí Thanh, P. Láng Thượng, Q. Đống Đ', '1800 1006', 4),
('TH7', '5CT Rice City', 'Tầng 2 và 4, Tòa nhà Trung - RICE CITY Linh Đàm, P', '1800 1007', 4),
('TH8', '5CT Tràng Tiền Plaza', 'Tràng Tiền Plaza, 24 Hai Bà Trưng, Q. Hoàn Kiếm, T', '1800 1008', 4),
('TH9', '5CT Hà Nội Center Point', 'Tầng 5 TTTM Hà Nội Centerpoint, 85 Lê Văn Lương, P', '1800 1009', 4);

-- --------------------------------------------------------

--
-- Cấu trúc bảng cho bảng `ticket`
--

CREATE TABLE `ticket` (
  `TicketID` char(11) NOT NULL,
  `ShowtimeID` char(11) NOT NULL,
  `SeatID` char(11) NOT NULL,
  `status` char(11) NOT NULL
) ENGINE=InnoDB DEFAULT CHARSET=utf8mb4 COLLATE=utf8mb4_general_ci;

--
-- Đang đổ dữ liệu cho bảng `ticket`
--

INSERT INTO `ticket` (`TicketID`, `ShowtimeID`, `SeatID`, `status`) VALUES
('TK1', 'SH10', 'ST101', 'S2'),
('TK10', 'SH10', 'ST45', 'S2'),
('TK100', 'SH105', 'ST186', 'S2'),
('TK1001', 'SH130', 'ST59', 'S2'),
('TK1002', 'SH130', 'ST113', 'S2'),
('TK1003', 'SH130', 'ST87', 'S2'),
('TK1004', 'SH130', 'ST124', 'S2'),
('TK1005', 'SH130', 'ST124', 'S2'),
('TK1006', 'SH130', 'ST19', 'S2'),
('TK1007', 'SH130', 'ST65', 'S2'),
('TK1008', 'SH130', 'ST83', 'S2'),
('TK1009', 'SH130', 'ST91', 'S2'),
('TK101', 'SH106', 'ST237', 'S2'),
('TK1010', 'SH130', 'ST131', 'S2'),
('TK1011', 'SH130', 'ST117', 'S2'),
('TK1012', 'SH130', 'ST28', 'S2'),
('TK1013', 'SH130', 'ST9', 'S2'),
('TK1014', 'SH130', 'ST96', 'S2'),
('TK1015', 'SH130', 'ST80', 'S2'),
('TK1016', 'SH130', 'ST51', 'S2'),
('TK1017', 'SH130', 'ST71', 'S2'),
('TK1018', 'SH130', 'ST28', 'S2'),
('TK1019', 'SH130', 'ST82', 'S2'),
('TK102', 'SH106', 'ST286', 'S2'),
('TK1020', 'SH130', 'ST67', 'S2'),
('TK1021', 'SH130', 'ST23', 'S2'),
('TK1022', 'SH130', 'ST128', 'S2'),
('TK1023', 'SH130', 'ST100', 'S2'),
('TK1024', 'SH130', 'ST6', 'S2'),
('TK1025', 'SH130', 'ST127', 'S2'),
('TK1026', 'SH130', 'ST26', 'S2'),
('TK1027', 'SH130', 'ST14', 'S2'),
('TK1028', 'SH130', 'ST67', 'S2'),
('TK1029', 'SH130', 'ST78', 'S2'),
('TK103', 'SH106', 'ST247', 'S2'),
('TK1030', 'SH130', 'ST49', 'S2'),
('TK1031', 'SH130', 'ST106', 'S2'),
('TK1032', 'SH130', 'ST80', 'S2'),
('TK1033', 'SH130', 'ST61', 'S2'),
('TK1034', 'SH130', 'ST51', 'S2'),
('TK1035', 'SH130', 'ST16', 'S2'),
('TK1036', 'SH130', 'ST2', 'S2'),
('TK1037', 'SH130', 'ST17', 'S2'),
('TK1038', 'SH130', 'ST39', 'S2'),
('TK1039', 'SH130', 'ST126', 'S2'),
('TK104', 'SH106', 'ST212', 'S2'),
('TK1040', 'SH130', 'ST30', 'S2'),
('TK1041', 'SH130', 'ST65', 'S2'),
('TK1042', 'SH130', 'ST72', 'S2'),
('TK1043', 'SH130', 'ST117', 'S2'),
('TK1044', 'SH130', 'ST114', 'S2'),
('TK1045', 'SH130', 'ST84', 'S2'),
('TK1046', 'SH130', 'ST69', 'S2'),
('TK1047', 'SH130', 'ST97', 'S2'),
('TK1048', 'SH130', 'ST31', 'S2'),
('TK1049', 'SH130', 'ST59', 'S2'),
('TK105', 'SH106', 'ST244', 'S2'),
('TK1050', 'SH130', 'ST121', 'S2'),
('TK1051', 'SH131', 'ST1191', 'S2'),
('TK1052', 'SH131', 'ST1108', 'S2'),
('TK1053', 'SH131', 'ST1036', 'S2'),
('TK1054', 'SH131', 'ST1014', 'S2'),
('TK1055', 'SH131', 'ST1199', 'S2'),
('TK1056', 'SH131', 'ST1102', 'S2'),
('TK1057', 'SH131', 'ST1082', 'S2'),
('TK1058', 'SH131', 'ST1046', 'S2'),
('TK1059', 'SH131', 'ST1169', 'S2'),
('TK106', 'SH106', 'ST249', 'S2'),
('TK1060', 'SH131', 'ST1019', 'S2'),
('TK1061', 'SH131', 'ST1130', 'S2'),
('TK1062', 'SH131', 'ST1197', 'S2'),
('TK1063', 'SH131', 'ST1076', 'S2'),
('TK1064', 'SH131', 'ST1107', 'S2'),
('TK1065', 'SH131', 'ST1100', 'S2'),
('TK1066', 'SH131', 'ST1166', 'S2'),
('TK1067', 'SH131', 'ST1196', 'S2'),
('TK1068', 'SH131', 'ST1072', 'S2'),
('TK1069', 'SH131', 'ST1022', 'S2'),
('TK107', 'SH106', 'ST220', 'S2'),
('TK1070', 'SH131', 'ST1212', 'S2'),
('TK1071', 'SH131', 'ST1199', 'S2'),
('TK1072', 'SH131', 'ST1077', 'S2'),
('TK1073', 'SH131', 'ST1058', 'S2'),
('TK1074', 'SH131', 'ST1193', 'S2'),
('TK1075', 'SH131', 'ST1004', 'S2'),
('TK1076', 'SH131', 'ST1099', 'S2'),
('TK1077', 'SH131', 'ST1164', 'S2'),
('TK1078', 'SH131', 'ST1146', 'S2'),
('TK1079', 'SH131', 'ST1194', 'S2'),
('TK108', 'SH106', 'ST225', 'S2'),
('TK1080', 'SH131', 'ST1207', 'S2'),
('TK1081', 'SH131', 'ST1079', 'S2'),
('TK1082', 'SH131', 'ST1056', 'S2'),
('TK1083', 'SH131', 'ST1198', 'S2'),
('TK1084', 'SH131', 'ST1180', 'S2'),
('TK1085', 'SH131', 'ST1090', 'S2'),
('TK1086', 'SH131', 'ST1196', 'S2'),
('TK1087', 'SH131', 'ST1077', 'S2'),
('TK1088', 'SH131', 'ST1084', 'S2'),
('TK1089', 'SH131', 'ST1113', 'S2'),
('TK109', 'SH106', 'ST331', 'S2'),
('TK1090', 'SH131', 'ST1203', 'S2'),
('TK1091', 'SH131', 'ST1212', 'S2'),
('TK1092', 'SH131', 'ST1060', 'S2'),
('TK1093', 'SH131', 'ST1205', 'S2'),
('TK1094', 'SH131', 'ST1085', 'S2'),
('TK1095', 'SH131', 'ST1087', 'S2'),
('TK1096', 'SH131', 'ST1071', 'S2'),
('TK1097', 'SH131', 'ST1215', 'S2'),
('TK1098', 'SH131', 'ST1104', 'S2'),
('TK1099', 'SH131', 'ST1131', 'S2'),
('TK11', 'SH10', 'ST16', 'S2'),
('TK110', 'SH106', 'ST238', 'S2'),
('TK1100', 'SH131', 'ST1158', 'S2'),
('TK111', 'SH106', 'ST273', 'S2'),
('TK112', 'SH106', 'ST211', 'S2'),
('TK113', 'SH106', 'ST220', 'S2'),
('TK114', 'SH106', 'ST212', 'S2'),
('TK115', 'SH106', 'ST253', 'S2'),
('TK116', 'SH106', 'ST333', 'S2'),
('TK117', 'SH106', 'ST252', 'S2'),
('TK118', 'SH106', 'ST294', 'S2'),
('TK119', 'SH106', 'ST209', 'S2'),
('TK12', 'SH10', 'ST73', 'S2'),
('TK120', 'SH106', 'ST251', 'S2'),
('TK121', 'SH106', 'ST263', 'S2'),
('TK122', 'SH106', 'ST267', 'S2'),
('TK12251', 'SH465', 'ST176', 'S2'),
('TK12252', 'SH465', 'ST173', 'S2'),
('TK12253', 'SH465', 'ST170', 'S2'),
('TK12254', 'SH465', 'ST177', 'S2'),
('TK12255', 'SH465', 'ST174', 'S2'),
('TK12256', 'SH465', 'ST150', 'S2'),
('TK12257', 'SH465', 'ST186', 'S2'),
('TK12258', 'SH465', 'ST145', 'S2'),
('TK12259', 'SH465', 'ST141', 'S2'),
('TK12260', 'SH465', 'ST174', 'S2'),
('TK12261', 'SH465', 'ST153', 'S2'),
('TK12262', 'SH465', 'ST175', 'S2'),
('TK12263', 'SH465', 'ST196', 'S2'),
('TK12264', 'SH465', 'ST166', 'S2'),
('TK12265', 'SH465', 'ST188', 'S2'),
('TK12266', 'SH465', 'ST176', 'S2'),
('TK12267', 'SH465', 'ST148', 'S2'),
('TK12268', 'SH465', 'ST198', 'S2'),
('TK12269', 'SH465', 'ST161', 'S2'),
('TK12270', 'SH465', 'ST177', 'S2'),
('TK12271', 'SH465', 'ST175', 'S2'),
('TK12272', 'SH465', 'ST141', 'S2'),
('TK12273', 'SH465', 'ST159', 'S2'),
('TK12274', 'SH465', 'ST144', 'S2'),
('TK12275', 'SH465', 'ST140', 'S2'),
('TK12276', 'SH465', 'ST177', 'S2'),
('TK12277', 'SH465', 'ST164', 'S2'),
('TK12278', 'SH465', 'ST183', 'S2'),
('TK12279', 'SH465', 'ST173', 'S2'),
('TK12280', 'SH465', 'ST180', 'S2'),
('TK12281', 'SH465', 'ST193', 'S2'),
('TK12282', 'SH465', 'ST155', 'S2'),
('TK12283', 'SH465', 'ST167', 'S2'),
('TK12284', 'SH465', 'ST150', 'S2'),
('TK12285', 'SH465', 'ST142', 'S2'),
('TK12286', 'SH465', 'ST164', 'S2'),
('TK12287', 'SH465', 'ST176', 'S2'),
('TK12288', 'SH465', 'ST187', 'S2'),
('TK12289', 'SH465', 'ST182', 'S2'),
('TK12290', 'SH465', 'ST139', 'S2'),
('TK12291', 'SH465', 'ST185', 'S2'),
('TK12292', 'SH465', 'ST164', 'S2'),
('TK12293', 'SH465', 'ST192', 'S2'),
('TK12294', 'SH465', 'ST168', 'S2'),
('TK12295', 'SH465', 'ST141', 'S2'),
('TK12296', 'SH465', 'ST157', 'S2'),
('TK12297', 'SH465', 'ST167', 'S2'),
('TK12298', 'SH465', 'ST158', 'S2'),
('TK12299', 'SH465', 'ST181', 'S2'),
('TK123', 'SH106', 'ST217', 'S2'),
('TK12300', 'SH465', 'ST185', 'S2'),
('TK12301', 'SH467', 'ST547', 'S2'),
('TK12302', 'SH467', 'ST473', 'S2'),
('TK12303', 'SH467', 'ST423', 'S2'),
('TK12304', 'SH467', 'ST422', 'S2'),
('TK12305', 'SH467', 'ST345', 'S2'),
('TK12306', 'SH467', 'ST445', 'S2'),
('TK12307', 'SH467', 'ST414', 'S2'),
('TK12308', 'SH467', 'ST534', 'S2'),
('TK12309', 'SH467', 'ST339', 'S2'),
('TK12310', 'SH467', 'ST508', 'S2'),
('TK12311', 'SH467', 'ST525', 'S2'),
('TK12312', 'SH467', 'ST478', 'S2'),
('TK12313', 'SH467', 'ST484', 'S2'),
('TK12314', 'SH467', 'ST459', 'S2'),
('TK12315', 'SH467', 'ST387', 'S2'),
('TK12316', 'SH467', 'ST410', 'S2'),
('TK12317', 'SH467', 'ST485', 'S2'),
('TK12318', 'SH467', 'ST536', 'S2'),
('TK12319', 'SH467', 'ST418', 'S2'),
('TK12320', 'SH467', 'ST488', 'S2'),
('TK12321', 'SH467', 'ST485', 'S2'),
('TK12322', 'SH467', 'ST377', 'S2'),
('TK12323', 'SH467', 'ST423', 'S2'),
('TK12324', 'SH467', 'ST375', 'S2'),
('TK12325', 'SH467', 'ST493', 'S2'),
('TK12326', 'SH467', 'ST547', 'S2'),
('TK12327', 'SH467', 'ST393', 'S2'),
('TK12328', 'SH467', 'ST406', 'S2'),
('TK12329', 'SH467', 'ST520', 'S2'),
('TK12330', 'SH467', 'ST472', 'S2'),
('TK12331', 'SH467', 'ST435', 'S2'),
('TK12332', 'SH467', 'ST451', 'S2'),
('TK12333', 'SH467', 'ST472', 'S2'),
('TK12334', 'SH467', 'ST358', 'S2'),
('TK12335', 'SH467', 'ST475', 'S2'),
('TK12336', 'SH467', 'ST450', 'S2'),
('TK12337', 'SH467', 'ST456', 'S2'),
('TK12338', 'SH467', 'ST495', 'S2'),
('TK12339', 'SH467', 'ST420', 'S2'),
('TK12340', 'SH467', 'ST544', 'S2'),
('TK12341', 'SH467', 'ST452', 'S2'),
('TK12342', 'SH467', 'ST358', 'S2'),
('TK12343', 'SH467', 'ST546', 'S2'),
('TK12344', 'SH467', 'ST544', 'S2'),
('TK12345', 'SH467', 'ST512', 'S2'),
('TK12346', 'SH467', 'ST379', 'S2'),
('TK12347', 'SH467', 'ST478', 'S2'),
('TK12348', 'SH467', 'ST396', 'S2'),
('TK12349', 'SH467', 'ST511', 'S2'),
('TK12350', 'SH467', 'ST485', 'S2'),
('TK12351', 'SH468', 'ST609', 'S2'),
('TK12352', 'SH468', 'ST759', 'S2'),
('TK12353', 'SH468', 'ST741', 'S2'),
('TK12354', 'SH468', 'ST933', 'S2'),
('TK12355', 'SH468', 'ST630', 'S2'),
('TK12356', 'SH468', 'ST670', 'S2'),
('TK12357', 'SH468', 'ST664', 'S2'),
('TK12358', 'SH468', 'ST666', 'S2'),
('TK12359', 'SH468', 'ST574', 'S2'),
('TK12360', 'SH468', 'ST697', 'S2'),
('TK12361', 'SH468', 'ST616', 'S2'),
('TK12362', 'SH468', 'ST627', 'S2'),
('TK12363', 'SH468', 'ST884', 'S2'),
('TK12364', 'SH468', 'ST692', 'S2'),
('TK12365', 'SH468', 'ST942', 'S2'),
('TK12366', 'SH468', 'ST810', 'S2'),
('TK12367', 'SH468', 'ST755', 'S2'),
('TK12368', 'SH468', 'ST821', 'S2'),
('TK12369', 'SH468', 'ST809', 'S2'),
('TK12370', 'SH468', 'ST804', 'S2'),
('TK12371', 'SH468', 'ST913', 'S2'),
('TK12372', 'SH468', 'ST672', 'S2'),
('TK12373', 'SH468', 'ST712', 'S2'),
('TK12374', 'SH468', 'ST661', 'S2'),
('TK12375', 'SH468', 'ST866', 'S2'),
('TK12376', 'SH468', 'ST752', 'S2'),
('TK12377', 'SH468', 'ST758', 'S2'),
('TK12378', 'SH468', 'ST901', 'S2'),
('TK12379', 'SH468', 'ST816', 'S2'),
('TK12380', 'SH468', 'ST829', 'S2'),
('TK12381', 'SH468', 'ST901', 'S2'),
('TK12382', 'SH468', 'ST844', 'S2'),
('TK12383', 'SH468', 'ST592', 'S2'),
('TK12384', 'SH468', 'ST587', 'S2'),
('TK12385', 'SH468', 'ST807', 'S2'),
('TK12386', 'SH468', 'ST577', 'S2'),
('TK12387', 'SH468', 'ST603', 'S2'),
('TK12388', 'SH468', 'ST743', 'S2'),
('TK12389', 'SH468', 'ST685', 'S2'),
('TK12390', 'SH468', 'ST654', 'S2'),
('TK12391', 'SH468', 'ST722', 'S2'),
('TK12392', 'SH468', 'ST864', 'S2'),
('TK12393', 'SH468', 'ST565', 'S2'),
('TK12394', 'SH468', 'ST895', 'S2'),
('TK12395', 'SH468', 'ST901', 'S2'),
('TK12396', 'SH468', 'ST816', 'S2'),
('TK12397', 'SH468', 'ST711', 'S2'),
('TK12398', 'SH468', 'ST880', 'S2'),
('TK12399', 'SH468', 'ST651', 'S2'),
('TK124', 'SH106', 'ST318', 'S2'),
('TK12400', 'SH468', 'ST786', 'S2'),
('TK12451', 'SH471', 'ST1414', 'S2'),
('TK12452', 'SH471', 'ST1468', 'S2'),
('TK12453', 'SH471', 'ST1506', 'S2'),
('TK12454', 'SH471', 'ST1493', 'S2'),
('TK12455', 'SH471', 'ST1374', 'S2'),
('TK12456', 'SH471', 'ST1455', 'S2'),
('TK12457', 'SH471', 'ST1545', 'S2'),
('TK12458', 'SH471', 'ST1475', 'S2'),
('TK12459', 'SH471', 'ST1383', 'S2'),
('TK12460', 'SH471', 'ST1442', 'S2'),
('TK12461', 'SH471', 'ST1520', 'S2'),
('TK12462', 'SH471', 'ST1575', 'S2'),
('TK12463', 'SH471', 'ST1367', 'S2'),
('TK12464', 'SH471', 'ST1449', 'S2'),
('TK12465', 'SH471', 'ST1416', 'S2'),
('TK12466', 'SH471', 'ST1470', 'S2'),
('TK12467', 'SH471', 'ST1430', 'S2'),
('TK12468', 'SH471', 'ST1456', 'S2'),
('TK12469', 'SH471', 'ST1463', 'S2'),
('TK12470', 'SH471', 'ST1491', 'S2'),
('TK12471', 'SH471', 'ST1418', 'S2'),
('TK12472', 'SH471', 'ST1561', 'S2'),
('TK12473', 'SH471', 'ST1437', 'S2'),
('TK12474', 'SH471', 'ST1389', 'S2'),
('TK12475', 'SH471', 'ST1370', 'S2'),
('TK12476', 'SH471', 'ST1504', 'S2'),
('TK12477', 'SH471', 'ST1427', 'S2'),
('TK12478', 'SH471', 'ST1409', 'S2'),
('TK12479', 'SH471', 'ST1487', 'S2'),
('TK12480', 'SH471', 'ST1472', 'S2'),
('TK12481', 'SH471', 'ST1525', 'S2'),
('TK12482', 'SH471', 'ST1370', 'S2'),
('TK12483', 'SH471', 'ST1450', 'S2'),
('TK12484', 'SH471', 'ST1524', 'S2'),
('TK12485', 'SH471', 'ST1424', 'S2'),
('TK12486', 'SH471', 'ST1369', 'S2'),
('TK12487', 'SH471', 'ST1568', 'S2'),
('TK12488', 'SH471', 'ST1544', 'S2'),
('TK12489', 'SH471', 'ST1511', 'S2'),
('TK12490', 'SH471', 'ST1403', 'S2'),
('TK12491', 'SH471', 'ST1454', 'S2'),
('TK12492', 'SH471', 'ST1482', 'S2'),
('TK12493', 'SH471', 'ST1431', 'S2'),
('TK12494', 'SH471', 'ST1440', 'S2'),
('TK12495', 'SH471', 'ST1533', 'S2'),
('TK12496', 'SH471', 'ST1521', 'S2'),
('TK12497', 'SH471', 'ST1518', 'S2'),
('TK12498', 'SH471', 'ST1448', 'S2'),
('TK12499', 'SH471', 'ST1522', 'S2'),
('TK125', 'SH106', 'ST216', 'S2'),
('TK12500', 'SH471', 'ST1373', 'S2'),
('TK126', 'SH106', 'ST309', 'S2'),
('TK127', 'SH106', 'ST210', 'S2'),
('TK128', 'SH106', 'ST244', 'S2'),
('TK129', 'SH106', 'ST231', 'S2'),
('TK13', 'SH10', 'ST27', 'S2'),
('TK130', 'SH106', 'ST311', 'S2'),
('TK131', 'SH106', 'ST256', 'S2'),
('TK132', 'SH106', 'ST229', 'S2'),
('TK133', 'SH106', 'ST213', 'S2'),
('TK134', 'SH106', 'ST335', 'S2'),
('TK135', 'SH106', 'ST273', 'S2'),
('TK136', 'SH106', 'ST283', 'S2'),
('TK137', 'SH106', 'ST285', 'S2'),
('TK138', 'SH106', 'ST234', 'S2'),
('TK139', 'SH106', 'ST328', 'S2'),
('TK14', 'SH10', 'ST108', 'S2'),
('TK140', 'SH106', 'ST204', 'S2'),
('TK141', 'SH106', 'ST295', 'S2'),
('TK142', 'SH106', 'ST315', 'S2'),
('TK143', 'SH106', 'ST252', 'S2'),
('TK144', 'SH106', 'ST253', 'S2'),
('TK145', 'SH106', 'ST202', 'S2'),
('TK146', 'SH106', 'ST251', 'S2'),
('TK147', 'SH106', 'ST216', 'S2'),
('TK148', 'SH106', 'ST256', 'S2'),
('TK149', 'SH106', 'ST223', 'S2'),
('TK15', 'SH10', 'ST94', 'S2'),
('TK150', 'SH106', 'ST272', 'S2'),
('TK151', 'SH107', 'ST532', 'S2'),
('TK152', 'SH107', 'ST365', 'S2'),
('TK153', 'SH107', 'ST447', 'S2'),
('TK154', 'SH107', 'ST418', 'S2'),
('TK155', 'SH107', 'ST454', 'S2'),
('TK156', 'SH107', 'ST356', 'S2'),
('TK157', 'SH107', 'ST486', 'S2'),
('TK158', 'SH107', 'ST505', 'S2'),
('TK159', 'SH107', 'ST490', 'S2'),
('TK16', 'SH10', 'ST101', 'S2'),
('TK160', 'SH107', 'ST442', 'S2'),
('TK161', 'SH107', 'ST466', 'S2'),
('TK162', 'SH107', 'ST460', 'S2'),
('TK163', 'SH107', 'ST464', 'S2'),
('TK164', 'SH107', 'ST517', 'S2'),
('TK165', 'SH107', 'ST450', 'S2'),
('TK166', 'SH107', 'ST527', 'S2'),
('TK167', 'SH107', 'ST504', 'S2'),
('TK168', 'SH107', 'ST357', 'S2'),
('TK169', 'SH107', 'ST390', 'S2'),
('TK17', 'SH10', 'ST71', 'S2'),
('TK170', 'SH107', 'ST493', 'S2'),
('TK171', 'SH107', 'ST522', 'S2'),
('TK172', 'SH107', 'ST354', 'S2'),
('TK173', 'SH107', 'ST448', 'S2'),
('TK174', 'SH107', 'ST440', 'S2'),
('TK175', 'SH107', 'ST446', 'S2'),
('TK176', 'SH107', 'ST480', 'S2'),
('TK177', 'SH107', 'ST357', 'S2'),
('TK178', 'SH107', 'ST373', 'S2'),
('TK179', 'SH107', 'ST517', 'S2'),
('TK18', 'SH10', 'ST112', 'S2'),
('TK180', 'SH107', 'ST466', 'S2'),
('TK181', 'SH107', 'ST354', 'S2'),
('TK182', 'SH107', 'ST418', 'S2'),
('TK183', 'SH107', 'ST524', 'S2'),
('TK184', 'SH107', 'ST343', 'S2'),
('TK185', 'SH107', 'ST383', 'S2'),
('TK186', 'SH107', 'ST431', 'S2'),
('TK187', 'SH107', 'ST519', 'S2'),
('TK188', 'SH107', 'ST342', 'S2'),
('TK189', 'SH107', 'ST443', 'S2'),
('TK19', 'SH10', 'ST3', 'S2'),
('TK190', 'SH107', 'ST394', 'S2'),
('TK191', 'SH107', 'ST427', 'S2'),
('TK192', 'SH107', 'ST365', 'S2'),
('TK193', 'SH107', 'ST514', 'S2'),
('TK194', 'SH107', 'ST494', 'S2'),
('TK195', 'SH107', 'ST382', 'S2'),
('TK196', 'SH107', 'ST546', 'S2'),
('TK197', 'SH107', 'ST503', 'S2'),
('TK198', 'SH107', 'ST397', 'S2'),
('TK199', 'SH107', 'ST389', 'S2'),
('TK2', 'SH10', 'ST57', 'S2'),
('TK20', 'SH10', 'ST58', 'S2'),
('TK200', 'SH107', 'ST464', 'S2'),
('TK201', 'SH108', 'ST660', 'S2'),
('TK202', 'SH108', 'ST588', 'S2'),
('TK203', 'SH108', 'ST764', 'S2'),
('TK204', 'SH108', 'ST669', 'S2'),
('TK205', 'SH108', 'ST890', 'S2'),
('TK206', 'SH108', 'ST897', 'S2'),
('TK207', 'SH108', 'ST650', 'S2'),
('TK208', 'SH108', 'ST783', 'S2'),
('TK209', 'SH108', 'ST745', 'S2'),
('TK21', 'SH10', 'ST136', 'S2'),
('TK210', 'SH108', 'ST813', 'S2'),
('TK211', 'SH108', 'ST794', 'S2'),
('TK212', 'SH108', 'ST573', 'S2'),
('TK213', 'SH108', 'ST802', 'S2'),
('TK214', 'SH108', 'ST764', 'S2'),
('TK215', 'SH108', 'ST707', 'S2'),
('TK216', 'SH108', 'ST629', 'S2'),
('TK217', 'SH108', 'ST664', 'S2'),
('TK218', 'SH108', 'ST893', 'S2'),
('TK219', 'SH108', 'ST588', 'S2'),
('TK22', 'SH10', 'ST53', 'S2'),
('TK220', 'SH108', 'ST840', 'S2'),
('TK221', 'SH108', 'ST677', 'S2'),
('TK222', 'SH108', 'ST650', 'S2'),
('TK223', 'SH108', 'ST727', 'S2'),
('TK224', 'SH108', 'ST709', 'S2'),
('TK225', 'SH108', 'ST701', 'S2'),
('TK226', 'SH108', 'ST836', 'S2'),
('TK227', 'SH108', 'ST753', 'S2'),
('TK228', 'SH108', 'ST559', 'S2'),
('TK229', 'SH108', 'ST682', 'S2'),
('TK23', 'SH10', 'ST3', 'S2'),
('TK230', 'SH108', 'ST688', 'S2'),
('TK231', 'SH108', 'ST765', 'S2'),
('TK232', 'SH108', 'ST750', 'S2'),
('TK233', 'SH108', 'ST884', 'S2'),
('TK234', 'SH108', 'ST804', 'S2'),
('TK235', 'SH108', 'ST632', 'S2'),
('TK236', 'SH108', 'ST682', 'S2'),
('TK237', 'SH108', 'ST681', 'S2'),
('TK238', 'SH108', 'ST779', 'S2'),
('TK239', 'SH108', 'ST844', 'S2'),
('TK24', 'SH10', 'ST41', 'S2'),
('TK240', 'SH108', 'ST664', 'S2'),
('TK241', 'SH108', 'ST660', 'S2'),
('TK242', 'SH108', 'ST708', 'S2'),
('TK243', 'SH108', 'ST696', 'S2'),
('TK244', 'SH108', 'ST569', 'S2'),
('TK245', 'SH108', 'ST863', 'S2'),
('TK246', 'SH108', 'ST612', 'S2'),
('TK247', 'SH108', 'ST686', 'S2'),
('TK248', 'SH108', 'ST783', 'S2'),
('TK249', 'SH108', 'ST704', 'S2'),
('TK25', 'SH10', 'ST74', 'S2'),
('TK250', 'SH108', 'ST782', 'S2'),
('TK251', 'SH109', 'ST997', 'S2'),
('TK252', 'SH109', 'ST954', 'S2'),
('TK253', 'SH109', 'ST949', 'S2'),
('TK254', 'SH109', 'ST994', 'S2'),
('TK255', 'SH109', 'ST997', 'S2'),
('TK256', 'SH109', 'ST999', 'S2'),
('TK257', 'SH109', 'ST972', 'S2'),
('TK258', 'SH109', 'ST972', 'S2'),
('TK259', 'SH109', 'ST996', 'S2'),
('TK26', 'SH10', 'ST68', 'S2'),
('TK260', 'SH109', 'ST997', 'S2'),
('TK261', 'SH109', 'ST952', 'S2'),
('TK262', 'SH109', 'ST962', 'S2'),
('TK263', 'SH109', 'ST990', 'S2'),
('TK264', 'SH109', 'ST1002', 'S2'),
('TK265', 'SH109', 'ST953', 'S2'),
('TK266', 'SH109', 'ST955', 'S2'),
('TK267', 'SH109', 'ST996', 'S2'),
('TK268', 'SH109', 'ST980', 'S2'),
('TK269', 'SH109', 'ST955', 'S2'),
('TK27', 'SH10', 'ST40', 'S2'),
('TK270', 'SH109', 'ST964', 'S2'),
('TK271', 'SH109', 'ST960', 'S2'),
('TK272', 'SH109', 'ST989', 'S2'),
('TK273', 'SH109', 'ST976', 'S2'),
('TK274', 'SH109', 'ST961', 'S2'),
('TK275', 'SH109', 'ST951', 'S2'),
('TK276', 'SH109', 'ST975', 'S2'),
('TK277', 'SH109', 'ST967', 'S2'),
('TK278', 'SH109', 'ST1002', 'S2'),
('TK279', 'SH109', 'ST984', 'S2'),
('TK28', 'SH10', 'ST101', 'S2'),
('TK280', 'SH109', 'ST959', 'S2'),
('TK281', 'SH109', 'ST946', 'S2'),
('TK282', 'SH109', 'ST969', 'S2'),
('TK283', 'SH109', 'ST990', 'S2'),
('TK284', 'SH109', 'ST1000', 'S2'),
('TK285', 'SH109', 'ST969', 'S2'),
('TK286', 'SH109', 'ST974', 'S2'),
('TK287', 'SH109', 'ST952', 'S2'),
('TK288', 'SH109', 'ST991', 'S2'),
('TK289', 'SH109', 'ST966', 'S2'),
('TK29', 'SH10', 'ST130', 'S2'),
('TK290', 'SH109', 'ST966', 'S2'),
('TK291', 'SH109', 'ST975', 'S2'),
('TK292', 'SH109', 'ST956', 'S2'),
('TK293', 'SH109', 'ST953', 'S2'),
('TK294', 'SH109', 'ST978', 'S2'),
('TK295', 'SH109', 'ST991', 'S2'),
('TK296', 'SH109', 'ST958', 'S2'),
('TK297', 'SH109', 'ST948', 'S2'),
('TK298', 'SH109', 'ST999', 'S2'),
('TK299', 'SH109', 'ST992', 'S2'),
('TK3', 'SH10', 'ST79', 'S2'),
('TK30', 'SH10', 'ST70', 'S2'),
('TK300', 'SH109', 'ST966', 'S2'),
('TK301', 'SH11', 'ST1185', 'S2'),
('TK302', 'SH11', 'ST1155', 'S2'),
('TK303', 'SH11', 'ST1064', 'S2'),
('TK304', 'SH11', 'ST1138', 'S2'),
('TK305', 'SH11', 'ST1193', 'S2'),
('TK306', 'SH11', 'ST1057', 'S2'),
('TK307', 'SH11', 'ST1108', 'S2'),
('TK308', 'SH11', 'ST1153', 'S2'),
('TK309', 'SH11', 'ST1014', 'S2'),
('TK31', 'SH10', 'ST65', 'S2'),
('TK310', 'SH11', 'ST1172', 'S2'),
('TK311', 'SH11', 'ST1091', 'S2'),
('TK312', 'SH11', 'ST1035', 'S2'),
('TK313', 'SH11', 'ST1026', 'S2'),
('TK314', 'SH11', 'ST1156', 'S2'),
('TK315', 'SH11', 'ST1006', 'S2'),
('TK316', 'SH11', 'ST1070', 'S2'),
('TK317', 'SH11', 'ST1130', 'S2'),
('TK318', 'SH11', 'ST1174', 'S2'),
('TK319', 'SH11', 'ST1009', 'S2'),
('TK32', 'SH10', 'ST132', 'S2'),
('TK320', 'SH11', 'ST1020', 'S2'),
('TK321', 'SH11', 'ST1202', 'S2'),
('TK322', 'SH11', 'ST1132', 'S2'),
('TK323', 'SH11', 'ST1084', 'S2'),
('TK324', 'SH11', 'ST1038', 'S2'),
('TK325', 'SH11', 'ST1107', 'S2'),
('TK326', 'SH11', 'ST1116', 'S2'),
('TK327', 'SH11', 'ST1185', 'S2'),
('TK328', 'SH11', 'ST1153', 'S2'),
('TK329', 'SH11', 'ST1136', 'S2'),
('TK33', 'SH10', 'ST113', 'S2'),
('TK330', 'SH11', 'ST1061', 'S2'),
('TK331', 'SH11', 'ST1073', 'S2'),
('TK332', 'SH11', 'ST1172', 'S2'),
('TK333', 'SH11', 'ST1154', 'S2'),
('TK334', 'SH11', 'ST1215', 'S2'),
('TK335', 'SH11', 'ST1005', 'S2'),
('TK336', 'SH11', 'ST1217', 'S2'),
('TK337', 'SH11', 'ST1064', 'S2'),
('TK338', 'SH11', 'ST1168', 'S2'),
('TK339', 'SH11', 'ST1018', 'S2'),
('TK34', 'SH10', 'ST103', 'S2'),
('TK340', 'SH11', 'ST1169', 'S2'),
('TK341', 'SH11', 'ST1145', 'S2'),
('TK342', 'SH11', 'ST1008', 'S2'),
('TK343', 'SH11', 'ST1159', 'S2'),
('TK344', 'SH11', 'ST1121', 'S2'),
('TK345', 'SH11', 'ST1124', 'S2'),
('TK346', 'SH11', 'ST1054', 'S2'),
('TK347', 'SH11', 'ST1191', 'S2'),
('TK348', 'SH11', 'ST1017', 'S2'),
('TK349', 'SH11', 'ST1165', 'S2'),
('TK35', 'SH10', 'ST2', 'S2'),
('TK350', 'SH11', 'ST1140', 'S2'),
('TK351', 'SH110', 'ST1328', 'S2'),
('TK352', 'SH110', 'ST1351', 'S2'),
('TK353', 'SH110', 'ST1347', 'S2'),
('TK354', 'SH110', 'ST1251', 'S2'),
('TK355', 'SH110', 'ST1270', 'S2'),
('TK356', 'SH110', 'ST1233', 'S2'),
('TK357', 'SH110', 'ST1298', 'S2'),
('TK358', 'SH110', 'ST1221', 'S2'),
('TK359', 'SH110', 'ST1316', 'S2'),
('TK36', 'SH10', 'ST70', 'S2'),
('TK360', 'SH110', 'ST1343', 'S2'),
('TK361', 'SH110', 'ST1241', 'S2'),
('TK362', 'SH110', 'ST1229', 'S2'),
('TK363', 'SH110', 'ST1319', 'S2'),
('TK364', 'SH110', 'ST1304', 'S2'),
('TK365', 'SH110', 'ST1330', 'S2'),
('TK366', 'SH110', 'ST1247', 'S2'),
('TK367', 'SH110', 'ST1354', 'S2'),
('TK368', 'SH110', 'ST1240', 'S2'),
('TK369', 'SH110', 'ST1284', 'S2'),
('TK37', 'SH10', 'ST100', 'S2'),
('TK370', 'SH110', 'ST1348', 'S2'),
('TK371', 'SH110', 'ST1309', 'S2'),
('TK372', 'SH110', 'ST1270', 'S2'),
('TK373', 'SH110', 'ST1257', 'S2'),
('TK374', 'SH110', 'ST1273', 'S2'),
('TK375', 'SH110', 'ST1308', 'S2'),
('TK376', 'SH110', 'ST1342', 'S2'),
('TK377', 'SH110', 'ST1281', 'S2'),
('TK378', 'SH110', 'ST1329', 'S2'),
('TK379', 'SH110', 'ST1259', 'S2'),
('TK38', 'SH10', 'ST68', 'S2'),
('TK380', 'SH110', 'ST1280', 'S2'),
('TK381', 'SH110', 'ST1264', 'S2'),
('TK382', 'SH110', 'ST1300', 'S2'),
('TK383', 'SH110', 'ST1332', 'S2'),
('TK384', 'SH110', 'ST1324', 'S2'),
('TK385', 'SH110', 'ST1257', 'S2'),
('TK386', 'SH110', 'ST1224', 'S2'),
('TK387', 'SH110', 'ST1221', 'S2'),
('TK388', 'SH110', 'ST1240', 'S2'),
('TK389', 'SH110', 'ST1241', 'S2'),
('TK39', 'SH10', 'ST26', 'S2'),
('TK390', 'SH110', 'ST1297', 'S2'),
('TK391', 'SH110', 'ST1313', 'S2'),
('TK392', 'SH110', 'ST1271', 'S2'),
('TK393', 'SH110', 'ST1308', 'S2'),
('TK394', 'SH110', 'ST1236', 'S2'),
('TK395', 'SH110', 'ST1344', 'S2'),
('TK396', 'SH110', 'ST1294', 'S2'),
('TK397', 'SH110', 'ST1280', 'S2'),
('TK398', 'SH110', 'ST1273', 'S2'),
('TK399', 'SH110', 'ST1284', 'S2'),
('TK4', 'SH10', 'ST48', 'S2'),
('TK40', 'SH10', 'ST17', 'S2'),
('TK400', 'SH110', 'ST1228', 'S2'),
('TK401', 'SH111', 'ST1494', 'S2'),
('TK402', 'SH111', 'ST1537', 'S2'),
('TK403', 'SH111', 'ST1385', 'S2'),
('TK404', 'SH111', 'ST1390', 'S2'),
('TK405', 'SH111', 'ST1367', 'S2'),
('TK406', 'SH111', 'ST1480', 'S2'),
('TK407', 'SH111', 'ST1442', 'S2'),
('TK408', 'SH111', 'ST1412', 'S2'),
('TK409', 'SH111', 'ST1480', 'S2'),
('TK41', 'SH10', 'ST27', 'S2'),
('TK410', 'SH111', 'ST1452', 'S2'),
('TK411', 'SH111', 'ST1521', 'S2'),
('TK412', 'SH111', 'ST1501', 'S2'),
('TK413', 'SH111', 'ST1478', 'S2'),
('TK414', 'SH111', 'ST1361', 'S2'),
('TK415', 'SH111', 'ST1417', 'S2'),
('TK416', 'SH111', 'ST1550', 'S2'),
('TK417', 'SH111', 'ST1489', 'S2'),
('TK418', 'SH111', 'ST1535', 'S2'),
('TK419', 'SH111', 'ST1550', 'S2'),
('TK42', 'SH10', 'ST138', 'S2'),
('TK420', 'SH111', 'ST1389', 'S2'),
('TK421', 'SH111', 'ST1460', 'S2'),
('TK422', 'SH111', 'ST1360', 'S2'),
('TK423', 'SH111', 'ST1479', 'S2'),
('TK424', 'SH111', 'ST1364', 'S2'),
('TK425', 'SH111', 'ST1422', 'S2'),
('TK426', 'SH111', 'ST1384', 'S2'),
('TK427', 'SH111', 'ST1507', 'S2'),
('TK428', 'SH111', 'ST1555', 'S2'),
('TK429', 'SH111', 'ST1369', 'S2'),
('TK43', 'SH10', 'ST107', 'S2'),
('TK430', 'SH111', 'ST1526', 'S2'),
('TK431', 'SH111', 'ST1386', 'S2'),
('TK432', 'SH111', 'ST1532', 'S2'),
('TK433', 'SH111', 'ST1363', 'S2'),
('TK434', 'SH111', 'ST1541', 'S2'),
('TK435', 'SH111', 'ST1514', 'S2'),
('TK436', 'SH111', 'ST1558', 'S2'),
('TK437', 'SH111', 'ST1535', 'S2'),
('TK438', 'SH111', 'ST1546', 'S2'),
('TK439', 'SH111', 'ST1393', 'S2'),
('TK44', 'SH10', 'ST120', 'S2'),
('TK440', 'SH111', 'ST1516', 'S2'),
('TK441', 'SH111', 'ST1518', 'S2'),
('TK442', 'SH111', 'ST1435', 'S2'),
('TK443', 'SH111', 'ST1508', 'S2'),
('TK444', 'SH111', 'ST1475', 'S2'),
('TK445', 'SH111', 'ST1562', 'S2'),
('TK446', 'SH111', 'ST1528', 'S2'),
('TK447', 'SH111', 'ST1377', 'S2'),
('TK448', 'SH111', 'ST1364', 'S2'),
('TK449', 'SH111', 'ST1550', 'S2'),
('TK45', 'SH10', 'ST51', 'S2'),
('TK450', 'SH111', 'ST1517', 'S2'),
('TK451', 'SH112', 'ST1708', 'S2'),
('TK452', 'SH112', 'ST1709', 'S2'),
('TK454', 'SH112', 'ST1664', 'S2'),
('TK455', 'SH112', 'ST1819', 'S2'),
('TK456', 'SH112', 'ST1747', 'S2'),
('TK457', 'SH112', 'ST1732', 'S2'),
('TK459', 'SH112', 'ST1633', 'S2'),
('TK46', 'SH10', 'ST112', 'S2'),
('TK460', 'SH112', 'ST1775', 'S2'),
('TK461', 'SH112', 'ST1609', 'S2'),
('TK462', 'SH112', 'ST1647', 'S2'),
('TK464', 'SH112', 'ST1821', 'S2'),
('TK466', 'SH112', 'ST1657', 'S2'),
('TK467', 'SH112', 'ST1748', 'S2'),
('TK468', 'SH112', 'ST1743', 'S2'),
('TK469', 'SH112', 'ST1751', 'S2'),
('TK47', 'SH10', 'ST90', 'S2'),
('TK470', 'SH112', 'ST1791', 'S2'),
('TK472', 'SH112', 'ST1633', 'S2'),
('TK473', 'SH112', 'ST1608', 'S2'),
('TK475', 'SH112', 'ST1785', 'S2'),
('TK476', 'SH112', 'ST1652', 'S2'),
('TK477', 'SH112', 'ST1797', 'S2'),
('TK478', 'SH112', 'ST1699', 'S2'),
('TK479', 'SH112', 'ST1639', 'S2'),
('TK48', 'SH10', 'ST124', 'S2'),
('TK480', 'SH112', 'ST1599', 'S2'),
('TK482', 'SH112', 'ST1725', 'S2'),
('TK483', 'SH112', 'ST1780', 'S2'),
('TK484', 'SH112', 'ST1659', 'S2'),
('TK485', 'SH112', 'ST1663', 'S2'),
('TK486', 'SH112', 'ST1709', 'S2'),
('TK487', 'SH112', 'ST1684', 'S2'),
('TK489', 'SH112', 'ST1761', 'S2'),
('TK49', 'SH10', 'ST87', 'S2'),
('TK490', 'SH112', 'ST1838', 'S2'),
('TK491', 'SH112', 'ST1654', 'S2'),
('TK492', 'SH112', 'ST1724', 'S2'),
('TK493', 'SH112', 'ST1652', 'S2'),
('TK494', 'SH112', 'ST1590', 'S2'),
('TK495', 'SH112', 'ST1731', 'S2'),
('TK496', 'SH112', 'ST1601', 'S2'),
('TK498', 'SH112', 'ST1657', 'S2'),
('TK499', 'SH112', 'ST1756', 'S2'),
('TK5', 'SH10', 'ST20', 'S2'),
('TK50', 'SH10', 'ST25', 'S2'),
('TK500', 'SH112', 'ST1796', 'S2'),
('TK51', 'SH105', 'ST164', 'S2'),
('TK52', 'SH105', 'ST193', 'S2'),
('TK53', 'SH105', 'ST183', 'S2'),
('TK54', 'SH105', 'ST193', 'S2'),
('TK55', 'SH105', 'ST196', 'S2'),
('TK56', 'SH105', 'ST141', 'S2'),
('TK57', 'SH105', 'ST153', 'S2'),
('TK58', 'SH105', 'ST160', 'S2'),
('TK59', 'SH105', 'ST153', 'S2'),
('TK5951', 'SH225', 'ST198', 'S2'),
('TK5952', 'SH225', 'ST144', 'S2'),
('TK5953', 'SH225', 'ST179', 'S2'),
('TK5954', 'SH225', 'ST174', 'S2'),
('TK5955', 'SH225', 'ST154', 'S2'),
('TK5956', 'SH225', 'ST143', 'S2'),
('TK5957', 'SH225', 'ST171', 'S2'),
('TK5958', 'SH225', 'ST185', 'S2'),
('TK5959', 'SH225', 'ST145', 'S2'),
('TK5960', 'SH225', 'ST171', 'S2'),
('TK5961', 'SH225', 'ST180', 'S2'),
('TK5962', 'SH225', 'ST180', 'S2'),
('TK5963', 'SH225', 'ST160', 'S2'),
('TK5964', 'SH225', 'ST145', 'S2'),
('TK5965', 'SH225', 'ST141', 'S2'),
('TK5966', 'SH225', 'ST161', 'S2'),
('TK5967', 'SH225', 'ST143', 'S2'),
('TK5968', 'SH225', 'ST195', 'S2'),
('TK5969', 'SH225', 'ST151', 'S2'),
('TK5970', 'SH225', 'ST195', 'S2'),
('TK5971', 'SH225', 'ST187', 'S2'),
('TK5972', 'SH225', 'ST167', 'S2'),
('TK5973', 'SH225', 'ST147', 'S2'),
('TK5974', 'SH225', 'ST189', 'S2'),
('TK5975', 'SH225', 'ST195', 'S2'),
('TK5976', 'SH225', 'ST195', 'S2'),
('TK5977', 'SH225', 'ST161', 'S2'),
('TK5978', 'SH225', 'ST198', 'S2'),
('TK5979', 'SH225', 'ST180', 'S2'),
('TK5980', 'SH225', 'ST172', 'S2'),
('TK5981', 'SH225', 'ST177', 'S2'),
('TK5982', 'SH225', 'ST191', 'S2'),
('TK5983', 'SH225', 'ST181', 'S2'),
('TK5984', 'SH225', 'ST169', 'S2'),
('TK5985', 'SH225', 'ST169', 'S2'),
('TK5986', 'SH225', 'ST193', 'S2'),
('TK5987', 'SH225', 'ST175', 'S2'),
('TK5988', 'SH225', 'ST142', 'S2'),
('TK5989', 'SH225', 'ST171', 'S2'),
('TK5990', 'SH225', 'ST185', 'S2'),
('TK5991', 'SH225', 'ST169', 'S2'),
('TK5992', 'SH225', 'ST175', 'S2'),
('TK5993', 'SH225', 'ST176', 'S2'),
('TK5994', 'SH225', 'ST175', 'S2'),
('TK5995', 'SH225', 'ST140', 'S2'),
('TK5996', 'SH225', 'ST179', 'S2'),
('TK5997', 'SH225', 'ST177', 'S2'),
('TK5998', 'SH225', 'ST180', 'S2'),
('TK5999', 'SH225', 'ST161', 'S2'),
('TK6', 'SH10', 'ST126', 'S2'),
('TK60', 'SH105', 'ST175', 'S2'),
('TK6000', 'SH225', 'ST176', 'S2'),
('TK6001', 'SH226', 'ST317', 'S2'),
('TK6002', 'SH226', 'ST309', 'S2'),
('TK6003', 'SH226', 'ST235', 'S2'),
('TK6004', 'SH226', 'ST295', 'S2'),
('TK6005', 'SH226', 'ST287', 'S2'),
('TK6006', 'SH226', 'ST301', 'S2'),
('TK6007', 'SH226', 'ST200', 'S2'),
('TK6008', 'SH226', 'ST244', 'S2'),
('TK6009', 'SH226', 'ST279', 'S2'),
('TK6010', 'SH226', 'ST250', 'S2'),
('TK6011', 'SH226', 'ST220', 'S2'),
('TK6012', 'SH226', 'ST245', 'S2'),
('TK6013', 'SH226', 'ST242', 'S2'),
('TK6014', 'SH226', 'ST236', 'S2'),
('TK6015', 'SH226', 'ST241', 'S2'),
('TK6016', 'SH226', 'ST230', 'S2'),
('TK6017', 'SH226', 'ST324', 'S2'),
('TK6018', 'SH226', 'ST268', 'S2'),
('TK6019', 'SH226', 'ST292', 'S2'),
('TK6020', 'SH226', 'ST253', 'S2'),
('TK6021', 'SH226', 'ST289', 'S2'),
('TK6022', 'SH226', 'ST310', 'S2'),
('TK6023', 'SH226', 'ST237', 'S2'),
('TK6024', 'SH226', 'ST221', 'S2'),
('TK6025', 'SH226', 'ST204', 'S2'),
('TK6026', 'SH226', 'ST334', 'S2'),
('TK6027', 'SH226', 'ST282', 'S2'),
('TK6028', 'SH226', 'ST305', 'S2'),
('TK6029', 'SH226', 'ST235', 'S2'),
('TK6030', 'SH226', 'ST279', 'S2'),
('TK6031', 'SH226', 'ST283', 'S2'),
('TK6032', 'SH226', 'ST251', 'S2'),
('TK6033', 'SH226', 'ST288', 'S2'),
('TK6034', 'SH226', 'ST248', 'S2'),
('TK6035', 'SH226', 'ST286', 'S2'),
('TK6036', 'SH226', 'ST206', 'S2'),
('TK6037', 'SH226', 'ST321', 'S2'),
('TK6038', 'SH226', 'ST270', 'S2'),
('TK6039', 'SH226', 'ST311', 'S2'),
('TK6040', 'SH226', 'ST261', 'S2'),
('TK6041', 'SH226', 'ST289', 'S2'),
('TK6042', 'SH226', 'ST209', 'S2'),
('TK6043', 'SH226', 'ST252', 'S2'),
('TK6044', 'SH226', 'ST317', 'S2'),
('TK6045', 'SH226', 'ST201', 'S2'),
('TK6046', 'SH226', 'ST236', 'S2'),
('TK6047', 'SH226', 'ST285', 'S2'),
('TK6048', 'SH226', 'ST323', 'S2'),
('TK6049', 'SH226', 'ST233', 'S2'),
('TK6050', 'SH226', 'ST237', 'S2'),
('TK6051', 'SH227', 'ST418', 'S2'),
('TK6052', 'SH227', 'ST377', 'S2'),
('TK6053', 'SH227', 'ST354', 'S2'),
('TK6054', 'SH227', 'ST474', 'S2'),
('TK6055', 'SH227', 'ST476', 'S2'),
('TK6056', 'SH227', 'ST457', 'S2'),
('TK6057', 'SH227', 'ST353', 'S2'),
('TK6058', 'SH227', 'ST403', 'S2'),
('TK6059', 'SH227', 'ST530', 'S2'),
('TK6060', 'SH227', 'ST360', 'S2'),
('TK6061', 'SH227', 'ST340', 'S2'),
('TK6062', 'SH227', 'ST376', 'S2'),
('TK6063', 'SH227', 'ST394', 'S2'),
('TK6064', 'SH227', 'ST397', 'S2'),
('TK6065', 'SH227', 'ST485', 'S2'),
('TK6066', 'SH227', 'ST396', 'S2'),
('TK6067', 'SH227', 'ST501', 'S2'),
('TK6068', 'SH227', 'ST426', 'S2'),
('TK6069', 'SH227', 'ST402', 'S2'),
('TK6070', 'SH227', 'ST403', 'S2'),
('TK6071', 'SH227', 'ST523', 'S2'),
('TK6072', 'SH227', 'ST462', 'S2'),
('TK6073', 'SH227', 'ST365', 'S2'),
('TK6074', 'SH227', 'ST486', 'S2'),
('TK6075', 'SH227', 'ST427', 'S2'),
('TK6076', 'SH227', 'ST362', 'S2'),
('TK6077', 'SH227', 'ST475', 'S2'),
('TK6078', 'SH227', 'ST502', 'S2'),
('TK6079', 'SH227', 'ST463', 'S2'),
('TK6080', 'SH227', 'ST378', 'S2'),
('TK6081', 'SH227', 'ST458', 'S2'),
('TK6082', 'SH227', 'ST510', 'S2'),
('TK6083', 'SH227', 'ST446', 'S2'),
('TK6084', 'SH227', 'ST339', 'S2'),
('TK6085', 'SH227', 'ST386', 'S2'),
('TK6086', 'SH227', 'ST442', 'S2'),
('TK6087', 'SH227', 'ST425', 'S2'),
('TK6088', 'SH227', 'ST388', 'S2'),
('TK6089', 'SH227', 'ST460', 'S2'),
('TK6090', 'SH227', 'ST548', 'S2'),
('TK6091', 'SH227', 'ST465', 'S2'),
('TK6092', 'SH227', 'ST437', 'S2'),
('TK6093', 'SH227', 'ST545', 'S2'),
('TK6094', 'SH227', 'ST343', 'S2'),
('TK6095', 'SH227', 'ST466', 'S2'),
('TK6096', 'SH227', 'ST426', 'S2'),
('TK6097', 'SH227', 'ST543', 'S2'),
('TK6098', 'SH227', 'ST373', 'S2'),
('TK6099', 'SH227', 'ST370', 'S2'),
('TK61', 'SH105', 'ST196', 'S2'),
('TK6100', 'SH227', 'ST419', 'S2'),
('TK6101', 'SH228', 'ST940', 'S2'),
('TK6102', 'SH228', 'ST683', 'S2'),
('TK6103', 'SH228', 'ST811', 'S2'),
('TK6104', 'SH228', 'ST700', 'S2'),
('TK6105', 'SH228', 'ST898', 'S2'),
('TK6106', 'SH228', 'ST937', 'S2'),
('TK6107', 'SH228', 'ST678', 'S2'),
('TK6108', 'SH228', 'ST837', 'S2'),
('TK6109', 'SH228', 'ST685', 'S2'),
('TK6110', 'SH228', 'ST899', 'S2'),
('TK6111', 'SH228', 'ST585', 'S2'),
('TK6112', 'SH228', 'ST630', 'S2'),
('TK6113', 'SH228', 'ST772', 'S2'),
('TK6114', 'SH228', 'ST738', 'S2'),
('TK6115', 'SH228', 'ST649', 'S2'),
('TK6116', 'SH228', 'ST862', 'S2'),
('TK6117', 'SH228', 'ST930', 'S2'),
('TK6118', 'SH228', 'ST653', 'S2'),
('TK6119', 'SH228', 'ST733', 'S2'),
('TK6120', 'SH228', 'ST558', 'S2'),
('TK6121', 'SH228', 'ST643', 'S2'),
('TK6122', 'SH228', 'ST751', 'S2'),
('TK6123', 'SH228', 'ST775', 'S2'),
('TK6124', 'SH228', 'ST686', 'S2'),
('TK6125', 'SH228', 'ST683', 'S2'),
('TK6126', 'SH228', 'ST878', 'S2'),
('TK6127', 'SH228', 'ST809', 'S2'),
('TK6128', 'SH228', 'ST566', 'S2'),
('TK6129', 'SH228', 'ST685', 'S2'),
('TK6130', 'SH228', 'ST669', 'S2'),
('TK6131', 'SH228', 'ST828', 'S2'),
('TK6132', 'SH228', 'ST789', 'S2'),
('TK6133', 'SH228', 'ST669', 'S2'),
('TK6134', 'SH228', 'ST931', 'S2'),
('TK6135', 'SH228', 'ST590', 'S2'),
('TK6136', 'SH228', 'ST842', 'S2'),
('TK6137', 'SH228', 'ST749', 'S2'),
('TK6138', 'SH228', 'ST860', 'S2'),
('TK6139', 'SH228', 'ST880', 'S2'),
('TK6140', 'SH228', 'ST732', 'S2'),
('TK6141', 'SH228', 'ST573', 'S2'),
('TK6142', 'SH228', 'ST727', 'S2'),
('TK6143', 'SH228', 'ST941', 'S2'),
('TK6144', 'SH228', 'ST812', 'S2'),
('TK6145', 'SH228', 'ST818', 'S2'),
('TK6146', 'SH228', 'ST704', 'S2'),
('TK6147', 'SH228', 'ST581', 'S2'),
('TK6148', 'SH228', 'ST603', 'S2'),
('TK6149', 'SH228', 'ST903', 'S2'),
('TK6150', 'SH228', 'ST563', 'S2'),
('TK6151', 'SH229', 'ST997', 'S2'),
('TK6152', 'SH229', 'ST960', 'S2'),
('TK6153', 'SH229', 'ST983', 'S2'),
('TK6154', 'SH229', 'ST945', 'S2'),
('TK6155', 'SH229', 'ST956', 'S2'),
('TK6156', 'SH229', 'ST972', 'S2'),
('TK6157', 'SH229', 'ST981', 'S2'),
('TK6158', 'SH229', 'ST967', 'S2'),
('TK6159', 'SH229', 'ST959', 'S2'),
('TK6160', 'SH229', 'ST962', 'S2'),
('TK6161', 'SH229', 'ST954', 'S2'),
('TK6162', 'SH229', 'ST990', 'S2'),
('TK6163', 'SH229', 'ST958', 'S2'),
('TK6164', 'SH229', 'ST963', 'S2'),
('TK6165', 'SH229', 'ST967', 'S2'),
('TK6166', 'SH229', 'ST985', 'S2'),
('TK6167', 'SH229', 'ST995', 'S2'),
('TK6168', 'SH229', 'ST958', 'S2'),
('TK6169', 'SH229', 'ST975', 'S2'),
('TK6170', 'SH229', 'ST978', 'S2'),
('TK6171', 'SH229', 'ST955', 'S2'),
('TK6172', 'SH229', 'ST983', 'S2'),
('TK6173', 'SH229', 'ST955', 'S2'),
('TK6174', 'SH229', 'ST967', 'S2'),
('TK6175', 'SH229', 'ST977', 'S2'),
('TK6176', 'SH229', 'ST971', 'S2'),
('TK6177', 'SH229', 'ST984', 'S2'),
('TK6178', 'SH229', 'ST968', 'S2'),
('TK6179', 'SH229', 'ST949', 'S2'),
('TK6180', 'SH229', 'ST977', 'S2'),
('TK6181', 'SH229', 'ST974', 'S2'),
('TK6182', 'SH229', 'ST985', 'S2'),
('TK6183', 'SH229', 'ST988', 'S2'),
('TK6184', 'SH229', 'ST982', 'S2'),
('TK6185', 'SH229', 'ST974', 'S2'),
('TK6186', 'SH229', 'ST1001', 'S2'),
('TK6187', 'SH229', 'ST944', 'S2'),
('TK6188', 'SH229', 'ST951', 'S2'),
('TK6189', 'SH229', 'ST996', 'S2'),
('TK6190', 'SH229', 'ST976', 'S2'),
('TK6191', 'SH229', 'ST991', 'S2'),
('TK6192', 'SH229', 'ST944', 'S2'),
('TK6193', 'SH229', 'ST961', 'S2'),
('TK6194', 'SH229', 'ST983', 'S2'),
('TK6195', 'SH229', 'ST948', 'S2'),
('TK6196', 'SH229', 'ST992', 'S2'),
('TK6197', 'SH229', 'ST952', 'S2'),
('TK6198', 'SH229', 'ST981', 'S2'),
('TK6199', 'SH229', 'ST953', 'S2'),
('TK62', 'SH105', 'ST140', 'S2'),
('TK6200', 'SH229', 'ST978', 'S2'),
('TK6251', 'SH230', 'ST1269', 'S2'),
('TK6252', 'SH230', 'ST1353', 'S2'),
('TK6253', 'SH230', 'ST1329', 'S2'),
('TK6254', 'SH230', 'ST1273', 'S2'),
('TK6255', 'SH230', 'ST1224', 'S2'),
('TK6256', 'SH230', 'ST1272', 'S2'),
('TK6257', 'SH230', 'ST1287', 'S2'),
('TK6258', 'SH230', 'ST1285', 'S2'),
('TK6259', 'SH230', 'ST1319', 'S2'),
('TK6260', 'SH230', 'ST1312', 'S2'),
('TK6261', 'SH230', 'ST1329', 'S2'),
('TK6262', 'SH230', 'ST1274', 'S2'),
('TK6263', 'SH230', 'ST1309', 'S2'),
('TK6264', 'SH230', 'ST1352', 'S2'),
('TK6265', 'SH230', 'ST1340', 'S2'),
('TK6266', 'SH230', 'ST1245', 'S2'),
('TK6267', 'SH230', 'ST1244', 'S2'),
('TK6268', 'SH230', 'ST1338', 'S2'),
('TK6269', 'SH230', 'ST1246', 'S2'),
('TK6270', 'SH230', 'ST1282', 'S2'),
('TK6271', 'SH230', 'ST1280', 'S2'),
('TK6272', 'SH230', 'ST1290', 'S2'),
('TK6273', 'SH230', 'ST1307', 'S2'),
('TK6274', 'SH230', 'ST1246', 'S2'),
('TK6275', 'SH230', 'ST1321', 'S2'),
('TK6276', 'SH230', 'ST1328', 'S2'),
('TK6277', 'SH230', 'ST1249', 'S2'),
('TK6278', 'SH230', 'ST1259', 'S2'),
('TK6279', 'SH230', 'ST1253', 'S2'),
('TK6280', 'SH230', 'ST1306', 'S2'),
('TK6281', 'SH230', 'ST1291', 'S2'),
('TK6282', 'SH230', 'ST1339', 'S2'),
('TK6283', 'SH230', 'ST1228', 'S2'),
('TK6284', 'SH230', 'ST1269', 'S2'),
('TK6285', 'SH230', 'ST1246', 'S2'),
('TK6286', 'SH230', 'ST1308', 'S2'),
('TK6287', 'SH230', 'ST1276', 'S2'),
('TK6288', 'SH230', 'ST1331', 'S2'),
('TK6289', 'SH230', 'ST1340', 'S2'),
('TK6290', 'SH230', 'ST1259', 'S2'),
('TK6291', 'SH230', 'ST1280', 'S2'),
('TK6292', 'SH230', 'ST1283', 'S2'),
('TK6293', 'SH230', 'ST1286', 'S2'),
('TK6294', 'SH230', 'ST1341', 'S2'),
('TK6295', 'SH230', 'ST1265', 'S2'),
('TK6296', 'SH230', 'ST1243', 'S2'),
('TK6297', 'SH230', 'ST1307', 'S2'),
('TK6298', 'SH230', 'ST1322', 'S2'),
('TK6299', 'SH230', 'ST1300', 'S2'),
('TK63', 'SH105', 'ST194', 'S2'),
('TK6300', 'SH230', 'ST1332', 'S2'),
('TK6301', 'SH231', 'ST1490', 'S2'),
('TK6302', 'SH231', 'ST1468', 'S2'),
('TK6303', 'SH231', 'ST1498', 'S2'),
('TK6304', 'SH231', 'ST1571', 'S2'),
('TK6305', 'SH231', 'ST1575', 'S2'),
('TK6306', 'SH231', 'ST1520', 'S2'),
('TK6307', 'SH231', 'ST1474', 'S2'),
('TK6308', 'SH231', 'ST1549', 'S2'),
('TK6309', 'SH231', 'ST1511', 'S2'),
('TK6310', 'SH231', 'ST1450', 'S2'),
('TK6311', 'SH231', 'ST1378', 'S2'),
('TK6312', 'SH231', 'ST1515', 'S2'),
('TK6313', 'SH231', 'ST1508', 'S2'),
('TK6314', 'SH231', 'ST1461', 'S2'),
('TK6315', 'SH231', 'ST1545', 'S2'),
('TK6316', 'SH231', 'ST1545', 'S2'),
('TK6317', 'SH231', 'ST1421', 'S2'),
('TK6318', 'SH231', 'ST1483', 'S2'),
('TK6319', 'SH231', 'ST1438', 'S2'),
('TK6320', 'SH231', 'ST1368', 'S2'),
('TK6321', 'SH231', 'ST1406', 'S2'),
('TK6322', 'SH231', 'ST1513', 'S2'),
('TK6323', 'SH231', 'ST1410', 'S2'),
('TK6324', 'SH231', 'ST1416', 'S2'),
('TK6325', 'SH231', 'ST1467', 'S2'),
('TK6326', 'SH231', 'ST1416', 'S2'),
('TK6327', 'SH231', 'ST1501', 'S2'),
('TK6328', 'SH231', 'ST1389', 'S2'),
('TK6329', 'SH231', 'ST1420', 'S2'),
('TK6330', 'SH231', 'ST1465', 'S2'),
('TK6331', 'SH231', 'ST1377', 'S2'),
('TK6332', 'SH231', 'ST1449', 'S2'),
('TK6333', 'SH231', 'ST1494', 'S2'),
('TK6334', 'SH231', 'ST1561', 'S2'),
('TK6335', 'SH231', 'ST1360', 'S2'),
('TK6336', 'SH231', 'ST1545', 'S2'),
('TK6337', 'SH231', 'ST1392', 'S2'),
('TK6338', 'SH231', 'ST1565', 'S2'),
('TK6339', 'SH231', 'ST1516', 'S2'),
('TK6340', 'SH231', 'ST1546', 'S2'),
('TK6341', 'SH231', 'ST1395', 'S2'),
('TK6342', 'SH231', 'ST1407', 'S2'),
('TK6343', 'SH231', 'ST1503', 'S2'),
('TK6344', 'SH231', 'ST1362', 'S2'),
('TK6345', 'SH231', 'ST1561', 'S2'),
('TK6346', 'SH231', 'ST1552', 'S2'),
('TK6347', 'SH231', 'ST1404', 'S2'),
('TK6348', 'SH231', 'ST1552', 'S2'),
('TK6349', 'SH231', 'ST1571', 'S2'),
('TK6350', 'SH231', 'ST1555', 'S2'),
('TK6351', 'SH232', 'ST1730', 'S2'),
('TK6352', 'SH232', 'ST1588', 'S2'),
('TK6353', 'SH232', 'ST1784', 'S2'),
('TK6354', 'SH232', 'ST1656', 'S2'),
('TK6355', 'SH232', 'ST1631', 'S2'),
('TK6356', 'SH232', 'ST1637', 'S2'),
('TK6362', 'SH232', 'ST1736', 'S2'),
('TK6363', 'SH232', 'ST1836', 'S2'),
('TK6365', 'SH232', 'ST1860', 'S2'),
('TK6366', 'SH232', 'ST1764', 'S2'),
('TK6368', 'SH232', 'ST1706', 'S2'),
('TK6369', 'SH232', 'ST1605', 'S2'),
('TK6370', 'SH232', 'ST1842', 'S2'),
('TK6371', 'SH232', 'ST1810', 'S2'),
('TK6372', 'SH232', 'ST1660', 'S2'),
('TK6373', 'SH232', 'ST1730', 'S2'),
('TK6374', 'SH232', 'ST1833', 'S2'),
('TK6375', 'SH232', 'ST1710', 'S2'),
('TK6377', 'SH232', 'ST1657', 'S2'),
('TK6379', 'SH232', 'ST1655', 'S2'),
('TK6380', 'SH232', 'ST1774', 'S2'),
('TK6381', 'SH232', 'ST1636', 'S2'),
('TK6383', 'SH232', 'ST1591', 'S2'),
('TK6384', 'SH232', 'ST1747', 'S2'),
('TK6385', 'SH232', 'ST1653', 'S2'),
('TK6386', 'SH232', 'ST1613', 'S2'),
('TK6388', 'SH232', 'ST1730', 'S2'),
('TK6390', 'SH232', 'ST1800', 'S2'),
('TK6391', 'SH232', 'ST1842', 'S2'),
('TK6392', 'SH232', 'ST1773', 'S2'),
('TK6393', 'SH232', 'ST1622', 'S2'),
('TK6394', 'SH232', 'ST1826', 'S2'),
('TK6395', 'SH232', 'ST1646', 'S2'),
('TK6396', 'SH232', 'ST1680', 'S2'),
('TK6397', 'SH232', 'ST1805', 'S2'),
('TK6399', 'SH232', 'ST1847', 'S2'),
('TK64', 'SH105', 'ST196', 'S2'),
('TK6400', 'SH232', 'ST1794', 'S2'),
('TK65', 'SH105', 'ST172', 'S2'),
('TK66', 'SH105', 'ST191', 'S2'),
('TK67', 'SH105', 'ST145', 'S2'),
('TK68', 'SH105', 'ST147', 'S2'),
('TK69', 'SH105', 'ST152', 'S2'),
('TK6901', 'SH250', 'ST45', 'S2'),
('TK6902', 'SH250', 'ST43', 'S2'),
('TK6903', 'SH250', 'ST45', 'S2'),
('TK6904', 'SH250', 'ST87', 'S2'),
('TK6905', 'SH250', 'ST113', 'S2'),
('TK6906', 'SH250', 'ST102', 'S2'),
('TK6907', 'SH250', 'ST110', 'S2'),
('TK6908', 'SH250', 'ST45', 'S2'),
('TK6909', 'SH250', 'ST41', 'S2'),
('TK6910', 'SH250', 'ST116', 'S2'),
('TK6911', 'SH250', 'ST112', 'S2'),
('TK6912', 'SH250', 'ST133', 'S2'),
('TK6913', 'SH250', 'ST45', 'S2'),
('TK6914', 'SH250', 'ST34', 'S2'),
('TK6915', 'SH250', 'ST64', 'S2'),
('TK6916', 'SH250', 'ST40', 'S2'),
('TK6917', 'SH250', 'ST10', 'S2'),
('TK6918', 'SH250', 'ST52', 'S2'),
('TK6919', 'SH250', 'ST105', 'S2'),
('TK6920', 'SH250', 'ST85', 'S2'),
('TK6921', 'SH250', 'ST65', 'S2'),
('TK6922', 'SH250', 'ST122', 'S2'),
('TK6923', 'SH250', 'ST101', 'S2'),
('TK6924', 'SH250', 'ST136', 'S2'),
('TK6925', 'SH250', 'ST85', 'S2'),
('TK6926', 'SH250', 'ST55', 'S2'),
('TK6927', 'SH250', 'ST115', 'S2'),
('TK6928', 'SH250', 'ST63', 'S2'),
('TK6929', 'SH250', 'ST127', 'S2'),
('TK6930', 'SH250', 'ST38', 'S2'),
('TK6931', 'SH250', 'ST70', 'S2'),
('TK6932', 'SH250', 'ST86', 'S2'),
('TK6933', 'SH250', 'ST45', 'S2'),
('TK6934', 'SH250', 'ST24', 'S2'),
('TK6935', 'SH250', 'ST126', 'S2'),
('TK6936', 'SH250', 'ST48', 'S2'),
('TK6937', 'SH250', 'ST65', 'S2'),
('TK6938', 'SH250', 'ST40', 'S2'),
('TK6939', 'SH250', 'ST92', 'S2'),
('TK6940', 'SH250', 'ST99', 'S2'),
('TK6941', 'SH250', 'ST40', 'S2'),
('TK6942', 'SH250', 'ST7', 'S2'),
('TK6943', 'SH250', 'ST108', 'S2'),
('TK6944', 'SH250', 'ST21', 'S2'),
('TK6945', 'SH250', 'ST76', 'S2'),
('TK6946', 'SH250', 'ST81', 'S2'),
('TK6947', 'SH250', 'ST128', 'S2'),
('TK6948', 'SH250', 'ST29', 'S2'),
('TK6949', 'SH250', 'ST39', 'S2'),
('TK6950', 'SH250', 'ST127', 'S2'),
('TK6951', 'SH251', 'ST1106', 'S2'),
('TK6952', 'SH251', 'ST1068', 'S2'),
('TK6953', 'SH251', 'ST1068', 'S2'),
('TK6954', 'SH251', 'ST1014', 'S2'),
('TK6955', 'SH251', 'ST1177', 'S2'),
('TK6956', 'SH251', 'ST1117', 'S2'),
('TK6957', 'SH251', 'ST1186', 'S2'),
('TK6958', 'SH251', 'ST1005', 'S2'),
('TK6959', 'SH251', 'ST1183', 'S2'),
('TK6960', 'SH251', 'ST1055', 'S2'),
('TK6961', 'SH251', 'ST1077', 'S2'),
('TK6962', 'SH251', 'ST1193', 'S2'),
('TK6963', 'SH251', 'ST1022', 'S2'),
('TK6964', 'SH251', 'ST1038', 'S2'),
('TK6965', 'SH251', 'ST1025', 'S2'),
('TK6966', 'SH251', 'ST1189', 'S2'),
('TK6967', 'SH251', 'ST1144', 'S2'),
('TK6968', 'SH251', 'ST1115', 'S2'),
('TK6969', 'SH251', 'ST1068', 'S2'),
('TK6970', 'SH251', 'ST1072', 'S2'),
('TK6971', 'SH251', 'ST1015', 'S2'),
('TK6972', 'SH251', 'ST1078', 'S2'),
('TK6973', 'SH251', 'ST1163', 'S2'),
('TK6974', 'SH251', 'ST1097', 'S2'),
('TK6975', 'SH251', 'ST1027', 'S2'),
('TK6976', 'SH251', 'ST1137', 'S2'),
('TK6977', 'SH251', 'ST1111', 'S2'),
('TK6978', 'SH251', 'ST1183', 'S2'),
('TK6979', 'SH251', 'ST1028', 'S2'),
('TK6980', 'SH251', 'ST1147', 'S2'),
('TK6981', 'SH251', 'ST1038', 'S2'),
('TK6982', 'SH251', 'ST1039', 'S2'),
('TK6983', 'SH251', 'ST1040', 'S2'),
('TK6984', 'SH251', 'ST1127', 'S2'),
('TK6985', 'SH251', 'ST1155', 'S2'),
('TK6986', 'SH251', 'ST1173', 'S2'),
('TK6987', 'SH251', 'ST1032', 'S2'),
('TK6988', 'SH251', 'ST1017', 'S2'),
('TK6989', 'SH251', 'ST1031', 'S2'),
('TK6990', 'SH251', 'ST1080', 'S2'),
('TK6991', 'SH251', 'ST1213', 'S2'),
('TK6992', 'SH251', 'ST1215', 'S2'),
('TK6993', 'SH251', 'ST1042', 'S2'),
('TK6994', 'SH251', 'ST1172', 'S2'),
('TK6995', 'SH251', 'ST1016', 'S2'),
('TK6996', 'SH251', 'ST1039', 'S2'),
('TK6997', 'SH251', 'ST1056', 'S2'),
('TK6998', 'SH251', 'ST1114', 'S2'),
('TK6999', 'SH251', 'ST1024', 'S2'),
('TK7', 'SH10', 'ST84', 'S2'),
('TK70', 'SH105', 'ST160', 'S2'),
('TK7000', 'SH251', 'ST1017', 'S2'),
('TK71', 'SH105', 'ST149', 'S2'),
('TK72', 'SH105', 'ST153', 'S2'),
('TK73', 'SH105', 'ST147', 'S2'),
('TK74', 'SH105', 'ST149', 'S2'),
('TK75', 'SH105', 'ST188', 'S2'),
('TK76', 'SH105', 'ST146', 'S2'),
('TK77', 'SH105', 'ST174', 'S2'),
('TK78', 'SH105', 'ST182', 'S2'),
('TK79', 'SH105', 'ST156', 'S2'),
('TK8', 'SH10', 'ST5', 'S2'),
('TK80', 'SH105', 'ST189', 'S2'),
('TK81', 'SH105', 'ST181', 'S2'),
('TK82', 'SH105', 'ST161', 'S2'),
('TK83', 'SH105', 'ST160', 'S2'),
('TK84', 'SH105', 'ST160', 'S2'),
('TK85', 'SH105', 'ST142', 'S2'),
('TK86', 'SH105', 'ST151', 'S2'),
('TK87', 'SH105', 'ST148', 'S2'),
('TK88', 'SH105', 'ST189', 'S2'),
('TK89', 'SH105', 'ST146', 'S2'),
('TK9', 'SH10', 'ST11', 'S2'),
('TK90', 'SH105', 'ST198', 'S2'),
('TK91', 'SH105', 'ST184', 'S2'),
('TK92', 'SH105', 'ST187', 'S2'),
('TK93', 'SH105', 'ST155', 'S2'),
('TK94', 'SH105', 'ST175', 'S2'),
('TK95', 'SH105', 'ST173', 'S2'),
('TK9501', 'SH346', 'ST243', 'S2'),
('TK9502', 'SH346', 'ST336', 'S2'),
('TK9503', 'SH346', 'ST323', 'S2'),
('TK9504', 'SH346', 'ST228', 'S2'),
('TK9505', 'SH346', 'ST264', 'S2'),
('TK9506', 'SH346', 'ST228', 'S2'),
('TK9507', 'SH346', 'ST209', 'S2'),
('TK9508', 'SH346', 'ST207', 'S2'),
('TK9509', 'SH346', 'ST287', 'S2'),
('TK9510', 'SH346', 'ST237', 'S2'),
('TK9511', 'SH346', 'ST248', 'S2'),
('TK9512', 'SH346', 'ST212', 'S2'),
('TK9513', 'SH346', 'ST247', 'S2'),
('TK9514', 'SH346', 'ST288', 'S2'),
('TK9515', 'SH346', 'ST253', 'S2'),
('TK9516', 'SH346', 'ST210', 'S2'),
('TK9517', 'SH346', 'ST234', 'S2'),
('TK9518', 'SH346', 'ST321', 'S2'),
('TK9519', 'SH346', 'ST328', 'S2'),
('TK9520', 'SH346', 'ST239', 'S2'),
('TK9521', 'SH346', 'ST322', 'S2'),
('TK9522', 'SH346', 'ST323', 'S2'),
('TK9523', 'SH346', 'ST228', 'S2'),
('TK9524', 'SH346', 'ST299', 'S2'),
('TK9525', 'SH346', 'ST263', 'S2'),
('TK9526', 'SH346', 'ST226', 'S2'),
('TK9527', 'SH346', 'ST286', 'S2'),
('TK9528', 'SH346', 'ST299', 'S2'),
('TK9529', 'SH346', 'ST307', 'S2'),
('TK9530', 'SH346', 'ST313', 'S2'),
('TK9531', 'SH346', 'ST222', 'S2'),
('TK9532', 'SH346', 'ST245', 'S2'),
('TK9533', 'SH346', 'ST323', 'S2'),
('TK9534', 'SH346', 'ST290', 'S2'),
('TK9535', 'SH346', 'ST233', 'S2'),
('TK9536', 'SH346', 'ST203', 'S2'),
('TK9537', 'SH346', 'ST257', 'S2'),
('TK9538', 'SH346', 'ST307', 'S2'),
('TK9539', 'SH346', 'ST211', 'S2'),
('TK9540', 'SH346', 'ST217', 'S2'),
('TK9541', 'SH346', 'ST332', 'S2'),
('TK9542', 'SH346', 'ST224', 'S2'),
('TK9543', 'SH346', 'ST253', 'S2'),
('TK9544', 'SH346', 'ST290', 'S2'),
('TK9545', 'SH346', 'ST335', 'S2'),
('TK9546', 'SH346', 'ST238', 'S2'),
('TK9547', 'SH346', 'ST326', 'S2'),
('TK9548', 'SH346', 'ST260', 'S2'),
('TK9549', 'SH346', 'ST299', 'S2'),
('TK9550', 'SH346', 'ST335', 'S2'),
('TK9551', 'SH349', 'ST997', 'S2'),
('TK9552', 'SH349', 'ST968', 'S2'),
('TK9553', 'SH349', 'ST950', 'S2'),
('TK9554', 'SH349', 'ST944', 'S2'),
('TK9555', 'SH349', 'ST959', 'S2'),
('TK9556', 'SH349', 'ST976', 'S2'),
('TK9557', 'SH349', 'ST992', 'S2'),
('TK9558', 'SH349', 'ST963', 'S2'),
('TK9559', 'SH349', 'ST975', 'S2'),
('TK9560', 'SH349', 'ST982', 'S2'),
('TK9561', 'SH349', 'ST964', 'S2'),
('TK9562', 'SH349', 'ST1003', 'S2'),
('TK9563', 'SH349', 'ST991', 'S2'),
('TK9564', 'SH349', 'ST972', 'S2'),
('TK9565', 'SH349', 'ST979', 'S2'),
('TK9566', 'SH349', 'ST992', 'S2'),
('TK9567', 'SH349', 'ST973', 'S2'),
('TK9568', 'SH349', 'ST986', 'S2'),
('TK9569', 'SH349', 'ST954', 'S2'),
('TK9570', 'SH349', 'ST966', 'S2'),
('TK9571', 'SH349', 'ST957', 'S2'),
('TK9572', 'SH349', 'ST977', 'S2'),
('TK9573', 'SH349', 'ST975', 'S2'),
('TK9574', 'SH349', 'ST948', 'S2'),
('TK9575', 'SH349', 'ST965', 'S2'),
('TK9576', 'SH349', 'ST963', 'S2'),
('TK9577', 'SH349', 'ST972', 'S2'),
('TK9578', 'SH349', 'ST955', 'S2'),
('TK9579', 'SH349', 'ST976', 'S2'),
('TK9580', 'SH349', 'ST973', 'S2'),
('TK9581', 'SH349', 'ST948', 'S2'),
('TK9582', 'SH349', 'ST987', 'S2'),
('TK9583', 'SH349', 'ST968', 'S2'),
('TK9584', 'SH349', 'ST967', 'S2'),
('TK9585', 'SH349', 'ST944', 'S2'),
('TK9586', 'SH349', 'ST945', 'S2'),
('TK9587', 'SH349', 'ST1002', 'S2'),
('TK9588', 'SH349', 'ST982', 'S2'),
('TK9589', 'SH349', 'ST947', 'S2'),
('TK9590', 'SH349', 'ST945', 'S2'),
('TK9591', 'SH349', 'ST984', 'S2'),
('TK9592', 'SH349', 'ST1003', 'S2'),
('TK9593', 'SH349', 'ST970', 'S2'),
('TK9594', 'SH349', 'ST995', 'S2'),
('TK9595', 'SH349', 'ST949', 'S2'),
('TK9596', 'SH349', 'ST951', 'S2'),
('TK9597', 'SH349', 'ST974', 'S2'),
('TK9598', 'SH349', 'ST982', 'S2'),
('TK9599', 'SH349', 'ST967', 'S2'),
('TK96', 'SH105', 'ST194', 'S2'),
('TK9600', 'SH349', 'ST998', 'S2'),
('TK9651', 'SH350', 'ST1252', 'S2'),
('TK9652', 'SH350', 'ST1251', 'S2'),
('TK9653', 'SH350', 'ST1293', 'S2'),
('TK9654', 'SH350', 'ST1280', 'S2'),
('TK9655', 'SH350', 'ST1358', 'S2'),
('TK9656', 'SH350', 'ST1267', 'S2'),
('TK9657', 'SH350', 'ST1251', 'S2'),
('TK9658', 'SH350', 'ST1300', 'S2'),
('TK9659', 'SH350', 'ST1221', 'S2'),
('TK9660', 'SH350', 'ST1278', 'S2'),
('TK9661', 'SH350', 'ST1297', 'S2'),
('TK9662', 'SH350', 'ST1266', 'S2'),
('TK9663', 'SH350', 'ST1342', 'S2'),
('TK9664', 'SH350', 'ST1312', 'S2'),
('TK9665', 'SH350', 'ST1327', 'S2'),
('TK9666', 'SH350', 'ST1278', 'S2'),
('TK9667', 'SH350', 'ST1325', 'S2'),
('TK9668', 'SH350', 'ST1293', 'S2'),
('TK9669', 'SH350', 'ST1286', 'S2'),
('TK9670', 'SH350', 'ST1287', 'S2'),
('TK9671', 'SH350', 'ST1292', 'S2'),
('TK9672', 'SH350', 'ST1222', 'S2'),
('TK9673', 'SH350', 'ST1262', 'S2'),
('TK9674', 'SH350', 'ST1330', 'S2'),
('TK9675', 'SH350', 'ST1243', 'S2'),
('TK9676', 'SH350', 'ST1283', 'S2'),
('TK9677', 'SH350', 'ST1329', 'S2'),
('TK9678', 'SH350', 'ST1271', 'S2'),
('TK9679', 'SH350', 'ST1328', 'S2'),
('TK9680', 'SH350', 'ST1335', 'S2'),
('TK9681', 'SH350', 'ST1358', 'S2'),
('TK9682', 'SH350', 'ST1254', 'S2'),
('TK9683', 'SH350', 'ST1308', 'S2'),
('TK9684', 'SH350', 'ST1275', 'S2'),
('TK9685', 'SH350', 'ST1261', 'S2'),
('TK9686', 'SH350', 'ST1254', 'S2'),
('TK9687', 'SH350', 'ST1236', 'S2'),
('TK9688', 'SH350', 'ST1322', 'S2'),
('TK9689', 'SH350', 'ST1322', 'S2'),
('TK9690', 'SH350', 'ST1318', 'S2'),
('TK9691', 'SH350', 'ST1231', 'S2'),
('TK9692', 'SH350', 'ST1246', 'S2'),
('TK9693', 'SH350', 'ST1302', 'S2'),
('TK9694', 'SH350', 'ST1321', 'S2'),
('TK9695', 'SH350', 'ST1257', 'S2'),
('TK9696', 'SH350', 'ST1323', 'S2'),
('TK9697', 'SH350', 'ST1314', 'S2'),
('TK9698', 'SH350', 'ST1313', 'S2'),
('TK9699', 'SH350', 'ST1333', 'S2'),
('TK97', 'SH105', 'ST162', 'S2'),
('TK9700', 'SH350', 'ST1326', 'S2'),
('TK9701', 'SH352', 'ST1779', 'S2'),
('TK9702', 'SH352', 'ST1807', 'S2'),
('TK9703', 'SH352', 'ST1624', 'S2'),
('TK9704', 'SH352', 'ST1590', 'S2'),
('TK9705', 'SH352', 'ST1594', 'S2'),
('TK9706', 'SH352', 'ST1603', 'S2'),
('TK9710', 'SH352', 'ST1832', 'S2'),
('TK9711', 'SH352', 'ST1668', 'S2'),
('TK9712', 'SH352', 'ST1777', 'S2'),
('TK9714', 'SH352', 'ST1733', 'S2'),
('TK9715', 'SH352', 'ST1587', 'S2'),
('TK9716', 'SH352', 'ST1797', 'S2'),
('TK9717', 'SH352', 'ST1653', 'S2'),
('TK9718', 'SH352', 'ST1743', 'S2'),
('TK9719', 'SH352', 'ST1716', 'S2'),
('TK9722', 'SH352', 'ST1853', 'S2'),
('TK9723', 'SH352', 'ST1626', 'S2'),
('TK9724', 'SH352', 'ST1763', 'S2'),
('TK9725', 'SH352', 'ST1847', 'S2'),
('TK9727', 'SH352', 'ST1818', 'S2'),
('TK9728', 'SH352', 'ST1837', 'S2'),
('TK9730', 'SH352', 'ST1793', 'S2'),
('TK9731', 'SH352', 'ST1760', 'S2'),
('TK9732', 'SH352', 'ST1845', 'S2'),
('TK9733', 'SH352', 'ST1708', 'S2'),
('TK9735', 'SH352', 'ST1834', 'S2'),
('TK9736', 'SH352', 'ST1802', 'S2'),
('TK9737', 'SH352', 'ST1580', 'S2'),
('TK9738', 'SH352', 'ST1759', 'S2'),
('TK9739', 'SH352', 'ST1596', 'S2'),
('TK9740', 'SH352', 'ST1628', 'S2'),
('TK9741', 'SH352', 'ST1587', 'S2'),
('TK9743', 'SH352', 'ST1724', 'S2'),
('TK9744', 'SH352', 'ST1669', 'S2'),
('TK9746', 'SH352', 'ST1649', 'S2'),
('TK9748', 'SH352', 'ST1634', 'S2'),
('TK9749', 'SH352', 'ST1580', 'S2'),
('TK9750', 'SH352', 'ST1747', 'S2'),
('TK98', 'SH105', 'ST145', 'S2'),
('TK99', 'SH105', 'ST187', 'S2');

--
-- Chỉ mục cho các bảng đã đổ
--

--
-- Chỉ mục cho bảng `account`
--
ALTER TABLE `account`
  ADD PRIMARY KEY (`id`),
  ADD UNIQUE KEY `email` (`email`),
  ADD KEY `role_id` (`role_id`);

--
-- Chỉ mục cho bảng `actorof_movie`
--
ALTER TABLE `actorof_movie`
  ADD PRIMARY KEY (`ActorID`),
  ADD KEY `MovieID` (`MovieID`);

--
-- Chỉ mục cho bảng `booking`
--
ALTER TABLE `booking`
  ADD PRIMARY KEY (`BookingID`),
  ADD KEY `customer_id` (`customer_id`);

--
-- Chỉ mục cho bảng `customer`
--
ALTER TABLE `customer`
  ADD PRIMARY KEY (`CustomerID`),
  ADD UNIQUE KEY `Email` (`Email`),
  ADD UNIQUE KEY `account_id` (`account_id`);

--
-- Chỉ mục cho bảng `detailmoviegenre`
--
ALTER TABLE `detailmoviegenre`
  ADD PRIMARY KEY (`MovieID`,`GenreID`),
  ADD KEY `GenreID` (`GenreID`);

--
-- Chỉ mục cho bảng `detailticket`
--
ALTER TABLE `detailticket`
  ADD PRIMARY KEY (`TicketID`,`BookingID`),
  ADD UNIQUE KEY `TicketID_3` (`TicketID`,`BookingID`),
  ADD KEY `BookingID` (`BookingID`),
  ADD KEY `TicketID` (`TicketID`,`BookingID`),
  ADD KEY `TicketID_2` (`TicketID`,`BookingID`);

--
-- Chỉ mục cho bảng `errorreport`
--
ALTER TABLE `errorreport`
  ADD PRIMARY KEY (`ReportID`),
  ADD KEY `CustomerID` (`CustomerID`);

--
-- Chỉ mục cho bảng `format`
--
ALTER TABLE `format`
  ADD PRIMARY KEY (`FormatID`);

--
-- Chỉ mục cho bảng `language`
--
ALTER TABLE `language`
  ADD PRIMARY KEY (`LanguageID`);

--
-- Chỉ mục cho bảng `manager`
--
ALTER TABLE `manager`
  ADD PRIMARY KEY (`ManagerID`),
  ADD UNIQUE KEY `account_id` (`account_id`),
  ADD UNIQUE KEY `Email_2` (`Email`),
  ADD KEY `Email` (`Email`);

--
-- Chỉ mục cho bảng `menu`
--
ALTER TABLE `menu`
  ADD PRIMARY KEY (`ItemID`);

--
-- Chỉ mục cho bảng `menudetail`
--
ALTER TABLE `menudetail`
  ADD PRIMARY KEY (`ItemID`,`BookingID`),
  ADD KEY `BookingID` (`BookingID`);

--
-- Chỉ mục cho bảng `movie`
--
ALTER TABLE `movie`
  ADD PRIMARY KEY (`MovieID`),
  ADD KEY `StudioID` (`StudioID`),
  ADD KEY `LanguageID` (`LanguageID`);

--
-- Chỉ mục cho bảng `moviegenre`
--
ALTER TABLE `moviegenre`
  ADD PRIMARY KEY (`GenreID`);

--
-- Chỉ mục cho bảng `movieimage`
--
ALTER TABLE `movieimage`
  ADD PRIMARY KEY (`ImageID`),
  ADD KEY `MovieID` (`MovieID`);

--
-- Chỉ mục cho bảng `promotion`
--
ALTER TABLE `promotion`
  ADD PRIMARY KEY (`PromotionID`);

--
-- Chỉ mục cho bảng `rating`
--
ALTER TABLE `rating`
  ADD PRIMARY KEY (`RatingID`),
  ADD KEY `MovieID` (`MovieID`),
  ADD KEY `CustomerID` (`CustomerID`);

--
-- Chỉ mục cho bảng `role`
--
ALTER TABLE `role`
  ADD PRIMARY KEY (`id`);

--
-- Chỉ mục cho bảng `room`
--
ALTER TABLE `room`
  ADD PRIMARY KEY (`RoomID`),
  ADD KEY `TheaterID` (`TheaterID`);

--
-- Chỉ mục cho bảng `seat`
--
ALTER TABLE `seat`
  ADD PRIMARY KEY (`SeatID`),
  ADD KEY `RoomID` (`RoomID`);

--
-- Chỉ mục cho bảng `showtime`
--
ALTER TABLE `showtime`
  ADD PRIMARY KEY (`ShowtimeID`),
  ADD KEY `MovieID` (`MovieID`),
  ADD KEY `RoomID` (`RoomID`),
  ADD KEY `FormatID` (`FormatID`);

--
-- Chỉ mục cho bảng `status_of_ticket`
--
ALTER TABLE `status_of_ticket`
  ADD PRIMARY KEY (`id`);

--
-- Chỉ mục cho bảng `studio`
--
ALTER TABLE `studio`
  ADD PRIMARY KEY (`StudioID`);

--
-- Chỉ mục cho bảng `theater`
--
ALTER TABLE `theater`
  ADD PRIMARY KEY (`TheaterID`);

--
-- Chỉ mục cho bảng `ticket`
--
ALTER TABLE `ticket`
  ADD PRIMARY KEY (`TicketID`),
  ADD KEY `ShowtimeID` (`ShowtimeID`),
  ADD KEY `SeatID` (`SeatID`),
  ADD KEY `status` (`status`);

--
-- Các ràng buộc cho các bảng đã đổ
--

--
-- Các ràng buộc cho bảng `account`
--
ALTER TABLE `account`
  ADD CONSTRAINT `account_ibfk_1` FOREIGN KEY (`role_id`) REFERENCES `role` (`id`);

--
-- Các ràng buộc cho bảng `actorof_movie`
--
ALTER TABLE `actorof_movie`
  ADD CONSTRAINT `actorof_movie_ibfk_1` FOREIGN KEY (`MovieID`) REFERENCES `movie` (`MovieID`);

--
-- Các ràng buộc cho bảng `booking`
--
ALTER TABLE `booking`
  ADD CONSTRAINT `booking_ibfk_1` FOREIGN KEY (`customer_id`) REFERENCES `customer` (`CustomerID`);

--
-- Các ràng buộc cho bảng `customer`
--
ALTER TABLE `customer`
  ADD CONSTRAINT `customer_ibfk_1` FOREIGN KEY (`account_id`) REFERENCES `account` (`id`);

--
-- Các ràng buộc cho bảng `detailmoviegenre`
--
ALTER TABLE `detailmoviegenre`
  ADD CONSTRAINT `detailmoviegenre_ibfk_1` FOREIGN KEY (`MovieID`) REFERENCES `movie` (`MovieID`),
  ADD CONSTRAINT `detailmoviegenre_ibfk_2` FOREIGN KEY (`GenreID`) REFERENCES `moviegenre` (`GenreID`);

--
-- Các ràng buộc cho bảng `detailticket`
--
ALTER TABLE `detailticket`
  ADD CONSTRAINT `detailticket_ibfk_1` FOREIGN KEY (`BookingID`) REFERENCES `booking` (`BookingID`),
  ADD CONSTRAINT `detailticket_ibfk_2` FOREIGN KEY (`TicketID`) REFERENCES `ticket` (`TicketID`);

--
-- Các ràng buộc cho bảng `errorreport`
--
ALTER TABLE `errorreport`
  ADD CONSTRAINT `errorreport_ibfk_1` FOREIGN KEY (`CustomerID`) REFERENCES `customer` (`CustomerID`);

--
-- Các ràng buộc cho bảng `manager`
--
ALTER TABLE `manager`
  ADD CONSTRAINT `manager_ibfk_1` FOREIGN KEY (`account_id`) REFERENCES `account` (`id`);

--
-- Các ràng buộc cho bảng `menudetail`
--
ALTER TABLE `menudetail`
  ADD CONSTRAINT `menudetail_ibfk_1` FOREIGN KEY (`ItemID`) REFERENCES `menu` (`ItemID`),
  ADD CONSTRAINT `menudetail_ibfk_2` FOREIGN KEY (`BookingID`) REFERENCES `booking` (`BookingID`);

--
-- Các ràng buộc cho bảng `movie`
--
ALTER TABLE `movie`
  ADD CONSTRAINT `movie_ibfk_1` FOREIGN KEY (`LanguageID`) REFERENCES `language` (`LanguageID`),
  ADD CONSTRAINT `movie_ibfk_2` FOREIGN KEY (`StudioID`) REFERENCES `studio` (`StudioID`);

--
-- Các ràng buộc cho bảng `movieimage`
--
ALTER TABLE `movieimage`
  ADD CONSTRAINT `movieimage_ibfk_1` FOREIGN KEY (`MovieID`) REFERENCES `movie` (`MovieID`);

--
-- Các ràng buộc cho bảng `rating`
--
ALTER TABLE `rating`
  ADD CONSTRAINT `rating_ibfk_1` FOREIGN KEY (`CustomerID`) REFERENCES `customer` (`CustomerID`);

--
-- Các ràng buộc cho bảng `room`
--
ALTER TABLE `room`
  ADD CONSTRAINT `room_ibfk_1` FOREIGN KEY (`TheaterID`) REFERENCES `theater` (`TheaterID`);

--
-- Các ràng buộc cho bảng `seat`
--
ALTER TABLE `seat`
  ADD CONSTRAINT `seat_ibfk_1` FOREIGN KEY (`RoomID`) REFERENCES `room` (`RoomID`);

--
-- Các ràng buộc cho bảng `showtime`
--
ALTER TABLE `showtime`
  ADD CONSTRAINT `showtime_ibfk_1` FOREIGN KEY (`FormatID`) REFERENCES `format` (`FormatID`),
  ADD CONSTRAINT `showtime_ibfk_2` FOREIGN KEY (`MovieID`) REFERENCES `movie` (`MovieID`),
  ADD CONSTRAINT `showtime_ibfk_3` FOREIGN KEY (`RoomID`) REFERENCES `room` (`RoomID`);

--
-- Các ràng buộc cho bảng `ticket`
--
ALTER TABLE `ticket`
  ADD CONSTRAINT `ticket_ibfk_1` FOREIGN KEY (`status`) REFERENCES `status_of_ticket` (`id`),
  ADD CONSTRAINT `ticket_ibfk_2` FOREIGN KEY (`SeatID`) REFERENCES `seat` (`SeatID`),
  ADD CONSTRAINT `ticket_ibfk_3` FOREIGN KEY (`ShowtimeID`) REFERENCES `showtime` (`ShowtimeID`);
COMMIT;

/*!40101 SET CHARACTER_SET_CLIENT=@OLD_CHARACTER_SET_CLIENT */;
/*!40101 SET CHARACTER_SET_RESULTS=@OLD_CHARACTER_SET_RESULTS */;
/*!40101 SET COLLATION_CONNECTION=@OLD_COLLATION_CONNECTION */;
